Passenger_ID,Date,vehicle_Type,Route,Departure_Time,Passenger_Count,Ticket_Price,Total_revenue,Day,Payment_Method
P101783,7/29/2025,Bus,Kandy - Colombo,19:00,56,410,22960,Tuesday,Mobile Payment
P103918,2/17/2025,Bus,Kandy - Colombo,18:00,83,470,39010,Monday,Cash
P100222,10/4/2025,Train,Colombo - Kurunegala,20:00,138,270,37260,Saturday,Card
P102136,7/8/2025,Train,Colombo - Kalutara,8:00,120,130,15600,Tuesday,Cash
P105225,12/23/2025,Bus,Colombo - Kalutara,19:00,56,190,10640,Tuesday,Cash
P101169,1/16/2025,Bus,Kandy - Colombo,8:30,58,420,24360,Thursday,Cash
P100880,3/25/2025,Bus,Colombo - Galle,18:30,40,430,17200,Tuesday,Card
P100157,2/24/2025,Train,Colombo - Kurunegala,17:00,171,270,46170,Monday,Card
P101658,4/5/2025,Bus,Colombo - Negombo,20:00,45,230,10350,Saturday,Mobile Payment
P100324,6/11/2025,Bus,Colombo - Kandy,14:00,37,490,18130,Wednesday,Cash
P105303,2/13/2025,Train,Kandy - Colombo,17:00,111,310,34410,Thursday,Cash
P102612,8/11/2025,Bus,Colombo - Kurunegala,21:00,66,320,21120,Monday,Card
P100812,1/1/2025,Train,Colombo - Ratnapura,6:30,143,240,34320,Wednesday,Card
P100394,4/20/2025,Train,Kandy - Colombo,18:30,175,350,61250,Sunday,Cash
P103594,4/9/2025,Train,Colombo - Kurunegala,20:00,83,280,23240,Wednesday,Cash
P102639,9/5/2025,Other,Colombo - Galle,20:00,29,450,13050,Friday,Card
P102188,5/19/2025,Train,Colombo - Ratnapura,7:00,193,240,46320,Monday,Card
P105352,8/4/2025,Other,Colombo - Galle,17:30,32,490,15680,Monday,Cash
P100320,11/15/2025,Bus,Colombo - Negombo,13:00,49,270,13230,Saturday,Card
P100168,8/28/2025,Bus,Colombo - Negombo,7:00,82,230,18860,Thursday,Cash
P100747,11/28/2025,Bus,Kurunegala - Dambulla,15:00,37,260,9620,Friday,Cash
P105471,1/13/2025,Train,Galle - Matara,8:00,128,140,17920,Monday,Cash
P103708,10/30/2025,Bus,Colombo - Ratnapura,18:30,51,320,16320,Thursday,Cash
P102765,5/4/2025,Bus,Kandy - Colombo,18:30,55,420,23100,Sunday,Cash
P105113,9/9/2025,Train,Colombo - Galle,16:00,125,290,36250,Tuesday,Cash
P104007,5/23/2025,Bus,Galle - Matara,19:00,53,200,10600,Friday,Cash
P101872,7/9/2025,Bus,Colombo - Negombo,21:00,36,270,9720,Wednesday,Cash
P105757,1/16/2025,Train,Colombo - Galle,20:00,105,300,31500,Thursday,Mobile Payment
P103194,2/8/2025,Bus,Kandy - Nuwara Eliya,17:00,53,320,16960,Saturday,Card
P103755,3/14/2025,Bus,Kandy - Colombo,12:00,37,470,17390,Friday,Card
P105626,8/20/2025,Train,Galle - Matara,10:00,113,160,18080,Wednesday,Cash
P104895,12/5/2025,Bus,Kandy - Colombo,7:00,56,490,27440,Friday,Mobile Payment
P104103,3/27/2025,Bus,Colombo - Galle,19:00,46,380,17480,Thursday,Cash
P101262,1/29/2025,Train,Colombo - Kalutara,7:30,86,130,11180,Wednesday,Cash
P102339,3/3/2025,Bus,Colombo - Negombo,6:30,50,270,13500,Monday,Card
P100085,10/21/2025,Bus,Galle - Matara,18:00,40,190,7600,Tuesday,Cash
P103822,4/5/2025,Bus,Colombo - Galle,7:30,50,380,19000,Saturday,Cash
P102654,1/22/2025,Bus,Colombo - Ratnapura,21:00,53,310,16430,Wednesday,Card
P105546,5/22/2025,Bus,Kandy - Nuwara Eliya,6:30,80,280,22400,Thursday,Cash
P102747,6/12/2025,Train,Colombo - Kandy,20:00,149,340,50660,Thursday,Cash
P102859,7/5/2025,Bus,Colombo - Negombo,19:00,53,230,12190,Saturday,Card
P100997,9/7/2025,Other,Kandy - Colombo,13:00,31,550,17050,Sunday,Mobile Payment
P100229,7/3/2025,Train,Colombo - Kandy,10:00,60,310,18600,Thursday,Cash
P103265,7/18/2025,Train,Galle - Matara,6:30,162,140,22680,Friday,Card
P104829,2/28/2025,Bus,Colombo - Negombo,20:00,55,270,14850,Friday,Card
P103943,12/30/2025,Bus,Colombo - Galle,7:00,62,410,25420,Tuesday,Cash
P105460,10/7/2025,Other,Colombo - Galle,13:00,45,520,23400,Tuesday,Mobile Payment
P103833,9/3/2025,Train,Galle - Matara,20:00,104,140,14560,Wednesday,Card
P101653,6/26/2025,Bus,Colombo - Kalutara,20:00,29,180,5220,Thursday,Mobile Payment
P100080,4/19/2025,Bus,Colombo - Ratnapura,6:30,53,280,14840,Saturday,Cash
P100965,8/10/2025,Bus,Colombo - Kandy,8:00,59,430,25370,Sunday,Cash
P100927,5/17/2025,Bus,Kurunegala - Dambulla,7:30,38,230,8740,Saturday,Cash
P100795,2/18/2025,Bus,Colombo - Ratnapura,21:00,55,290,15950,Tuesday,Card
P103380,8/9/2025,Train,Kurunegala - Dambulla,15:00,121,190,22990,Saturday,Mobile Payment
P103165,8/19/2025,Bus,Colombo - Negombo,16:00,40,250,10000,Tuesday,Card
P104658,4/26/2025,Bus,Colombo - Kalutara,20:00,34,190,6460,Saturday,Mobile Payment
P103312,3/9/2025,Train,Colombo - Galle,6:30,243,320,77760,Sunday,Mobile Payment
P103935,12/31/2025,Bus,Colombo - Kurunegala,11:00,43,340,14620,Wednesday,Mobile Payment
P101075,5/27/2025,Other,Galle - Matara,16:00,15,250,3750,Tuesday,Cash
P104841,12/22/2025,Other,Colombo - Kurunegala,17:00,20,430,8600,Monday,Cash
P104184,6/14/2025,Bus,Colombo - Galle,8:30,59,360,21240,Saturday,Mobile Payment
P102025,11/12/2025,Bus,Colombo - Kandy,18:30,73,430,31390,Wednesday,Cash
P105678,9/22/2025,Bus,Galle - Matara,8:30,117,190,22230,Monday,Cash
P104635,1/23/2025,Bus,Kandy - Colombo,18:00,68,470,31960,Thursday,Card
P101746,3/8/2025,Bus,Kandy - Nuwara Eliya,13:00,47,280,13160,Saturday,Cash
P103144,7/11/2025,Bus,Kandy - Nuwara Eliya,12:00,53,290,15370,Friday,Cash
P103264,11/3/2025,Bus,Colombo - Kurunegala,6:30,22,370,8140,Monday,Mobile Payment
P103122,9/7/2025,Bus,Colombo - Ratnapura,17:00,58,280,16240,Sunday,Cash
P101452,3/31/2025,Train,Colombo - Kurunegala,15:00,102,270,27540,Monday,Cash
P100440,7/9/2025,Bus,Colombo - Kalutara,6:30,41,160,6560,Wednesday,Cash
P103317,5/21/2025,Bus,Colombo - Kalutara,11:00,35,160,5600,Wednesday,Mobile Payment
P104544,1/31/2025,Bus,Colombo - Kurunegala,16:00,18,350,6300,Friday,Cash
P102982,6/29/2025,Bus,Colombo - Kurunegala,18:00,37,320,11840,Sunday,Cash
P102081,6/1/2025,Bus,Colombo - Kurunegala,8:00,59,340,20060,Sunday,Cash
P104021,7/31/2025,Bus,Colombo - Kurunegala,17:30,57,360,20520,Thursday,Cash
P101455,6/16/2025,Bus,Colombo - Kurunegala,14:00,52,380,19760,Monday,Cash
P100255,12/3/2025,Bus,Colombo - Kurunegala,17:00,50,340,17000,Wednesday,Cash
P100466,4/15/2025,Bus,Colombo - Ratnapura,6:30,62,320,19840,Tuesday,Card
P102118,3/25/2025,Train,Kandy - Colombo,14:00,49,320,15680,Tuesday,Cash
P100507,4/28/2025,Other,Kandy - Colombo,17:30,37,500,18500,Monday,Card
P104272,9/23/2025,Other,Kandy - Colombo,17:30,20,580,11600,Tuesday,Cash
P104289,9/12/2025,Bus,Kurunegala - Dambulla,18:00,66,260,17160,Friday,Cash
P104214,12/18/2025,Bus,Colombo - Ratnapura,9:00,28,280,7840,Thursday,Card
P100234,3/10/2025,Bus,Colombo - Galle,14:00,40,370,14800,Monday,Cash
P100554,12/31/2025,Train,Galle - Matara,17:00,116,140,16240,Wednesday,Cash
P105315,12/7/2025,Bus,Galle - Matara,18:30,56,220,12320,Sunday,Cash
P100545,4/1/2025,Train,Colombo - Negombo,16:00,131,190,24890,Tuesday,Cash
P103701,12/1/2025,Train,Colombo - Kandy,19:00,184,330,60720,Monday,Cash
P103541,8/6/2025,Bus,Colombo - Kandy,6:30,37,450,16650,Wednesday,Card
P102789,8/1/2025,Other,Colombo - Negombo,17:00,27,320,8640,Friday,Mobile Payment
P102865,5/31/2025,Bus,Kurunegala - Dambulla,21:00,31,240,7440,Saturday,Cash
P102084,2/20/2025,Other,Kandy - Colombo,7:30,21,540,11340,Thursday,Cash
P105543,9/7/2025,Train,Colombo - Ratnapura,19:00,135,220,29700,Sunday,Card
P100309,1/12/2025,Train,Colombo - Galle,7:00,72,280,20160,Sunday,Card
P100711,3/22/2025,Train,Kandy - Nuwara Eliya,7:00,146,210,30660,Saturday,Cash
P104104,2/15/2025,Bus,Kandy - Nuwara Eliya,10:00,42,310,13020,Saturday,Card
P101581,2/17/2025,Bus,Kandy - Colombo,8:00,43,470,20210,Monday,Card
P101311,9/19/2025,Bus,Colombo - Kalutara,8:00,63,170,10710,Friday,Card
P100626,2/5/2025,Bus,Colombo - Kurunegala,17:30,45,330,14850,Wednesday,Card
P100024,5/14/2025,Bus,Kurunegala - Dambulla,12:00,55,240,13200,Wednesday,Mobile Payment
P102532,1/7/2025,Train,Colombo - Ratnapura,8:00,82,210,17220,Tuesday,Card
P101871,2/25/2025,Train,Colombo - Kandy,15:00,185,340,62900,Tuesday,Cash
P105111,2/17/2025,Other,Kurunegala - Dambulla,9:00,24,310,7440,Monday,Mobile Payment
P103489,11/6/2025,Bus,Colombo - Kalutara,18:00,57,170,9690,Thursday,Cash
P101171,5/16/2025,Train,Kandy - Colombo,20:00,125,360,45000,Friday,Cash
P104746,7/28/2025,Bus,Colombo - Ratnapura,15:00,47,300,14100,Monday,Cash
P102119,7/11/2025,Bus,Colombo - Negombo,14:00,33,270,8910,Friday,Card
P103019,8/11/2025,Bus,Kandy - Colombo,10:00,47,490,23030,Monday,Card
P101195,4/24/2025,Bus,Colombo - Kandy,18:00,52,470,24440,Thursday,Cash
P102246,7/11/2025,Bus,Colombo - Kalutara,8:00,69,190,13110,Friday,Card
P102874,11/19/2025,Bus,Kandy - Nuwara Eliya,7:00,42,270,11340,Wednesday,Cash
P105640,3/24/2025,Bus,Colombo - Negombo,10:00,36,270,9720,Monday,Cash
P102550,10/5/2025,Bus,Kurunegala - Dambulla,8:00,39,270,10530,Sunday,Mobile Payment
P103155,3/27/2025,Bus,Colombo - Kandy,18:00,65,410,26650,Thursday,Mobile Payment
P100094,5/21/2025,Train,Kandy - Colombo,12:00,92,320,29440,Wednesday,Mobile Payment
P102078,1/14/2025,Bus,Colombo - Ratnapura,8:00,59,290,17110,Tuesday,Cash
P100470,10/26/2025,Other,Kandy - Colombo,19:00,12,550,6600,Sunday,Mobile Payment
P100788,2/19/2025,Bus,Colombo - Galle,8:00,57,440,25080,Wednesday,Cash
P101700,12/12/2025,Bus,Colombo - Kandy,15:00,37,460,17020,Friday,Card
P101838,12/7/2025,Bus,Colombo - Kandy,10:00,19,410,7790,Sunday,Cash
P103064,5/26/2025,Train,Colombo - Kurunegala,13:00,121,260,31460,Monday,Cash
P101707,4/5/2025,Train,Colombo - Ratnapura,10:00,140,210,29400,Saturday,Card
P103968,9/9/2025,Bus,Colombo - Galle,11:00,65,400,26000,Tuesday,Card
P103863,3/1/2025,Bus,Galle - Matara,11:00,42,190,7980,Saturday,Cash
P103665,6/26/2025,Train,Kandy - Nuwara Eliya,11:00,99,240,23760,Thursday,Cash
P105892,11/5/2025,Train,Colombo - Ratnapura,7:00,222,200,44400,Wednesday,Cash
P103205,9/28/2025,Train,Colombo - Ratnapura,19:00,213,240,51120,Sunday,Cash
P100605,2/15/2025,Bus,Kandy - Colombo,16:00,20,460,9200,Saturday,Card
P104943,5/1/2025,Train,Colombo - Kurunegala,17:30,105,290,30450,Thursday,Cash
P101551,5/21/2025,Other,Kurunegala - Dambulla,7:00,17,320,5440,Wednesday,Mobile Payment
P104709,11/26/2025,Train,Colombo - Ratnapura,20:00,64,240,15360,Wednesday,Cash
P104835,6/20/2025,Bus,Colombo - Ratnapura,18:30,58,320,18560,Friday,Card
P103186,6/23/2025,Bus,Kandy - Nuwara Eliya,8:30,29,310,8990,Monday,Card
P104387,2/7/2025,Other,Kandy - Colombo,18:00,35,490,17150,Friday,Card
P101587,12/24/2025,Train,Colombo - Kandy,12:00,173,330,57090,Wednesday,Mobile Payment
P103120,4/26/2025,Bus,Colombo - Kalutara,17:30,60,190,11400,Saturday,Cash
P103400,8/14/2025,Train,Kurunegala - Dambulla,18:00,20,200,4000,Thursday,Cash
P100402,1/6/2025,Other,Colombo - Kandy,15:00,28,540,15120,Monday,Card
P100032,8/29/2025,Bus,Colombo - Ratnapura,9:00,51,270,13770,Friday,Mobile Payment
P101484,5/14/2025,Bus,Colombo - Ratnapura,15:00,41,330,13530,Wednesday,Cash
P102681,1/18/2025,Bus,Colombo - Kurunegala,7:00,30,350,10500,Saturday,Mobile Payment
P100600,9/10/2025,Bus,Colombo - Galle,18:30,73,400,29200,Wednesday,Mobile Payment
P103150,12/25/2025,Bus,Kandy - Colombo,12:00,29,480,13920,Thursday,Mobile Payment
P105545,3/15/2025,Train,Kandy - Nuwara Eliya,7:00,132,240,31680,Saturday,Mobile Payment
P101861,7/9/2025,Train,Colombo - Negombo,20:00,83,190,15770,Wednesday,Cash
P100566,12/9/2025,Train,Colombo - Kurunegala,7:30,245,240,58800,Tuesday,Cash
P102214,8/21/2025,Other,Colombo - Kurunegala,16:00,18,410,7380,Thursday,Cash
P101967,8/29/2025,Bus,Colombo - Negombo,17:00,70,240,16800,Friday,Cash
P100866,2/28/2025,Train,Colombo - Kalutara,13:00,137,140,19180,Friday,Cash
P104608,8/22/2025,Bus,Colombo - Ratnapura,8:00,54,280,15120,Friday,Mobile Payment
P102451,12/26/2025,Bus,Colombo - Kurunegala,15:00,37,380,14060,Friday,Cash
P105693,1/31/2025,Train,Galle - Matara,16:00,108,160,17280,Friday,Cash
P100813,8/4/2025,Bus,Colombo - Galle,18:00,42,360,15120,Monday,Cash
P101478,6/25/2025,Train,Galle - Matara,9:00,124,140,17360,Wednesday,Cash
P104735,10/26/2025,Bus,Colombo - Negombo,18:30,68,240,16320,Sunday,Cash
P102272,12/5/2025,Bus,Colombo - Kalutara,6:30,57,180,10260,Friday,Card
P101039,8/4/2025,Bus,Colombo - Kalutara,17:00,77,180,13860,Monday,Cash
P104527,3/10/2025,Train,Kandy - Colombo,14:00,120,310,37200,Monday,Cash
P100081,2/13/2025,Train,Colombo - Kandy,6:30,61,350,21350,Thursday,Cash
P101205,8/11/2025,Bus,Kandy - Colombo,16:00,18,490,8820,Monday,Mobile Payment
P103286,11/23/2025,Bus,Kandy - Colombo,21:00,41,420,17220,Sunday,Card
P101546,11/7/2025,Bus,Kandy - Nuwara Eliya,17:00,44,320,14080,Friday,Cash
P100178,5/10/2025,Bus,Colombo - Galle,15:00,64,370,23680,Saturday,Cash
P102586,10/8/2025,Train,Colombo - Ratnapura,17:00,209,220,45980,Wednesday,Card
P105993,7/30/2025,Bus,Colombo - Kurunegala,14:00,32,320,10240,Wednesday,Card
P104864,12/24/2025,Bus,Kandy - Colombo,21:00,35,420,14700,Wednesday,Card
P101439,4/10/2025,Bus,Colombo - Galle,7:30,43,390,16770,Thursday,Card
P100297,4/7/2025,Train,Kurunegala - Dambulla,18:00,169,190,32110,Monday,Cash
P103616,6/17/2025,Bus,Colombo - Kandy,7:00,35,490,17150,Tuesday,Card
P103648,12/23/2025,Bus,Colombo - Kalutara,8:30,64,190,12160,Tuesday,Cash
P100158,7/14/2025,Train,Colombo - Kandy,7:00,173,310,53630,Monday,Card
P101028,1/20/2025,Train,Colombo - Galle,18:00,190,290,55100,Monday,Cash
P100411,12/19/2025,Bus,Kandy - Colombo,9:00,53,410,21730,Friday,Cash
P103959,5/24/2025,Bus,Colombo - Kurunegala,19:00,22,360,7920,Saturday,Cash
P105938,7/12/2025,Bus,Colombo - Galle,7:00,72,380,27360,Saturday,Mobile Payment
P104957,10/22/2025,Bus,Kurunegala - Dambulla,11:00,48,230,11040,Wednesday,Card
P104757,3/21/2025,Bus,Colombo - Kandy,18:30,60,490,29400,Friday,Cash
P105448,3/26/2025,Train,Kandy - Nuwara Eliya,15:00,141,240,33840,Wednesday,Cash
P102182,6/9/2025,Bus,Kandy - Colombo,16:00,61,450,27450,Monday,Mobile Payment
P105809,4/30/2025,Train,Colombo - Ratnapura,9:00,152,200,30400,Wednesday,Card
P100811,2/22/2025,Other,Galle - Matara,13:00,17,240,4080,Saturday,Cash
P104916,10/8/2025,Other,Colombo - Kalutara,13:00,24,230,5520,Wednesday,Card
P104954,9/5/2025,Train,Colombo - Galle,20:00,134,300,40200,Friday,Mobile Payment
P103734,3/7/2025,Bus,Colombo - Kurunegala,14:00,54,320,17280,Friday,Mobile Payment
P105164,12/9/2025,Bus,Colombo - Kandy,18:00,91,440,40040,Tuesday,Card
P102978,5/1/2025,Bus,Colombo - Kalutara,10:00,58,190,11020,Thursday,Card
P103796,1/17/2025,Train,Galle - Matara,17:30,135,160,21600,Friday,Cash
P102169,8/19/2025,Train,Kurunegala - Dambulla,19:00,177,180,31860,Tuesday,Cash
P103078,6/22/2025,Bus,Colombo - Ratnapura,20:00,45,280,12600,Sunday,Card
P101695,1/22/2025,Bus,Colombo - Galle,7:00,43,370,15910,Wednesday,Cash
P101025,7/28/2025,Other,Colombo - Kandy,19:00,58,520,30160,Monday,Cash
P103947,9/20/2025,Train,Kandy - Nuwara Eliya,9:00,126,230,28980,Saturday,Cash
P102125,5/16/2025,Other,Colombo - Kalutara,7:00,27,200,5400,Friday,Mobile Payment
P105295,11/19/2025,Train,Colombo - Kandy,20:00,141,360,50760,Wednesday,Cash
P102705,1/25/2025,Train,Colombo - Kandy,7:30,159,330,52470,Saturday,Cash
P101034,9/3/2025,Bus,Kandy - Colombo,18:00,72,450,32400,Wednesday,Card
P105872,1/8/2025,Bus,Colombo - Galle,14:00,30,440,13200,Wednesday,Cash
P105365,12/26/2025,Bus,Colombo - Kalutara,14:00,49,170,8330,Friday,Card
P104160,8/26/2025,Train,Kandy - Colombo,16:00,104,370,38480,Tuesday,Cash
P101701,7/14/2025,Other,Colombo - Kalutara,21:00,18,230,4140,Monday,Mobile Payment
P102914,1/26/2025,Other,Colombo - Galle,15:00,8,480,3840,Sunday,Card
P104879,6/12/2025,Bus,Colombo - Kandy,10:00,48,430,20640,Thursday,Mobile Payment
P103321,6/4/2025,Bus,Colombo - Kalutara,13:00,23,180,4140,Wednesday,Card
P105027,12/30/2025,Bus,Colombo - Kandy,14:00,54,450,24300,Tuesday,Card
P102583,10/20/2025,Bus,Kandy - Colombo,16:00,40,440,17600,Monday,Mobile Payment
P105284,5/19/2025,Train,Colombo - Galle,11:00,66,300,19800,Monday,Card
P104251,10/10/2025,Bus,Colombo - Galle,12:00,29,400,11600,Friday,Cash
P101187,8/26/2025,Train,Kurunegala - Dambulla,19:00,60,170,10200,Tuesday,Cash
P103738,8/7/2025,Train,Colombo - Kurunegala,20:00,112,260,29120,Thursday,Card
P100784,4/27/2025,Bus,Colombo - Negombo,10:00,50,260,13000,Sunday,Mobile Payment
P104403,1/5/2025,Bus,Kurunegala - Dambulla,7:00,57,270,15390,Sunday,Card
P100051,7/11/2025,Other,Colombo - Negombo,21:00,24,280,6720,Friday,Cash
P100713,11/18/2025,Bus,Colombo - Ratnapura,17:00,66,280,18480,Tuesday,Card
P102307,9/23/2025,Bus,Colombo - Kalutara,18:00,39,180,7020,Tuesday,Mobile Payment
P103868,1/19/2025,Train,Colombo - Negombo,11:00,108,200,21600,Sunday,Mobile Payment
P102447,8/16/2025,Bus,Kandy - Colombo,10:00,30,490,14700,Saturday,Cash
P102241,8/6/2025,Train,Colombo - Kurunegala,17:30,154,240,36960,Wednesday,Cash
P104604,4/23/2025,Bus,Colombo - Kurunegala,11:00,35,320,11200,Wednesday,Mobile Payment
P104791,5/26/2025,Bus,Galle - Matara,18:30,48,210,10080,Monday,Cash
P103104,1/14/2025,Bus,Colombo - Kurunegala,11:00,53,330,17490,Tuesday,Mobile Payment
P105567,10/29/2025,Train,Colombo - Kandy,17:00,133,340,45220,Wednesday,Card
P100677,5/15/2025,Bus,Colombo - Kandy,8:00,52,460,23920,Thursday,Cash
P105557,10/27/2025,Bus,Colombo - Kalutara,15:00,29,160,4640,Monday,Cash
P103640,9/11/2025,Bus,Kurunegala - Dambulla,16:00,34,240,8160,Thursday,Cash
P102695,7/26/2025,Other,Colombo - Galle,21:00,14,500,7000,Saturday,Cash
P102996,5/14/2025,Train,Colombo - Kalutara,18:30,186,140,26040,Wednesday,Cash
P101563,10/22/2025,Train,Colombo - Ratnapura,20:00,80,240,19200,Wednesday,Cash
P103650,11/2/2025,Other,Colombo - Galle,10:00,27,490,13230,Sunday,Cash
P102466,7/16/2025,Bus,Colombo - Negombo,17:30,87,270,23490,Wednesday,Cash
P100347,3/12/2025,Train,Galle - Matara,6:30,156,150,23400,Wednesday,Mobile Payment
P101497,11/14/2025,Train,Colombo - Ratnapura,17:30,63,210,13230,Friday,Cash
P102345,5/13/2025,Other,Kandy - Colombo,10:00,23,550,12650,Tuesday,Card
P103906,8/2/2025,Bus,Kandy - Nuwara Eliya,11:00,34,300,10200,Saturday,Mobile Payment
P103659,6/25/2025,Train,Colombo - Galle,12:00,86,290,24940,Wednesday,Cash
P100623,10/2/2025,Bus,Kandy - Colombo,15:00,49,420,20580,Thursday,Cash
P104097,2/22/2025,Bus,Kurunegala - Dambulla,7:00,36,240,8640,Saturday,Mobile Payment
P101401,12/22/2025,Bus,Colombo - Kalutara,20:00,41,180,7380,Monday,Mobile Payment
P103298,6/1/2025,Bus,Colombo - Galle,10:00,54,420,22680,Sunday,Mobile Payment
P103986,11/14/2025,Other,Galle - Matara,12:00,10,240,2400,Friday,Card
P105182,8/30/2025,Train,Galle - Matara,9:00,99,160,15840,Saturday,Card
P104618,11/21/2025,Train,Kandy - Colombo,7:30,100,330,33000,Friday,Cash
P100325,10/22/2025,Other,Kandy - Colombo,20:00,17,570,9690,Wednesday,Card
P102998,10/30/2025,Bus,Galle - Matara,7:00,63,210,13230,Thursday,Card
P100038,9/20/2025,Bus,Colombo - Galle,14:00,50,390,19500,Saturday,Cash
P105375,10/1/2025,Bus,Colombo - Kandy,6:30,55,410,22550,Wednesday,Card
P104185,5/6/2025,Bus,Colombo - Kalutara,8:00,42,180,7560,Tuesday,Mobile Payment
P100531,9/18/2025,Train,Galle - Matara,21:00,116,160,18560,Thursday,Mobile Payment
P102643,9/7/2025,Train,Galle - Matara,19:00,135,160,21600,Sunday,Mobile Payment
P103681,9/8/2025,Train,Colombo - Ratnapura,13:00,108,240,25920,Monday,Card
P102349,7/17/2025,Train,Galle - Matara,13:00,96,140,13440,Thursday,Cash
P102785,8/22/2025,Train,Colombo - Kalutara,6:30,172,140,24080,Friday,Card
P105493,4/29/2025,Train,Colombo - Kalutara,10:00,77,130,10010,Tuesday,Cash
P102226,2/8/2025,Bus,Colombo - Ratnapura,19:00,65,300,19500,Saturday,Card
P101074,4/15/2025,Bus,Colombo - Negombo,18:30,47,240,11280,Tuesday,Cash
P101198,12/5/2025,Other,Galle - Matara,13:00,31,250,7750,Friday,Card
P105139,8/26/2025,Train,Kurunegala - Dambulla,21:00,90,180,16200,Tuesday,Cash
P100264,3/8/2025,Bus,Kandy - Nuwara Eliya,12:00,28,300,8400,Saturday,Card
P101730,5/14/2025,Train,Galle - Matara,8:30,172,160,27520,Wednesday,Card
P105329,9/11/2025,Bus,Colombo - Negombo,17:00,35,260,9100,Thursday,Card
P100908,11/26/2025,Bus,Kandy - Nuwara Eliya,8:00,48,320,15360,Wednesday,Cash
P101336,10/31/2025,Train,Kandy - Colombo,11:00,93,350,32550,Friday,Cash
P101394,11/16/2025,Bus,Kandy - Colombo,18:30,51,430,21930,Sunday,Card
P100961,12/17/2025,Bus,Colombo - Kalutara,20:00,49,190,9310,Wednesday,Card
P100240,9/22/2025,Bus,Colombo - Galle,8:00,70,370,25900,Monday,Card
P100200,8/31/2025,Train,Colombo - Negombo,16:00,167,180,30060,Sunday,Card
P102418,12/2/2025,Bus,Colombo - Ratnapura,18:00,70,320,22400,Tuesday,Cash
P105470,12/12/2025,Bus,Colombo - Kandy,12:00,67,410,27470,Friday,Card
P104311,8/25/2025,Bus,Kurunegala - Dambulla,18:00,57,230,13110,Monday,Cash
P104715,5/27/2025,Bus,Colombo - Ratnapura,19:00,58,270,15660,Tuesday,Card
P105791,3/12/2025,Bus,Kurunegala - Dambulla,18:30,72,260,18720,Wednesday,Card
P100326,2/10/2025,Train,Colombo - Kurunegala,9:00,141,250,35250,Monday,Mobile Payment
P102678,5/16/2025,Bus,Galle - Matara,6:30,54,200,10800,Friday,Mobile Payment
P105824,6/29/2025,Train,Colombo - Kalutara,18:00,209,140,29260,Sunday,Card
P104419,8/3/2025,Bus,Galle - Matara,7:00,70,210,14700,Sunday,Card
P100102,2/2/2025,Train,Kurunegala - Dambulla,8:00,128,170,21760,Sunday,Cash
P101738,6/8/2025,Bus,Colombo - Kalutara,21:00,52,190,9880,Sunday,Card
P105262,12/20/2025,Train,Colombo - Galle,15:00,89,290,25810,Saturday,Cash
P100878,11/12/2025,Train,Kandy - Colombo,7:30,105,370,38850,Wednesday,Card
P105893,3/24/2025,Bus,Colombo - Kurunegala,20:00,37,350,12950,Monday,Mobile Payment
P100409,3/8/2025,Other,Colombo - Ratnapura,9:00,22,370,8140,Saturday,Cash
P103746,8/20/2025,Bus,Colombo - Kalutara,19:00,43,190,8170,Wednesday,Cash
P101245,10/8/2025,Train,Colombo - Kandy,18:30,153,350,53550,Wednesday,Card
P102288,2/26/2025,Bus,Colombo - Kandy,8:30,65,470,30550,Wednesday,Cash
P101355,9/3/2025,Bus,Colombo - Kandy,20:00,30,460,13800,Wednesday,Cash
P102858,6/21/2025,Bus,Colombo - Galle,14:00,49,400,19600,Saturday,Card
P100894,2/3/2025,Bus,Colombo - Kurunegala,18:00,49,380,18620,Monday,Card
P101182,4/28/2025,Bus,Colombo - Ratnapura,13:00,61,300,18300,Monday,Card
P104656,3/1/2025,Bus,Colombo - Kalutara,6:30,44,160,7040,Saturday,Cash
P105323,3/18/2025,Bus,Colombo - Kandy,9:00,26,480,12480,Tuesday,Card
P103699,10/22/2025,Other,Kandy - Nuwara Eliya,11:00,21,390,8190,Wednesday,Mobile Payment
P104467,9/29/2025,Bus,Colombo - Kandy,7:30,61,480,29280,Monday,Card
P104326,6/10/2025,Other,Kandy - Nuwara Eliya,15:00,16,380,6080,Tuesday,Cash
P100731,10/18/2025,Bus,Colombo - Galle,12:00,18,410,7380,Saturday,Card
P101033,6/28/2025,Bus,Galle - Matara,19:00,57,210,11970,Saturday,Mobile Payment
P103067,4/29/2025,Bus,Colombo - Kandy,20:00,13,470,6110,Tuesday,Cash
P105659,1/17/2025,Other,Colombo - Kalutara,8:30,34,220,7480,Friday,Card
P104897,7/6/2025,Bus,Kandy - Colombo,6:30,67,430,28810,Sunday,Card
P100978,8/21/2025,Bus,Kandy - Nuwara Eliya,14:00,36,290,10440,Thursday,Cash
P104970,5/31/2025,Bus,Galle - Matara,6:30,64,210,13440,Saturday,Cash
P102623,1/29/2025,Bus,Kandy - Colombo,6:30,71,440,31240,Wednesday,Card
P101226,8/7/2025,Train,Kandy - Nuwara Eliya,6:30,159,220,34980,Thursday,Mobile Payment
P101210,11/12/2025,Other,Colombo - Ratnapura,15:00,20,360,7200,Wednesday,Cash
P105481,9/29/2025,Train,Kurunegala - Dambulla,18:30,181,190,34390,Monday,Card
P100587,12/23/2025,Bus,Kurunegala - Dambulla,17:30,51,250,12750,Tuesday,Cash
P105455,8/30/2025,Train,Kandy - Nuwara Eliya,17:30,106,230,24380,Saturday,Card
P102821,1/17/2025,Other,Kandy - Nuwara Eliya,6:30,62,390,24180,Friday,Cash
P105756,12/31/2025,Bus,Galle - Matara,10:00,26,200,5200,Wednesday,Cash
P102719,12/10/2025,Train,Kandy - Nuwara Eliya,15:00,166,240,39840,Wednesday,Mobile Payment
P105625,3/22/2025,Bus,Kurunegala - Dambulla,18:30,60,240,14400,Saturday,Card
P101761,3/15/2025,Bus,Colombo - Kurunegala,11:00,44,330,14520,Saturday,Cash
P103050,3/31/2025,Bus,Colombo - Ratnapura,15:00,47,290,13630,Monday,Card
P101870,6/1/2025,Train,Kandy - Colombo,8:00,105,330,34650,Sunday,Cash
P101545,6/2/2025,Other,Kurunegala - Dambulla,18:30,56,290,16240,Monday,Cash
P100473,4/24/2025,Bus,Colombo - Ratnapura,8:00,78,280,21840,Thursday,Mobile Payment
P105240,7/7/2025,Bus,Colombo - Galle,10:00,14,390,5460,Monday,Mobile Payment
P101159,6/10/2025,Train,Galle - Matara,21:00,136,140,19040,Tuesday,Card
P100133,12/4/2025,Bus,Kandy - Colombo,17:00,52,420,21840,Thursday,Card
P101537,10/16/2025,Bus,Colombo - Kalutara,21:00,27,190,5130,Thursday,Card
P102489,10/13/2025,Train,Colombo - Kandy,16:00,95,330,31350,Monday,Mobile Payment
P101633,9/3/2025,Train,Galle - Matara,8:00,180,160,28800,Wednesday,Cash
P101322,1/25/2025,Bus,Kurunegala - Dambulla,8:30,50,250,12500,Saturday,Cash
P105428,5/5/2025,Bus,Colombo - Negombo,7:30,27,230,6210,Monday,Cash
P101189,3/15/2025,Bus,Colombo - Kandy,21:00,35,460,16100,Saturday,Cash
P104379,7/6/2025,Bus,Colombo - Kurunegala,7:00,72,360,25920,Sunday,Cash
P103972,4/20/2025,Bus,Colombo - Kurunegala,15:00,20,380,7600,Sunday,Mobile Payment
P104817,10/26/2025,Other,Galle - Matara,10:00,20,230,4600,Sunday,Cash
P100682,11/30/2025,Bus,Kandy - Colombo,17:00,49,420,20580,Sunday,Card
P101778,4/25/2025,Bus,Kandy - Nuwara Eliya,12:00,30,290,8700,Friday,Card
P104406,4/22/2025,Train,Colombo - Kandy,16:00,85,310,26350,Tuesday,Cash
P104601,3/2/2025,Bus,Kandy - Nuwara Eliya,13:00,44,330,14520,Sunday,Cash
P104563,9/25/2025,Train,Kandy - Colombo,10:00,155,330,51150,Thursday,Cash
P102903,3/4/2025,Bus,Colombo - Kurunegala,21:00,28,380,10640,Tuesday,Cash
P105687,10/26/2025,Bus,Colombo - Galle,7:00,60,440,26400,Sunday,Cash
P103552,11/8/2025,Bus,Kurunegala - Dambulla,7:00,33,250,8250,Saturday,Cash
P105643,4/5/2025,Bus,Colombo - Kandy,11:00,66,490,32340,Saturday,Cash
P101375,8/27/2025,Bus,Colombo - Kalutara,8:30,77,170,13090,Wednesday,Cash
P101946,3/26/2025,Bus,Colombo - Negombo,12:00,34,270,9180,Wednesday,Cash
P100169,4/16/2025,Bus,Colombo - Negombo,7:00,60,260,15600,Wednesday,Card
P104072,1/28/2025,Train,Galle - Matara,19:00,159,160,25440,Tuesday,Cash
P104748,7/25/2025,Bus,Colombo - Galle,17:30,84,390,32760,Friday,Cash
P100502,8/22/2025,Bus,Galle - Matara,17:00,42,210,8820,Friday,Card
P101804,4/29/2025,Bus,Kurunegala - Dambulla,21:00,59,250,14750,Tuesday,Cash
P100882,8/3/2025,Train,Kurunegala - Dambulla,7:00,116,190,22040,Sunday,Cash
P100707,4/23/2025,Bus,Galle - Matara,15:00,48,190,9120,Wednesday,Card
P103367,7/2/2025,Bus,Colombo - Galle,20:00,32,430,13760,Wednesday,Card
P102324,8/17/2025,Bus,Colombo - Galle,7:30,79,410,32390,Sunday,Cash
P102894,10/31/2025,Train,Kandy - Colombo,7:00,75,320,24000,Friday,Card
P103817,1/6/2025,Bus,Galle - Matara,12:00,41,200,8200,Monday,Mobile Payment
P102560,9/3/2025,Bus,Colombo - Negombo,19:00,63,260,16380,Wednesday,Cash
P100231,10/14/2025,Train,Colombo - Kurunegala,10:00,118,290,34220,Tuesday,Mobile Payment
P105092,2/6/2025,Bus,Colombo - Kurunegala,19:00,38,320,12160,Thursday,Card
P101555,1/26/2025,Bus,Colombo - Galle,9:00,37,360,13320,Sunday,Cash
P104240,8/20/2025,Bus,Colombo - Kalutara,7:30,69,200,13800,Wednesday,Cash
P105095,2/18/2025,Bus,Colombo - Kandy,19:00,64,470,30080,Tuesday,Cash
P104787,10/4/2025,Train,Kandy - Nuwara Eliya,18:00,119,200,23800,Saturday,Cash
P103602,4/16/2025,Train,Kurunegala - Dambulla,11:00,148,190,28120,Wednesday,Card
P105218,5/5/2025,Train,Colombo - Negombo,8:00,133,200,26600,Monday,Cash
P105076,4/25/2025,Bus,Colombo - Kandy,7:30,66,460,30360,Friday,Card
P100018,1/3/2025,Bus,Colombo - Negombo,17:30,71,240,17040,Friday,Card
P105176,3/7/2025,Train,Colombo - Kurunegala,20:00,88,240,21120,Friday,Card
P102869,4/5/2025,Bus,Colombo - Ratnapura,7:30,50,330,16500,Saturday,Cash
P101655,11/26/2025,Bus,Colombo - Negombo,18:00,72,250,18000,Wednesday,Card
P101130,11/22/2025,Bus,Colombo - Galle,7:00,82,410,33620,Saturday,Cash
P102330,4/18/2025,Bus,Colombo - Kalutara,17:00,48,170,8160,Friday,Cash
P101091,7/28/2025,Other,Colombo - Kurunegala,13:00,36,420,15120,Monday,Cash
P105604,12/4/2025,Train,Colombo - Kalutara,17:00,83,130,10790,Thursday,Cash
P104459,10/20/2025,Bus,Kandy - Colombo,6:30,38,470,17860,Monday,Mobile Payment
P101499,7/8/2025,Bus,Kandy - Nuwara Eliya,13:00,42,320,13440,Tuesday,Mobile Payment
P103034,2/20/2025,Bus,Kandy - Nuwara Eliya,18:00,54,290,15660,Thursday,Cash
P101882,5/3/2025,Train,Kurunegala - Dambulla,18:00,124,170,21080,Saturday,Mobile Payment
P102663,9/6/2025,Bus,Colombo - Negombo,21:00,45,230,10350,Saturday,Card
P105114,7/18/2025,Train,Kurunegala - Dambulla,21:00,108,200,21600,Friday,Card
P103414,2/21/2025,Bus,Colombo - Galle,21:00,46,390,17940,Friday,Cash
P100697,8/11/2025,Bus,Kandy - Nuwara Eliya,20:00,23,280,6440,Monday,Cash
P104424,7/6/2025,Train,Kandy - Colombo,8:00,98,360,35280,Sunday,Card
P103485,12/18/2025,Train,Kandy - Nuwara Eliya,10:00,152,210,31920,Thursday,Mobile Payment
P100536,12/6/2025,Other,Galle - Matara,8:00,13,230,2990,Saturday,Cash
P102628,6/30/2025,Train,Colombo - Galle,16:00,184,330,60720,Monday,Cash
P103164,9/13/2025,Bus,Galle - Matara,7:30,61,180,10980,Saturday,Card
P103493,8/18/2025,Train,Colombo - Negombo,8:30,136,200,27200,Monday,Cash
P103654,5/8/2025,Bus,Colombo - Negombo,9:00,24,260,6240,Thursday,Card
P102595,4/6/2025,Bus,Colombo - Ratnapura,7:00,41,320,13120,Sunday,Card
P105718,6/5/2025,Bus,Galle - Matara,17:30,36,220,7920,Thursday,Card
P105511,6/29/2025,Bus,Colombo - Negombo,10:00,35,260,9100,Sunday,Cash
P101048,7/27/2025,Bus,Kandy - Colombo,9:00,62,440,27280,Sunday,Cash
P105685,6/20/2025,Bus,Kandy - Colombo,8:30,74,480,35520,Friday,Cash
P105019,8/10/2025,Train,Colombo - Negombo,11:00,93,200,18600,Sunday,Cash
P100015,10/2/2025,Bus,Galle - Matara,21:00,39,180,7020,Thursday,Card
P103743,1/15/2025,Train,Kurunegala - Dambulla,16:00,145,180,26100,Wednesday,Card
P104308,1/4/2025,Train,Colombo - Kalutara,18:00,57,130,7410,Saturday,Cash
P105874,11/20/2025,Train,Colombo - Kandy,17:30,114,310,35340,Thursday,Card
P102348,4/28/2025,Bus,Colombo - Kurunegala,18:30,43,340,14620,Monday,Mobile Payment
P105691,1/23/2025,Bus,Kurunegala - Dambulla,17:30,41,260,10660,Thursday,Cash
P101565,3/17/2025,Train,Colombo - Kandy,19:00,133,320,42560,Monday,Mobile Payment
P105620,8/20/2025,Bus,Kandy - Nuwara Eliya,21:00,27,270,7290,Wednesday,Cash
P101865,4/9/2025,Other,Colombo - Ratnapura,21:00,38,350,13300,Wednesday,Card
P103095,7/13/2025,Bus,Colombo - Galle,19:00,71,400,28400,Sunday,Cash
P100066,7/29/2025,Bus,Colombo - Ratnapura,10:00,28,280,7840,Tuesday,Card
P103404,7/28/2025,Bus,Colombo - Galle,14:00,51,420,21420,Monday,Cash
P105410,3/5/2025,Bus,Galle - Matara,17:30,69,190,13110,Wednesday,Card
P105855,3/12/2025,Bus,Colombo - Kalutara,17:30,53,170,9010,Wednesday,Card
P102411,10/7/2025,Train,Colombo - Kalutara,15:00,131,140,18340,Tuesday,Cash
P105770,1/5/2025,Other,Colombo - Kandy,19:00,28,500,14000,Sunday,Mobile Payment
P102842,7/8/2025,Train,Colombo - Ratnapura,7:00,80,250,20000,Tuesday,Cash
P102009,12/11/2025,Bus,Colombo - Ratnapura,16:00,43,320,13760,Thursday,Mobile Payment
P101273,11/26/2025,Train,Colombo - Negombo,7:00,206,170,35020,Wednesday,Cash
P104946,9/25/2025,Other,Colombo - Kurunegala,16:00,34,420,14280,Thursday,Card
P101895,3/10/2025,Train,Kandy - Colombo,15:00,39,350,13650,Monday,Cash
P104318,5/29/2025,Bus,Colombo - Kandy,6:30,60,480,28800,Thursday,Card
P101972,6/14/2025,Train,Galle - Matara,17:00,79,160,12640,Saturday,Cash
P104096,1/8/2025,Bus,Kandy - Nuwara Eliya,16:00,37,290,10730,Wednesday,Card
P100089,1/19/2025,Train,Colombo - Galle,10:00,112,320,35840,Sunday,Cash
P103091,11/6/2025,Bus,Kurunegala - Dambulla,19:00,37,250,9250,Thursday,Cash
P104884,7/14/2025,Bus,Colombo - Negombo,12:00,39,250,9750,Monday,Card
P101500,9/14/2025,Train,Colombo - Kalutara,14:00,154,150,23100,Sunday,Mobile Payment
P102900,4/23/2025,Bus,Colombo - Ratnapura,18:00,62,320,19840,Wednesday,Card
P101408,10/27/2025,Train,Galle - Matara,21:00,109,140,15260,Monday,Cash
P103460,6/17/2025,Train,Kandy - Nuwara Eliya,10:00,51,210,10710,Tuesday,Mobile Payment
P103671,7/17/2025,Bus,Colombo - Kalutara,14:00,26,160,4160,Thursday,Mobile Payment
P104699,6/28/2025,Bus,Colombo - Galle,11:00,35,400,14000,Saturday,Card
P105778,6/12/2025,Bus,Colombo - Kurunegala,11:00,45,370,16650,Thursday,Card
P104504,8/9/2025,Bus,Kandy - Colombo,21:00,69,490,33810,Saturday,Card
P100764,9/17/2025,Train,Colombo - Ratnapura,13:00,75,220,16500,Wednesday,Cash
P101663,12/30/2025,Other,Colombo - Kandy,12:00,31,550,17050,Tuesday,Cash
P100421,12/22/2025,Train,Colombo - Kalutara,13:00,133,120,15960,Monday,Cash
P103015,3/30/2025,Train,Kandy - Nuwara Eliya,18:00,126,240,30240,Sunday,Cash
P102585,8/11/2025,Train,Colombo - Kalutara,6:30,124,130,16120,Monday,Mobile Payment
P100374,11/29/2025,Train,Colombo - Galle,7:00,215,300,64500,Saturday,Mobile Payment
P105032,7/2/2025,Bus,Kandy - Nuwara Eliya,7:30,26,330,8580,Wednesday,Cash
P104535,12/29/2025,Train,Colombo - Kurunegala,20:00,90,260,23400,Monday,Mobile Payment
P102374,8/19/2025,Bus,Kurunegala - Dambulla,15:00,41,260,10660,Tuesday,Cash
P102768,1/12/2025,Bus,Kandy - Nuwara Eliya,8:30,54,290,15660,Sunday,Mobile Payment
P103362,6/6/2025,Bus,Kandy - Nuwara Eliya,16:00,52,280,14560,Friday,Card
P101833,11/3/2025,Train,Colombo - Ratnapura,7:30,135,220,29700,Monday,Cash
P101621,7/24/2025,Bus,Colombo - Galle,7:00,36,410,14760,Thursday,Card
P103276,9/26/2025,Train,Kandy - Nuwara Eliya,6:30,271,230,62330,Friday,Card
P100539,1/1/2025,Bus,Colombo - Kalutara,18:00,70,170,11900,Wednesday,Cash
P103551,6/2/2025,Train,Kandy - Colombo,16:00,73,320,23360,Monday,Mobile Payment
P100756,9/25/2025,Train,Kandy - Colombo,18:00,124,370,45880,Thursday,Card
P103607,4/22/2025,Train,Colombo - Kandy,9:00,60,330,19800,Tuesday,Cash
P100535,10/1/2025,Train,Kandy - Nuwara Eliya,15:00,46,210,9660,Wednesday,Cash
P101449,9/26/2025,Other,Kandy - Colombo,19:00,50,580,29000,Friday,Card
P100916,7/11/2025,Bus,Colombo - Kandy,7:00,57,450,25650,Friday,Card
P103128,5/23/2025,Bus,Colombo - Kurunegala,16:00,36,330,11880,Friday,Card
P104940,6/28/2025,Train,Colombo - Kandy,7:30,136,360,48960,Saturday,Mobile Payment
P105418,9/5/2025,Bus,Kurunegala - Dambulla,21:00,52,270,14040,Friday,Card
P100182,5/2/2025,Bus,Colombo - Kalutara,9:00,20,170,3400,Friday,Mobile Payment
P101770,11/7/2025,Bus,Colombo - Galle,16:00,47,370,17390,Friday,Card
P104610,6/19/2025,Bus,Colombo - Galle,15:00,45,430,19350,Thursday,Cash
P102830,4/12/2025,Bus,Colombo - Kalutara,13:00,25,170,4250,Saturday,Cash
P103314,4/19/2025,Bus,Kandy - Colombo,14:00,35,480,16800,Saturday,Cash
P105458,5/22/2025,Bus,Kurunegala - Dambulla,18:30,62,240,14880,Thursday,Cash
P101193,3/15/2025,Bus,Colombo - Negombo,18:00,56,250,14000,Saturday,Card
P104082,11/10/2025,Bus,Kandy - Nuwara Eliya,20:00,23,320,7360,Monday,Card
P102128,1/7/2025,Bus,Colombo - Kalutara,15:00,30,180,5400,Tuesday,Cash
P105396,4/9/2025,Bus,Colombo - Galle,18:30,45,410,18450,Wednesday,Card
P100477,8/30/2025,Bus,Colombo - Kalutara,18:00,72,170,12240,Saturday,Mobile Payment
P104921,7/23/2025,Other,Colombo - Galle,17:00,38,450,17100,Wednesday,Card
P101324,9/11/2025,Bus,Colombo - Kurunegala,11:00,59,380,22420,Thursday,Cash
P100260,12/1/2025,Bus,Kurunegala - Dambulla,21:00,19,230,4370,Monday,Card
P100280,12/18/2025,Train,Colombo - Kalutara,16:00,112,130,14560,Thursday,Card
P100562,9/30/2025,Bus,Kurunegala - Dambulla,16:00,43,270,11610,Tuesday,Cash
P104285,10/17/2025,Train,Kandy - Nuwara Eliya,19:00,181,210,38010,Friday,Mobile Payment
P100199,11/29/2025,Train,Kandy - Nuwara Eliya,7:00,80,210,16800,Saturday,Card
P103930,12/27/2025,Bus,Colombo - Kurunegala,16:00,33,360,11880,Saturday,Cash
P104378,5/8/2025,Train,Kurunegala - Dambulla,12:00,95,180,17100,Thursday,Cash
P102276,3/4/2025,Train,Kandy - Nuwara Eliya,17:00,100,230,23000,Tuesday,Mobile Payment
P101741,1/15/2025,Train,Colombo - Kalutara,15:00,105,130,13650,Wednesday,Cash
P101892,2/27/2025,Bus,Colombo - Kurunegala,14:00,45,370,16650,Thursday,Cash
P101860,1/21/2025,Train,Colombo - Negombo,15:00,44,190,8360,Tuesday,Cash
P104615,9/14/2025,Bus,Kurunegala - Dambulla,10:00,42,240,10080,Sunday,Card
P105904,10/16/2025,Bus,Kurunegala - Dambulla,17:00,66,240,15840,Thursday,Card
P103027,7/4/2025,Other,Kurunegala - Dambulla,20:00,20,270,5400,Friday,Cash
P101384,1/13/2025,Bus,Colombo - Negombo,14:00,26,260,6760,Monday,Cash
P102092,9/19/2025,Other,Colombo - Kandy,13:00,10,510,5100,Friday,Cash
P103077,8/8/2025,Other,Galle - Matara,7:00,33,220,7260,Friday,Card
P104334,3/29/2025,Train,Colombo - Kandy,14:00,181,340,61540,Saturday,Mobile Payment
P103199,10/9/2025,Bus,Colombo - Ratnapura,17:30,62,300,18600,Thursday,Cash
P101600,6/9/2025,Train,Kandy - Nuwara Eliya,7:00,157,240,37680,Monday,Cash
P102575,7/30/2025,Bus,Colombo - Kandy,9:00,50,450,22500,Wednesday,Cash
P101727,5/7/2025,Bus,Colombo - Galle,6:30,50,380,19000,Wednesday,Cash
P103238,8/8/2025,Other,Colombo - Ratnapura,16:00,24,370,8880,Friday,Card
P105247,2/6/2025,Train,Galle - Matara,11:00,78,150,11700,Thursday,Mobile Payment
P105694,5/1/2025,Train,Colombo - Negombo,19:00,114,180,20520,Thursday,Mobile Payment
P104667,12/18/2025,Bus,Colombo - Kurunegala,7:30,52,320,16640,Thursday,Cash
P104793,11/18/2025,Bus,Kandy - Colombo,13:00,52,470,24440,Tuesday,Card
P101224,9/27/2025,Other,Colombo - Ratnapura,8:30,39,350,13650,Saturday,Cash
P101298,7/23/2025,Bus,Colombo - Ratnapura,7:30,44,330,14520,Wednesday,Card
P102776,9/30/2025,Bus,Kandy - Colombo,16:00,41,440,18040,Tuesday,Cash
P100016,9/27/2025,Bus,Colombo - Kurunegala,11:00,55,380,20900,Saturday,Mobile Payment
P105426,11/24/2025,Train,Kandy - Colombo,8:30,186,350,65100,Monday,Mobile Payment
P100352,9/28/2025,Train,Colombo - Kandy,17:30,60,320,19200,Sunday,Card
P105405,12/6/2025,Bus,Kurunegala - Dambulla,12:00,39,270,10530,Saturday,Mobile Payment
P101363,3/21/2025,Train,Galle - Matara,15:00,103,150,15450,Friday,Cash
P102171,1/19/2025,Train,Kandy - Nuwara Eliya,9:00,154,250,38500,Sunday,Cash
P102032,10/19/2025,Train,Colombo - Galle,12:00,122,300,36600,Sunday,Cash
P103814,6/5/2025,Train,Kandy - Colombo,13:00,120,320,38400,Thursday,Cash
P101023,1/15/2025,Other,Kandy - Nuwara Eliya,18:00,34,350,11900,Wednesday,Card
P100372,7/18/2025,Bus,Colombo - Kalutara,18:00,39,190,7410,Friday,Cash
P102245,7/18/2025,Train,Colombo - Ratnapura,17:00,194,220,42680,Friday,Cash
P102314,8/17/2025,Train,Kurunegala - Dambulla,14:00,81,190,15390,Sunday,Cash
P105861,11/5/2025,Bus,Colombo - Kalutara,18:30,62,160,9920,Wednesday,Cash
P103797,8/14/2025,Bus,Colombo - Ratnapura,18:00,35,320,11200,Thursday,Mobile Payment
P103800,9/17/2025,Train,Kandy - Nuwara Eliya,14:00,117,210,24570,Wednesday,Mobile Payment
P105805,1/20/2025,Bus,Colombo - Ratnapura,8:00,64,310,19840,Monday,Cash
P100743,6/4/2025,Train,Colombo - Kurunegala,7:00,193,280,54040,Wednesday,Card
P101269,10/27/2025,Train,Colombo - Kurunegala,8:00,214,250,53500,Monday,Card
P102601,11/16/2025,Train,Colombo - Kandy,15:00,114,320,36480,Sunday,Cash
P101618,4/13/2025,Train,Colombo - Kandy,11:00,154,320,49280,Sunday,Cash
P100806,9/30/2025,Train,Galle - Matara,17:00,130,160,20800,Tuesday,Card
P104797,10/20/2025,Bus,Kandy - Nuwara Eliya,19:00,28,320,8960,Monday,Cash
P100684,12/22/2025,Train,Colombo - Kandy,17:00,142,340,48280,Monday,Cash
P104984,4/25/2025,Train,Colombo - Kalutara,17:30,90,140,12600,Friday,Cash
P103560,10/29/2025,Bus,Colombo - Galle,17:00,57,360,20520,Wednesday,Mobile Payment
P103853,9/4/2025,Train,Colombo - Kurunegala,8:30,146,270,39420,Thursday,Cash
P103806,7/24/2025,Other,Colombo - Kalutara,16:00,22,200,4400,Thursday,Card
P105564,7/21/2025,Bus,Colombo - Kurunegala,9:00,42,360,15120,Monday,Card
P104707,9/15/2025,Train,Colombo - Negombo,9:00,171,190,32490,Monday,Card
P104370,4/30/2025,Bus,Colombo - Kalutara,15:00,36,190,6840,Wednesday,Cash
P105013,6/23/2025,Bus,Colombo - Ratnapura,10:00,53,300,15900,Monday,Mobile Payment
P103857,6/9/2025,Bus,Kurunegala - Dambulla,17:30,75,250,18750,Monday,Cash
P103860,3/7/2025,Train,Colombo - Kandy,21:00,116,320,37120,Friday,Cash
P100009,6/18/2025,Train,Colombo - Kurunegala,17:30,96,260,24960,Wednesday,Card
P101863,4/13/2025,Bus,Kandy - Nuwara Eliya,14:00,30,320,9600,Sunday,Cash
P102820,4/7/2025,Bus,Kurunegala - Dambulla,17:30,69,270,18630,Monday,Mobile Payment
P101352,3/7/2025,Train,Colombo - Ratnapura,7:00,136,210,28560,Friday,Card
P100577,4/21/2025,Bus,Colombo - Negombo,19:00,62,240,14880,Monday,Cash
P100627,11/7/2025,Bus,Colombo - Negombo,16:00,58,250,14500,Friday,Card
P103619,1/8/2025,Train,Galle - Matara,11:00,86,140,12040,Wednesday,Mobile Payment
P105532,5/13/2025,Bus,Galle - Matara,18:30,70,180,12600,Tuesday,Cash
P100427,1/21/2025,Bus,Colombo - Negombo,13:00,53,270,14310,Tuesday,Cash
P100034,7/16/2025,Other,Colombo - Ratnapura,18:30,32,340,10880,Wednesday,Cash
P101047,5/9/2025,Bus,Colombo - Galle,10:00,41,430,17630,Friday,Card
P100045,2/19/2025,Bus,Kandy - Colombo,7:30,60,490,29400,Wednesday,Cash
P103340,11/20/2025,Train,Colombo - Kandy,15:00,111,350,38850,Thursday,Card
P101045,7/5/2025,Train,Colombo - Galle,8:00,179,310,55490,Saturday,Mobile Payment
P101102,1/30/2025,Other,Colombo - Ratnapura,15:00,21,390,8190,Thursday,Cash
P101050,12/5/2025,Bus,Kandy - Nuwara Eliya,8:00,55,300,16500,Friday,Card
P101884,6/5/2025,Train,Colombo - Kalutara,14:00,102,150,15300,Thursday,Cash
P104472,4/13/2025,Other,Kurunegala - Dambulla,11:00,28,330,9240,Sunday,Cash
P104634,4/23/2025,Train,Kandy - Nuwara Eliya,6:30,163,210,34230,Wednesday,Card
P101744,1/27/2025,Bus,Colombo - Kalutara,14:00,34,160,5440,Monday,Card
P102578,4/6/2025,Train,Kandy - Colombo,8:30,88,320,28160,Sunday,Cash
P100064,1/17/2025,Bus,Colombo - Kandy,18:00,53,460,24380,Friday,Card
P104354,11/27/2025,Other,Colombo - Ratnapura,16:00,27,350,9450,Thursday,Mobile Payment
P103071,1/3/2025,Train,Kandy - Colombo,9:00,121,350,42350,Friday,Card
P105330,2/17/2025,Bus,Galle - Matara,13:00,31,200,6200,Monday,Mobile Payment
P102618,5/5/2025,Bus,Kandy - Colombo,8:30,32,410,13120,Monday,Cash
P101120,9/28/2025,Bus,Colombo - Kurunegala,21:00,44,330,14520,Sunday,Card
P102500,4/5/2025,Bus,Colombo - Ratnapura,7:00,40,320,12800,Saturday,Mobile Payment
P103393,5/5/2025,Train,Kurunegala - Dambulla,21:00,105,170,17850,Monday,Cash
P100706,2/4/2025,Other,Colombo - Negombo,10:00,16,300,4800,Tuesday,Cash
P104987,1/18/2025,Train,Colombo - Kalutara,19:00,108,120,12960,Saturday,Card
P104963,3/29/2025,Bus,Colombo - Kurunegala,17:00,79,350,27650,Saturday,Cash
P103269,1/14/2025,Train,Galle - Matara,13:00,102,150,15300,Tuesday,Card
P104011,10/18/2025,Bus,Galle - Matara,21:00,50,190,9500,Saturday,Cash
P101613,10/15/2025,Bus,Colombo - Galle,15:00,41,360,14760,Wednesday,Mobile Payment
P104223,9/11/2025,Train,Colombo - Galle,18:00,94,310,29140,Thursday,Cash
P101974,2/14/2025,Bus,Colombo - Ratnapura,18:00,46,300,13800,Friday,Mobile Payment
P104816,1/4/2025,Other,Colombo - Galle,8:30,34,500,17000,Saturday,Cash
P105560,4/17/2025,Train,Colombo - Galle,12:00,66,290,19140,Thursday,Cash
P103933,6/9/2025,Train,Colombo - Kurunegala,8:30,141,280,39480,Monday,Mobile Payment
P101316,10/1/2025,Train,Colombo - Galle,10:00,91,270,24570,Wednesday,Mobile Payment
P105688,7/20/2025,Other,Kurunegala - Dambulla,10:00,31,310,9610,Sunday,Cash
P105695,3/10/2025,Train,Colombo - Kandy,21:00,104,370,38480,Monday,Card
P102799,2/20/2025,Other,Galle - Matara,15:00,31,240,7440,Thursday,Card
P105783,2/22/2025,Train,Colombo - Kalutara,7:30,188,130,24440,Saturday,Card
P103837,8/17/2025,Other,Galle - Matara,10:00,30,260,7800,Sunday,Card
P104763,4/11/2025,Train,Colombo - Negombo,10:00,87,200,17400,Friday,Cash
P100748,1/16/2025,Bus,Colombo - Kandy,7:00,41,450,18450,Thursday,Mobile Payment
P104242,11/21/2025,Bus,Colombo - Ratnapura,7:30,72,270,19440,Friday,Mobile Payment
P100474,10/2/2025,Train,Colombo - Kurunegala,14:00,152,280,42560,Thursday,Cash
P103444,10/2/2025,Other,Kandy - Nuwara Eliya,17:30,30,360,10800,Thursday,Card
P105674,3/3/2025,Bus,Kurunegala - Dambulla,16:00,27,230,6210,Monday,Cash
P100298,7/17/2025,Bus,Colombo - Kurunegala,18:30,46,340,15640,Thursday,Card
P100304,10/22/2025,Train,Kandy - Colombo,9:00,154,340,52360,Wednesday,Cash
P102477,2/23/2025,Bus,Colombo - Galle,10:00,34,380,12920,Sunday,Mobile Payment
P102378,10/19/2025,Train,Kurunegala - Dambulla,21:00,89,210,18690,Sunday,Cash
P103535,8/31/2025,Bus,Kandy - Nuwara Eliya,15:00,58,310,17980,Sunday,Card
P103310,8/13/2025,Bus,Colombo - Kalutara,19:00,59,170,10030,Wednesday,Card
P103870,10/28/2025,Bus,Colombo - Kandy,8:30,64,470,30080,Tuesday,Cash
P104129,4/23/2025,Bus,Kandy - Colombo,7:00,58,440,25520,Wednesday,Cash
P103617,10/24/2025,Train,Kandy - Colombo,7:00,185,350,64750,Friday,Cash
P102686,8/7/2025,Bus,Colombo - Kurunegala,8:00,54,350,18900,Thursday,Card
P100241,9/28/2025,Other,Kurunegala - Dambulla,19:00,34,300,10200,Sunday,Card
P105738,11/5/2025,Bus,Colombo - Ratnapura,17:30,61,290,17690,Wednesday,Cash
P102293,8/9/2025,Bus,Colombo - Ratnapura,20:00,41,300,12300,Saturday,Card
P101672,10/3/2025,Train,Colombo - Kurunegala,6:30,136,270,36720,Friday,Cash
P102100,5/2/2025,Bus,Colombo - Negombo,17:30,67,250,16750,Friday,Card
P105061,11/21/2025,Other,Galle - Matara,18:00,47,230,10810,Friday,Mobile Payment
P101176,1/1/2025,Bus,Kandy - Colombo,16:00,39,420,16380,Wednesday,Cash
P103934,11/12/2025,Bus,Kurunegala - Dambulla,19:00,49,260,12740,Wednesday,Card
P104384,7/24/2025,Train,Colombo - Galle,16:00,126,290,36540,Thursday,Mobile Payment
P103083,9/17/2025,Bus,Kurunegala - Dambulla,17:00,30,250,7500,Wednesday,Cash
P102863,3/11/2025,Other,Kandy - Colombo,10:00,28,500,14000,Tuesday,Cash
P105592,10/12/2025,Bus,Colombo - Kurunegala,10:00,51,330,16830,Sunday,Cash
P105711,4/14/2025,Bus,Colombo - Kurunegala,17:30,34,330,11220,Monday,Cash
P105177,7/1/2025,Train,Kandy - Nuwara Eliya,20:00,116,230,26680,Tuesday,Card
P101648,3/29/2025,Train,Colombo - Ratnapura,7:30,156,240,37440,Saturday,Cash
P103415,6/7/2025,Train,Kandy - Nuwara Eliya,21:00,120,220,26400,Saturday,Card
P100334,1/18/2025,Bus,Galle - Matara,18:30,44,200,8800,Saturday,Card
P102603,11/9/2025,Train,Galle - Matara,15:00,74,150,11100,Sunday,Cash
P105868,8/4/2025,Bus,Kurunegala - Dambulla,21:00,33,270,8910,Monday,Mobile Payment
P102158,4/7/2025,Bus,Galle - Matara,12:00,42,200,8400,Monday,Card
P101162,6/1/2025,Bus,Colombo - Negombo,7:30,40,230,9200,Sunday,Mobile Payment
P103575,11/14/2025,Train,Colombo - Negombo,20:00,60,190,11400,Friday,Cash
P104477,3/30/2025,Bus,Kandy - Nuwara Eliya,15:00,42,310,13020,Sunday,Card
P104582,6/15/2025,Bus,Kurunegala - Dambulla,15:00,54,270,14580,Sunday,Cash
P104951,9/8/2025,Bus,Colombo - Kandy,9:00,26,490,12740,Monday,Cash
P103003,1/23/2025,Bus,Colombo - Kalutara,13:00,52,180,9360,Thursday,Cash
P100248,6/14/2025,Other,Kurunegala - Dambulla,20:00,33,310,10230,Saturday,Card
P104877,5/3/2025,Train,Colombo - Ratnapura,8:00,182,220,40040,Saturday,Card
P103530,1/14/2025,Bus,Kandy - Nuwara Eliya,6:30,54,300,16200,Tuesday,Card
P100801,4/26/2025,Train,Colombo - Ratnapura,16:00,148,210,31080,Saturday,Cash
P101685,1/15/2025,Bus,Kurunegala - Dambulla,8:00,55,260,14300,Wednesday,Cash
P104682,3/6/2025,Bus,Colombo - Kandy,6:30,49,460,22540,Thursday,Cash
P104197,10/28/2025,Bus,Colombo - Negombo,9:00,49,230,11270,Tuesday,Mobile Payment
P101922,5/11/2025,Bus,Colombo - Galle,17:00,38,410,15580,Sunday,Card
P102210,1/15/2025,Other,Galle - Matara,11:00,17,250,4250,Wednesday,Cash
P101222,11/3/2025,Bus,Colombo - Ratnapura,7:00,37,310,11470,Monday,Cash
P104004,12/3/2025,Bus,Kandy - Colombo,10:00,39,490,19110,Wednesday,Card
P101514,1/30/2025,Bus,Colombo - Negombo,14:00,26,250,6500,Thursday,Mobile Payment
P104352,6/14/2025,Train,Colombo - Galle,7:30,171,280,47880,Saturday,Card
P101254,9/29/2025,Bus,Kandy - Nuwara Eliya,7:30,50,310,15500,Monday,Card
P105331,9/12/2025,Bus,Colombo - Kalutara,16:00,32,200,6400,Friday,Card
P105170,6/15/2025,Train,Colombo - Ratnapura,15:00,175,220,38500,Sunday,Mobile Payment
P100599,7/24/2025,Bus,Kurunegala - Dambulla,13:00,38,260,9880,Thursday,Card
P101610,7/21/2025,Bus,Colombo - Kandy,16:00,59,450,26550,Monday,Card
P100316,6/15/2025,Train,Colombo - Kalutara,8:30,55,140,7700,Sunday,Cash
P105243,8/12/2025,Bus,Colombo - Kurunegala,13:00,34,320,10880,Tuesday,Card
P102277,11/28/2025,Train,Colombo - Kurunegala,12:00,73,250,18250,Friday,Cash
P100150,2/4/2025,Bus,Kurunegala - Dambulla,10:00,40,270,10800,Tuesday,Cash
P104734,2/2/2025,Other,Kandy - Colombo,7:30,22,510,11220,Sunday,Card
P101845,2/8/2025,Other,Kandy - Nuwara Eliya,20:00,25,380,9500,Saturday,Card
P100291,2/22/2025,Bus,Kandy - Nuwara Eliya,17:30,40,280,11200,Saturday,Card
P100454,5/31/2025,Other,Kurunegala - Dambulla,8:30,36,280,10080,Saturday,Cash
P105962,8/17/2025,Other,Colombo - Kandy,19:00,32,540,17280,Sunday,Cash
P104809,5/24/2025,Bus,Colombo - Ratnapura,8:00,55,310,17050,Saturday,Cash
P103397,9/29/2025,Train,Colombo - Kalutara,6:30,100,120,12000,Monday,Cash
P100692,5/16/2025,Bus,Colombo - Kandy,18:00,70,440,30800,Friday,Mobile Payment
P101145,10/14/2025,Bus,Colombo - Kandy,19:00,123,470,57810,Tuesday,Mobile Payment
P101635,11/4/2025,Other,Galle - Matara,6:30,37,220,8140,Tuesday,Card
P104193,7/9/2025,Bus,Colombo - Kalutara,15:00,41,190,7790,Wednesday,Card
P101781,9/25/2025,Bus,Colombo - Kandy,18:30,25,480,12000,Thursday,Cash
P104971,6/24/2025,Bus,Colombo - Negombo,10:00,57,250,14250,Tuesday,Card
P103652,7/31/2025,Bus,Galle - Matara,7:00,44,210,9240,Thursday,Mobile Payment
P100656,12/26/2025,Bus,Colombo - Ratnapura,11:00,66,300,19800,Friday,Cash
P103136,10/4/2025,Train,Kurunegala - Dambulla,17:30,97,190,18430,Saturday,Cash
P101903,6/9/2025,Train,Kurunegala - Dambulla,7:30,201,180,36180,Monday,Mobile Payment
P104428,8/9/2025,Bus,Colombo - Negombo,18:30,54,240,12960,Saturday,Card
P101040,2/24/2025,Bus,Kandy - Colombo,7:00,75,490,36750,Monday,Cash
P104630,1/4/2025,Bus,Kurunegala - Dambulla,21:00,49,260,12740,Saturday,Cash
P101412,7/15/2025,Bus,Colombo - Kalutara,18:00,57,180,10260,Tuesday,Mobile Payment
P105748,12/1/2025,Other,Kurunegala - Dambulla,14:00,12,310,3720,Monday,Cash
P101673,10/10/2025,Train,Colombo - Negombo,8:00,54,200,10800,Friday,Cash
P105096,10/2/2025,Bus,Colombo - Kandy,18:00,36,440,15840,Thursday,Mobile Payment
P101371,5/23/2025,Other,Kandy - Colombo,13:00,17,590,10030,Friday,Mobile Payment
P105083,4/30/2025,Train,Kurunegala - Dambulla,18:00,129,170,21930,Wednesday,Card
P103134,9/26/2025,Bus,Kandy - Colombo,17:00,61,440,26840,Friday,Cash
P102381,2/24/2025,Train,Colombo - Kandy,7:30,101,370,37370,Monday,Cash
P103721,9/19/2025,Bus,Colombo - Kandy,20:00,36,440,15840,Friday,Mobile Payment
P104092,8/22/2025,Bus,Colombo - Ratnapura,7:30,37,300,11100,Friday,Cash
P105007,12/12/2025,Train,Kurunegala - Dambulla,17:30,146,170,24820,Friday,Card
P101624,4/27/2025,Other,Colombo - Galle,14:00,30,460,13800,Sunday,Cash
P103670,7/13/2025,Bus,Colombo - Ratnapura,9:00,31,320,9920,Sunday,Cash
P100382,1/19/2025,Train,Galle - Matara,18:30,98,150,14700,Sunday,Cash
P103115,5/17/2025,Bus,Colombo - Kurunegala,21:00,37,360,13320,Saturday,Cash
P101821,1/25/2025,Bus,Galle - Matara,8:30,54,220,11880,Saturday,Cash
P103631,3/7/2025,Train,Kurunegala - Dambulla,8:00,90,190,17100,Friday,Cash
P100423,7/23/2025,Bus,Kurunegala - Dambulla,17:30,41,240,9840,Wednesday,Cash
P100809,3/24/2025,Bus,Colombo - Negombo,9:00,68,240,16320,Monday,Cash
P101380,8/2/2025,Train,Kandy - Nuwara Eliya,9:00,158,250,39500,Saturday,Cash
P101670,3/13/2025,Train,Kandy - Nuwara Eliya,12:00,148,230,34040,Thursday,Mobile Payment
P102099,7/21/2025,Train,Colombo - Kalutara,18:30,161,130,20930,Monday,Cash
P105526,8/16/2025,Bus,Kurunegala - Dambulla,7:00,66,240,15840,Saturday,Card
P100125,11/27/2025,Bus,Kandy - Nuwara Eliya,18:30,36,310,11160,Thursday,Card
P100103,12/27/2025,Bus,Colombo - Kurunegala,18:00,56,340,19040,Saturday,Mobile Payment
P104059,10/31/2025,Train,Colombo - Ratnapura,8:30,60,210,12600,Friday,Cash
P101733,3/7/2025,Bus,Colombo - Negombo,19:00,52,270,14040,Friday,Card
P103036,2/3/2025,Bus,Colombo - Ratnapura,7:00,61,330,20130,Monday,Card
P102916,2/9/2025,Train,Kurunegala - Dambulla,16:00,166,200,33200,Sunday,Mobile Payment
P100487,7/21/2025,Bus,Colombo - Negombo,18:30,43,230,9890,Monday,Mobile Payment
P101129,5/23/2025,Bus,Colombo - Negombo,16:00,44,260,11440,Friday,Cash
P103618,9/22/2025,Train,Colombo - Kalutara,7:30,137,130,17810,Monday,Card
P101515,3/31/2025,Bus,Kandy - Nuwara Eliya,10:00,61,280,17080,Monday,Card
P100136,9/9/2025,Bus,Colombo - Kandy,13:00,43,440,18920,Tuesday,Card
P102599,3/18/2025,Bus,Colombo - Negombo,11:00,57,270,15390,Tuesday,Mobile Payment
P102003,5/2/2025,Other,Kandy - Nuwara Eliya,8:00,43,370,15910,Friday,Card
P102834,4/12/2025,Bus,Colombo - Kalutara,10:00,51,180,9180,Saturday,Card
P101818,2/4/2025,Train,Colombo - Kandy,7:00,158,360,56880,Tuesday,Cash
P100753,5/9/2025,Train,Colombo - Ratnapura,12:00,137,210,28770,Friday,Cash
P104002,9/6/2025,Train,Colombo - Kalutara,16:00,146,120,17520,Saturday,Cash
P105028,5/1/2025,Bus,Kandy - Nuwara Eliya,21:00,23,310,7130,Thursday,Card
P101104,6/16/2025,Other,Galle - Matara,10:00,14,230,3220,Monday,Cash
P105371,9/13/2025,Bus,Kandy - Colombo,8:00,76,470,35720,Saturday,Card
P102317,9/26/2025,Bus,Kandy - Colombo,12:00,38,470,17860,Friday,Mobile Payment
P101919,8/30/2025,Bus,Colombo - Ratnapura,15:00,32,310,9920,Saturday,Mobile Payment
P101544,7/11/2025,Bus,Colombo - Galle,16:00,38,360,13680,Friday,Cash
P103668,1/15/2025,Bus,Colombo - Kandy,14:00,48,450,21600,Wednesday,Card
P104442,4/26/2025,Train,Kandy - Colombo,14:00,127,320,40640,Saturday,Cash
P103707,4/8/2025,Train,Colombo - Kandy,7:30,141,370,52170,Tuesday,Cash
P101177,7/9/2025,Train,Kandy - Nuwara Eliya,13:00,146,220,32120,Wednesday,Mobile Payment
P101560,5/5/2025,Other,Kurunegala - Dambulla,21:00,29,310,8990,Monday,Mobile Payment
P105664,4/15/2025,Train,Colombo - Negombo,20:00,197,190,37430,Tuesday,Cash
P100145,1/31/2025,Bus,Colombo - Galle,18:30,99,440,43560,Friday,Mobile Payment
P100381,9/16/2025,Bus,Kurunegala - Dambulla,13:00,40,230,9200,Tuesday,Card
P101434,11/18/2025,Train,Galle - Matara,17:00,73,140,10220,Tuesday,Cash
P101096,5/11/2025,Bus,Colombo - Kalutara,11:00,29,170,4930,Sunday,Card
P105414,7/17/2025,Bus,Galle - Matara,6:30,83,180,14940,Thursday,Card
P100122,12/26/2025,Train,Colombo - Kandy,7:30,77,330,25410,Friday,Card
P105566,12/10/2025,Bus,Kandy - Colombo,17:30,53,420,22260,Wednesday,Cash
P100612,9/5/2025,Train,Kandy - Nuwara Eliya,11:00,75,230,17250,Friday,Cash
P104825,12/31/2025,Bus,Colombo - Kalutara,6:30,80,180,14400,Wednesday,Cash
P101942,8/6/2025,Bus,Colombo - Kandy,21:00,44,430,18920,Wednesday,Mobile Payment
P100419,12/18/2025,Train,Kandy - Nuwara Eliya,7:30,165,250,41250,Thursday,Cash
P102253,10/17/2025,Train,Kandy - Nuwara Eliya,17:00,109,220,23980,Friday,Cash
P101351,5/14/2025,Train,Kandy - Colombo,7:30,228,360,82080,Wednesday,Card
P102304,1/21/2025,Bus,Colombo - Ratnapura,15:00,36,320,11520,Tuesday,Cash
P105434,8/31/2025,Bus,Colombo - Kurunegala,9:00,50,330,16500,Sunday,Cash
P104259,9/30/2025,Bus,Colombo - Ratnapura,18:30,52,300,15600,Tuesday,Cash
P101979,8/25/2025,Train,Colombo - Galle,9:00,122,290,35380,Monday,Cash
P104480,3/23/2025,Train,Colombo - Kurunegala,18:30,152,240,36480,Sunday,Mobile Payment
P101303,6/29/2025,Bus,Colombo - Kandy,18:00,53,420,22260,Sunday,Cash
P103056,12/27/2025,Other,Colombo - Kalutara,12:00,37,200,7400,Saturday,Cash
P100249,3/24/2025,Other,Colombo - Kalutara,7:30,42,210,8820,Monday,Cash
P101398,12/31/2025,Bus,Colombo - Ratnapura,13:00,46,290,13340,Wednesday,Cash
P104029,4/10/2025,Train,Colombo - Negombo,10:00,80,200,16000,Thursday,Card
P100448,11/8/2025,Train,Colombo - Ratnapura,7:30,90,220,19800,Saturday,Cash
P101426,10/6/2025,Other,Colombo - Kandy,18:30,40,530,21200,Monday,Cash
P104687,4/16/2025,Bus,Colombo - Ratnapura,7:30,45,290,13050,Wednesday,Mobile Payment
P101200,6/22/2025,Bus,Colombo - Galle,9:00,43,430,18490,Sunday,Cash
P101422,10/2/2025,Bus,Colombo - Kurunegala,16:00,39,360,14040,Thursday,Card
P104558,8/30/2025,Train,Colombo - Negombo,18:30,170,180,30600,Saturday,Cash
P103765,9/5/2025,Bus,Colombo - Galle,18:30,62,430,26660,Friday,Cash
P103917,6/29/2025,Train,Colombo - Kurunegala,12:00,157,280,43960,Sunday,Mobile Payment
P104474,2/9/2025,Bus,Kandy - Nuwara Eliya,19:00,64,310,19840,Sunday,Cash
P104665,11/16/2025,Train,Colombo - Negombo,6:30,146,200,29200,Sunday,Cash
P104728,11/26/2025,Train,Kandy - Colombo,21:00,82,350,28700,Wednesday,Mobile Payment
P104114,10/17/2025,Bus,Kurunegala - Dambulla,14:00,33,250,8250,Friday,Mobile Payment
P103510,10/29/2025,Bus,Colombo - Kandy,18:00,34,440,14960,Wednesday,Mobile Payment
P102886,2/17/2025,Other,Kandy - Colombo,21:00,20,560,11200,Monday,Card
P101536,6/10/2025,Bus,Galle - Matara,18:00,54,210,11340,Tuesday,Card
P100415,10/27/2025,Train,Colombo - Ratnapura,17:30,126,240,30240,Monday,Cash
P104586,11/30/2025,Other,Colombo - Negombo,11:00,33,300,9900,Sunday,Card
P101721,6/22/2025,Bus,Colombo - Kurunegala,6:30,24,360,8640,Sunday,Cash
P100655,7/8/2025,Bus,Colombo - Galle,12:00,34,390,13260,Tuesday,Cash
P103561,1/4/2025,Bus,Kandy - Nuwara Eliya,7:00,63,320,20160,Saturday,Mobile Payment
P101003,7/13/2025,Train,Colombo - Kalutara,7:30,191,140,26740,Sunday,Card
P104455,5/23/2025,Train,Colombo - Kurunegala,14:00,129,280,36120,Friday,Cash
P103373,11/14/2025,Bus,Kurunegala - Dambulla,19:00,75,230,17250,Friday,Cash
P103974,3/19/2025,Train,Kandy - Nuwara Eliya,11:00,57,210,11970,Wednesday,Card
P105913,9/6/2025,Train,Kandy - Colombo,13:00,131,330,43230,Saturday,Cash
P101488,10/15/2025,Train,Galle - Matara,9:00,142,140,19880,Wednesday,Card
P100590,3/23/2025,Bus,Kandy - Nuwara Eliya,19:00,29,300,8700,Sunday,Mobile Payment
P102087,6/16/2025,Bus,Colombo - Galle,17:00,82,410,33620,Monday,Cash
P103609,10/24/2025,Other,Colombo - Kandy,17:30,23,560,12880,Friday,Mobile Payment
P104517,6/2/2025,Bus,Colombo - Kalutara,17:00,21,170,3570,Monday,Mobile Payment
P101601,1/7/2025,Bus,Kurunegala - Dambulla,20:00,31,230,7130,Tuesday,Cash
P105290,7/13/2025,Train,Colombo - Kalutara,10:00,97,150,14550,Sunday,Cash
P102837,2/14/2025,Other,Colombo - Negombo,7:00,25,310,7750,Friday,Cash
P102358,12/16/2025,Bus,Galle - Matara,20:00,33,190,6270,Tuesday,Mobile Payment
P100995,2/23/2025,Bus,Colombo - Negombo,18:00,39,230,8970,Sunday,Cash
P102198,1/2/2025,Train,Kurunegala - Dambulla,15:00,127,180,22860,Thursday,Mobile Payment
P101880,5/3/2025,Train,Kandy - Nuwara Eliya,17:00,198,220,43560,Saturday,Cash
P104565,4/28/2025,Bus,Colombo - Kurunegala,18:30,90,350,31500,Monday,Cash
P101372,10/25/2025,Bus,Colombo - Ratnapura,17:00,41,300,12300,Saturday,Card
P101874,3/9/2025,Train,Galle - Matara,10:00,98,150,14700,Sunday,Cash
P100209,7/2/2025,Bus,Colombo - Kurunegala,19:00,79,340,26860,Wednesday,Card
P104813,7/4/2025,Bus,Colombo - Galle,8:30,54,440,23760,Friday,Mobile Payment
P104241,10/23/2025,Train,Colombo - Ratnapura,9:00,103,240,24720,Thursday,Card
P100426,3/1/2025,Bus,Galle - Matara,11:00,29,220,6380,Saturday,Cash
P105787,8/15/2025,Bus,Kandy - Nuwara Eliya,8:00,26,290,7540,Friday,Card
P101407,12/19/2025,Train,Colombo - Kalutara,8:00,181,130,23530,Friday,Cash
P105649,4/11/2025,Train,Kandy - Nuwara Eliya,10:00,98,240,23520,Friday,Card
P101109,2/21/2025,Train,Galle - Matara,9:00,126,150,18900,Friday,Card
P105273,7/3/2025,Bus,Colombo - Negombo,17:30,52,250,13000,Thursday,Cash
P100111,3/20/2025,Bus,Kurunegala - Dambulla,7:30,67,240,16080,Thursday,Cash
P103075,12/27/2025,Train,Kandy - Nuwara Eliya,15:00,113,210,23730,Saturday,Card
P105826,2/1/2025,Bus,Galle - Matara,9:00,19,190,3610,Saturday,Cash
P102264,8/31/2025,Bus,Kurunegala - Dambulla,10:00,41,250,10250,Sunday,Cash
P102549,5/22/2025,Bus,Colombo - Kandy,9:00,64,430,27520,Thursday,Cash
P102035,1/16/2025,Train,Colombo - Negombo,16:00,131,210,27510,Thursday,Mobile Payment
P101173,9/5/2025,Train,Kurunegala - Dambulla,9:00,95,190,18050,Friday,Mobile Payment
P103769,11/30/2025,Bus,Galle - Matara,13:00,36,210,7560,Sunday,Mobile Payment
P102446,11/29/2025,Bus,Colombo - Kalutara,8:30,38,190,7220,Saturday,Card
P103183,3/30/2025,Bus,Kandy - Colombo,21:00,58,430,24940,Sunday,Card
P102946,5/7/2025,Bus,Galle - Matara,11:00,30,200,6000,Wednesday,Card
P104592,10/13/2025,Bus,Kurunegala - Dambulla,17:00,82,230,18860,Monday,Cash
P104590,8/4/2025,Train,Colombo - Kandy,9:00,89,310,27590,Monday,Card
P103612,7/16/2025,Bus,Kandy - Nuwara Eliya,15:00,51,280,14280,Wednesday,Cash
P103938,7/21/2025,Bus,Colombo - Ratnapura,18:30,53,290,15370,Monday,Mobile Payment
P102147,3/13/2025,Bus,Colombo - Kandy,7:00,59,470,27730,Thursday,Cash
P105752,5/13/2025,Train,Kandy - Colombo,19:00,150,320,48000,Tuesday,Cash
P101469,1/18/2025,Train,Colombo - Ratnapura,14:00,61,220,13420,Saturday,Mobile Payment
P100438,11/27/2025,Train,Colombo - Kandy,9:00,78,330,25740,Thursday,Mobile Payment
P105788,8/24/2025,Train,Colombo - Negombo,17:30,206,180,37080,Sunday,Cash
P101058,2/14/2025,Bus,Colombo - Kurunegala,8:30,43,330,14190,Friday,Mobile Payment
P102796,1/21/2025,Train,Kurunegala - Dambulla,19:00,179,190,34010,Tuesday,Mobile Payment
P100108,3/12/2025,Train,Colombo - Kandy,17:30,217,340,73780,Wednesday,Mobile Payment
P103553,10/21/2025,Train,Galle - Matara,14:00,208,150,31200,Tuesday,Cash
P100030,12/18/2025,Bus,Kandy - Colombo,10:00,35,440,15400,Thursday,Cash
P102233,4/2/2025,Other,Colombo - Kandy,7:00,33,550,18150,Wednesday,Card
P100890,2/6/2025,Bus,Colombo - Kandy,12:00,38,480,18240,Thursday,Mobile Payment
P103066,1/2/2025,Bus,Colombo - Kalutara,15:00,45,170,7650,Thursday,Cash
P101631,1/3/2025,Train,Colombo - Kalutara,16:00,88,150,13200,Friday,Card
P100752,6/28/2025,Other,Colombo - Negombo,16:00,27,280,7560,Saturday,Cash
P102359,7/6/2025,Bus,Colombo - Kurunegala,10:00,44,380,16720,Sunday,Cash
P100585,11/3/2025,Train,Kandy - Nuwara Eliya,11:00,73,220,16060,Monday,Mobile Payment
P101935,12/25/2025,Train,Colombo - Kalutara,19:00,69,140,9660,Thursday,Card
P104983,4/1/2025,Train,Kurunegala - Dambulla,10:00,92,170,15640,Tuesday,Cash
P102351,1/1/2025,Train,Colombo - Galle,10:00,82,280,22960,Wednesday,Cash
P105606,12/27/2025,Train,Kurunegala - Dambulla,17:00,115,180,20700,Saturday,Cash
P105215,3/14/2025,Bus,Colombo - Kurunegala,9:00,56,340,19040,Friday,Mobile Payment
P103847,3/23/2025,Other,Galle - Matara,10:00,37,260,9620,Sunday,Cash
P105119,2/9/2025,Train,Kurunegala - Dambulla,15:00,144,200,28800,Sunday,Mobile Payment
P105949,1/13/2025,Train,Colombo - Ratnapura,18:00,104,240,24960,Monday,Card
P102318,7/28/2025,Bus,Kandy - Colombo,12:00,38,430,16340,Monday,Cash
P101345,7/12/2025,Train,Colombo - Negombo,11:00,134,180,24120,Saturday,Cash
P103442,7/20/2025,Bus,Colombo - Kalutara,17:30,58,190,11020,Sunday,Cash
P104636,5/16/2025,Other,Galle - Matara,18:30,43,230,9890,Friday,Cash
P105871,10/20/2025,Bus,Colombo - Negombo,9:00,39,240,9360,Monday,Cash
P100970,6/6/2025,Bus,Colombo - Ratnapura,18:30,56,310,17360,Friday,Cash
P100180,1/11/2025,Bus,Kandy - Nuwara Eliya,19:00,59,280,16520,Saturday,Cash
P102795,7/15/2025,Bus,Colombo - Galle,7:30,64,400,25600,Tuesday,Mobile Payment
P101508,12/13/2025,Bus,Colombo - Ratnapura,6:30,63,320,20160,Saturday,Cash
P104047,7/15/2025,Bus,Colombo - Ratnapura,17:30,43,320,13760,Tuesday,Cash
P102139,3/23/2025,Bus,Kandy - Nuwara Eliya,7:30,46,320,14720,Sunday,Cash
P105829,1/13/2025,Bus,Galle - Matara,17:00,73,220,16060,Monday,Card
P103488,10/21/2025,Bus,Colombo - Galle,11:00,44,430,18920,Tuesday,Card
P104537,4/5/2025,Bus,Kurunegala - Dambulla,14:00,38,230,8740,Saturday,Card
P105287,2/10/2025,Other,Colombo - Kalutara,18:30,31,230,7130,Monday,Cash
P105496,12/22/2025,Bus,Colombo - Kurunegala,18:30,37,340,12580,Monday,Cash
P101868,3/24/2025,Bus,Colombo - Galle,19:00,68,420,28560,Monday,Cash
P100091,11/20/2025,Bus,Colombo - Ratnapura,7:00,27,290,7830,Thursday,Card
P102816,1/27/2025,Train,Colombo - Kandy,11:00,92,310,28520,Monday,Cash
P103410,11/23/2025,Bus,Kandy - Nuwara Eliya,19:00,71,280,19880,Sunday,Mobile Payment
P102406,9/15/2025,Train,Kandy - Nuwara Eliya,19:00,187,230,43010,Monday,Card
P102472,11/24/2025,Other,Galle - Matara,9:00,5,240,1200,Monday,Cash
P100625,12/1/2025,Train,Colombo - Ratnapura,11:00,101,220,22220,Monday,Card
P100070,11/2/2025,Other,Colombo - Kurunegala,9:00,20,400,8000,Sunday,Mobile Payment
P103625,12/20/2025,Bus,Galle - Matara,18:00,31,190,5890,Saturday,Cash
P101506,11/8/2025,Bus,Kurunegala - Dambulla,7:00,73,270,19710,Saturday,Cash
P103492,8/8/2025,Train,Colombo - Kandy,8:30,137,310,42470,Friday,Card
P105138,1/28/2025,Bus,Colombo - Galle,19:00,53,400,21200,Tuesday,Cash
P104670,10/27/2025,Train,Colombo - Kandy,16:00,13,330,4290,Monday,Mobile Payment
P100765,7/11/2025,Bus,Kandy - Nuwara Eliya,20:00,48,320,15360,Friday,Cash
P100294,7/12/2025,Bus,Kandy - Colombo,10:00,20,420,8400,Saturday,Cash
P104353,8/3/2025,Bus,Kandy - Nuwara Eliya,16:00,36,300,10800,Sunday,Cash
P100446,8/6/2025,Other,Kurunegala - Dambulla,6:30,54,300,16200,Wednesday,Cash
P100469,10/3/2025,Bus,Kandy - Nuwara Eliya,8:30,70,320,22400,Friday,Card
P103436,6/5/2025,Bus,Colombo - Ratnapura,7:30,58,270,15660,Thursday,Cash
P101220,2/21/2025,Bus,Kurunegala - Dambulla,7:00,39,260,10140,Friday,Cash
P100433,3/19/2025,Train,Colombo - Negombo,13:00,163,180,29340,Wednesday,Cash
P103188,3/2/2025,Bus,Colombo - Ratnapura,16:00,39,310,12090,Sunday,Cash
P101489,10/28/2025,Bus,Colombo - Galle,15:00,23,420,9660,Tuesday,Mobile Payment
P103548,1/21/2025,Bus,Colombo - Ratnapura,20:00,39,330,12870,Tuesday,Cash
P103752,10/28/2025,Other,Colombo - Kurunegala,8:00,54,440,23760,Tuesday,Cash
P100578,9/23/2025,Other,Colombo - Kalutara,12:00,21,220,4620,Tuesday,Mobile Payment
P102174,5/1/2025,Train,Kurunegala - Dambulla,12:00,109,180,19620,Thursday,Card
P100246,11/24/2025,Other,Colombo - Galle,12:00,28,450,12600,Monday,Cash
P104191,10/29/2025,Train,Kurunegala - Dambulla,19:00,44,190,8360,Wednesday,Cash
P100368,1/15/2025,Other,Colombo - Negombo,8:30,44,310,13640,Wednesday,Card
P104569,2/19/2025,Bus,Colombo - Kandy,14:00,42,420,17640,Wednesday,Cash
P102901,9/16/2025,Bus,Kandy - Nuwara Eliya,21:00,24,270,6480,Tuesday,Cash
P101612,11/28/2025,Train,Colombo - Galle,17:30,206,310,63860,Friday,Card
P102846,9/18/2025,Bus,Colombo - Ratnapura,7:00,61,310,18910,Thursday,Card
P103785,8/20/2025,Train,Galle - Matara,19:00,110,160,17600,Wednesday,Card
P104210,6/29/2025,Bus,Colombo - Negombo,21:00,43,270,11610,Sunday,Cash
P105501,10/1/2025,Bus,Kandy - Colombo,16:00,63,480,30240,Wednesday,Card
P101243,3/25/2025,Train,Colombo - Kandy,18:30,245,350,85750,Tuesday,Cash
P102371,7/1/2025,Train,Colombo - Kalutara,18:00,111,130,14430,Tuesday,Cash
P104270,11/11/2025,Other,Colombo - Kandy,17:30,24,550,13200,Tuesday,Card
P104473,12/20/2025,Bus,Colombo - Kalutara,17:00,61,200,12200,Saturday,Card
P104386,9/3/2025,Train,Colombo - Kandy,12:00,120,320,38400,Wednesday,Mobile Payment
P100556,9/30/2025,Bus,Colombo - Galle,17:00,50,430,21500,Tuesday,Cash
P102164,4/25/2025,Train,Galle - Matara,20:00,142,160,22720,Friday,Cash
P105969,1/28/2025,Other,Kandy - Nuwara Eliya,19:00,31,370,11470,Tuesday,Mobile Payment
P105960,11/25/2025,Train,Kandy - Nuwara Eliya,15:00,120,230,27600,Tuesday,Cash
P104743,7/28/2025,Bus,Colombo - Kurunegala,17:30,25,320,8000,Monday,Cash
P105852,12/6/2025,Other,Colombo - Kalutara,14:00,20,200,4000,Saturday,Mobile Payment
P104276,2/26/2025,Train,Colombo - Kandy,15:00,111,350,38850,Wednesday,Cash
P101964,5/14/2025,Bus,Kurunegala - Dambulla,17:30,74,260,19240,Wednesday,Cash
P104265,2/19/2025,Train,Kurunegala - Dambulla,15:00,128,170,21760,Wednesday,Cash
P103290,11/25/2025,Bus,Colombo - Galle,18:00,56,390,21840,Tuesday,Cash
P105585,6/2/2025,Bus,Colombo - Galle,18:30,46,420,19320,Monday,Cash
P100152,4/16/2025,Bus,Galle - Matara,6:30,85,210,17850,Wednesday,Cash
P104675,4/21/2025,Bus,Colombo - Kurunegala,8:00,53,360,19080,Monday,Card
P104733,11/18/2025,Train,Colombo - Kurunegala,9:00,125,270,33750,Tuesday,Mobile Payment
P104759,8/16/2025,Bus,Colombo - Ratnapura,9:00,34,280,9520,Saturday,Cash
P105271,9/13/2025,Bus,Colombo - Ratnapura,14:00,40,320,12800,Saturday,Mobile Payment
P104215,4/17/2025,Train,Galle - Matara,18:30,185,140,25900,Thursday,Mobile Payment
P103495,9/21/2025,Train,Colombo - Negombo,9:00,94,190,17860,Sunday,Cash
P105831,12/5/2025,Other,Kurunegala - Dambulla,7:00,33,320,10560,Friday,Cash
P103693,5/20/2025,Train,Colombo - Kandy,16:00,118,320,37760,Tuesday,Cash
P104621,4/16/2025,Train,Colombo - Kurunegala,20:00,109,250,27250,Wednesday,Mobile Payment
P103608,12/15/2025,Bus,Colombo - Ratnapura,18:00,97,300,29100,Monday,Cash
P101756,7/25/2025,Train,Kandy - Nuwara Eliya,21:00,146,240,35040,Friday,Cash
P105274,10/14/2025,Train,Kandy - Colombo,18:00,68,350,23800,Tuesday,Mobile Payment
P104560,12/11/2025,Other,Colombo - Negombo,18:00,35,320,11200,Thursday,Cash
P100749,1/12/2025,Other,Kandy - Nuwara Eliya,7:30,29,330,9570,Sunday,Card
P105781,8/25/2025,Train,Kandy - Nuwara Eliya,16:00,66,230,15180,Monday,Cash
P101534,2/15/2025,Bus,Colombo - Ratnapura,13:00,47,300,14100,Saturday,Cash
P101043,10/19/2025,Bus,Galle - Matara,15:00,36,180,6480,Sunday,Mobile Payment
P105492,1/20/2025,Train,Kandy - Colombo,7:30,135,330,44550,Monday,Cash
P103880,3/5/2025,Bus,Colombo - Galle,18:00,59,400,23600,Wednesday,Cash
P102664,1/9/2025,Train,Galle - Matara,13:00,175,140,24500,Thursday,Cash
P105107,8/2/2025,Bus,Colombo - Galle,17:30,45,380,17100,Saturday,Mobile Payment
P101558,8/17/2025,Bus,Colombo - Kandy,9:00,41,420,17220,Sunday,Cash
P100492,12/3/2025,Train,Colombo - Kalutara,21:00,165,140,23100,Wednesday,Cash
P104374,8/9/2025,Bus,Colombo - Kalutara,18:00,14,170,2380,Saturday,Mobile Payment
P103383,6/26/2025,Bus,Colombo - Kandy,7:30,80,480,38400,Thursday,Card
P105528,10/2/2025,Bus,Colombo - Ratnapura,8:30,63,280,17640,Thursday,Mobile Payment
P100472,2/16/2025,Other,Kandy - Nuwara Eliya,8:00,50,380,19000,Sunday,Card
P105304,6/30/2025,Train,Colombo - Kurunegala,10:00,146,290,42340,Monday,Cash
P102313,7/9/2025,Bus,Colombo - Kalutara,8:00,91,180,16380,Wednesday,Card
P105598,3/10/2025,Train,Colombo - Kandy,18:30,76,340,25840,Monday,Mobile Payment
P100808,10/5/2025,Other,Kurunegala - Dambulla,15:00,24,300,7200,Sunday,Mobile Payment
P105671,12/8/2025,Train,Colombo - Kandy,13:00,86,330,28380,Monday,Cash
P104880,7/6/2025,Train,Kurunegala - Dambulla,16:00,137,180,24660,Sunday,Card
P100897,7/28/2025,Bus,Colombo - Negombo,6:30,49,230,11270,Monday,Cash
P105372,5/30/2025,Bus,Colombo - Kalutara,8:30,58,190,11020,Friday,Cash
P102504,10/28/2025,Other,Colombo - Kurunegala,9:00,40,440,17600,Tuesday,Cash
P105684,1/30/2025,Bus,Colombo - Galle,8:30,87,430,37410,Thursday,Mobile Payment
P104323,12/22/2025,Train,Galle - Matara,18:30,199,160,31840,Monday,Mobile Payment
P100355,8/30/2025,Bus,Colombo - Kandy,21:00,32,440,14080,Saturday,Mobile Payment
P100252,7/30/2025,Bus,Colombo - Galle,21:00,34,420,14280,Wednesday,Cash
P100186,12/14/2025,Train,Colombo - Kurunegala,18:30,75,250,18750,Sunday,Cash
P102379,10/3/2025,Bus,Galle - Matara,14:00,47,190,8930,Friday,Cash
P101184,7/3/2025,Other,Colombo - Negombo,18:30,36,300,10800,Thursday,Cash
P102111,11/28/2025,Bus,Colombo - Ratnapura,8:00,48,320,15360,Friday,Cash
P104275,6/2/2025,Train,Colombo - Negombo,10:00,70,180,12600,Monday,Cash
P100228,10/23/2025,Bus,Colombo - Kalutara,18:00,16,160,2560,Thursday,Card
P102154,3/23/2025,Train,Colombo - Kandy,15:00,87,330,28710,Sunday,Cash
P105768,1/22/2025,Bus,Colombo - Kandy,16:00,36,410,14760,Wednesday,Mobile Payment
P101296,4/3/2025,Bus,Colombo - Ratnapura,9:00,33,290,9570,Thursday,Cash
P105932,3/8/2025,Bus,Colombo - Kandy,9:00,34,470,15980,Saturday,Mobile Payment
P104852,5/31/2025,Bus,Colombo - Kurunegala,11:00,64,350,22400,Saturday,Card
P103939,12/7/2025,Bus,Galle - Matara,7:00,78,210,16380,Sunday,Card
P105461,9/2/2025,Train,Kandy - Colombo,6:30,130,320,41600,Tuesday,Cash
P102803,11/2/2025,Other,Kandy - Nuwara Eliya,17:30,39,400,15600,Sunday,Cash
P103185,5/8/2025,Bus,Kandy - Nuwara Eliya,19:00,55,280,15400,Thursday,Cash
P101906,8/20/2025,Bus,Colombo - Kalutara,17:30,21,170,3570,Wednesday,Cash
P105037,8/6/2025,Train,Colombo - Negombo,11:00,56,180,10080,Wednesday,Mobile Payment
P102224,10/4/2025,Bus,Kurunegala - Dambulla,12:00,63,230,14490,Saturday,Cash
P103839,10/24/2025,Other,Colombo - Kalutara,14:00,18,210,3780,Friday,Cash
P103182,9/28/2025,Bus,Kandy - Nuwara Eliya,8:30,50,290,14500,Sunday,Cash
P100293,11/20/2025,Train,Kandy - Colombo,17:00,199,310,61690,Thursday,Card
P102722,12/21/2025,Train,Colombo - Kalutara,10:00,109,140,15260,Sunday,Card
P100550,12/4/2025,Train,Colombo - Galle,18:00,116,320,37120,Thursday,Cash
P104255,1/17/2025,Bus,Kandy - Colombo,17:00,30,490,14700,Friday,Cash
P105530,11/23/2025,Bus,Colombo - Ratnapura,17:30,54,280,15120,Sunday,Cash
P101570,7/23/2025,Bus,Galle - Matara,11:00,40,180,7200,Wednesday,Mobile Payment
P101076,8/9/2025,Bus,Colombo - Negombo,17:00,50,230,11500,Saturday,Cash
P104441,9/13/2025,Train,Kandy - Nuwara Eliya,21:00,100,210,21000,Saturday,Card
P102448,3/26/2025,Bus,Colombo - Kurunegala,8:00,59,340,20060,Wednesday,Mobile Payment
P101323,11/29/2025,Train,Colombo - Kalutara,10:00,83,130,10790,Saturday,Mobile Payment
P105060,7/12/2025,Bus,Galle - Matara,7:00,35,200,7000,Saturday,Card
P102969,7/25/2025,Other,Colombo - Kurunegala,12:00,26,410,10660,Friday,Mobile Payment
P103210,5/16/2025,Train,Colombo - Kalutara,18:30,194,130,25220,Friday,Mobile Payment
P102671,2/27/2025,Train,Kandy - Colombo,21:00,121,310,37510,Thursday,Cash
P102421,7/2/2025,Bus,Colombo - Kandy,18:00,21,430,9030,Wednesday,Mobile Payment
P103735,11/11/2025,Bus,Colombo - Kalutara,9:00,53,160,8480,Tuesday,Mobile Payment
P105110,2/1/2025,Other,Galle - Matara,8:00,18,230,4140,Saturday,Cash
P103054,11/4/2025,Bus,Colombo - Kandy,13:00,65,430,27950,Tuesday,Card
P102835,4/27/2025,Bus,Kandy - Colombo,13:00,36,430,15480,Sunday,Cash
P103718,4/7/2025,Bus,Colombo - Kandy,11:00,53,430,22790,Monday,Mobile Payment
P103338,2/21/2025,Train,Colombo - Kalutara,14:00,81,130,10530,Friday,Cash
P103197,10/4/2025,Other,Colombo - Galle,7:00,20,490,9800,Saturday,Mobile Payment
P104867,4/21/2025,Bus,Colombo - Kandy,10:00,52,410,21320,Monday,Mobile Payment
P103741,8/24/2025,Other,Colombo - Galle,18:30,19,520,9880,Sunday,Mobile Payment
P104887,8/18/2025,Bus,Colombo - Negombo,19:00,88,260,22880,Monday,Mobile Payment
P105801,10/23/2025,Bus,Colombo - Kalutara,7:00,32,170,5440,Thursday,Mobile Payment
P101143,8/31/2025,Train,Colombo - Kurunegala,12:00,108,260,28080,Sunday,Card
P104644,5/13/2025,Bus,Kandy - Colombo,7:00,56,490,27440,Tuesday,Cash
P100933,11/29/2025,Other,Kurunegala - Dambulla,7:00,31,310,9610,Saturday,Mobile Payment
P100614,11/23/2025,Bus,Kurunegala - Dambulla,12:00,37,230,8510,Sunday,Cash
P102228,5/1/2025,Train,Colombo - Kalutara,19:00,97,150,14550,Thursday,Cash
P104739,4/10/2025,Bus,Kandy - Nuwara Eliya,19:00,25,290,7250,Thursday,Cash
P103241,1/20/2025,Bus,Colombo - Ratnapura,14:00,30,290,8700,Monday,Cash
P103470,2/15/2025,Bus,Colombo - Galle,17:30,40,370,14800,Saturday,Card
P105051,12/1/2025,Bus,Colombo - Negombo,7:00,61,230,14030,Monday,Mobile Payment
P104692,12/31/2025,Bus,Kandy - Nuwara Eliya,18:30,42,300,12600,Wednesday,Cash
P103816,3/23/2025,Train,Colombo - Ratnapura,8:30,153,210,32130,Sunday,Mobile Payment
P104102,6/21/2025,Bus,Galle - Matara,6:30,57,190,10830,Saturday,Card
P105408,2/28/2025,Bus,Colombo - Kurunegala,13:00,41,360,14760,Friday,Card
P100506,9/24/2025,Bus,Colombo - Negombo,10:00,29,240,6960,Wednesday,Cash
P101510,8/4/2025,Train,Kurunegala - Dambulla,15:00,110,200,22000,Monday,Card
P101667,6/6/2025,Bus,Galle - Matara,14:00,22,220,4840,Friday,Card
P100273,6/27/2025,Train,Colombo - Kalutara,21:00,98,140,13720,Friday,Cash
P102116,1/15/2025,Bus,Colombo - Ratnapura,8:00,28,300,8400,Wednesday,Mobile Payment
P105165,3/2/2025,Bus,Colombo - Negombo,6:30,53,260,13780,Sunday,Cash
P104506,5/6/2025,Bus,Colombo - Kalutara,12:00,41,180,7380,Tuesday,Card
P101486,11/15/2025,Bus,Colombo - Kurunegala,21:00,57,350,19950,Saturday,Card
P104302,3/24/2025,Other,Kandy - Colombo,18:30,21,500,10500,Monday,Cash
P100702,10/10/2025,Bus,Colombo - Kalutara,15:00,52,180,9360,Friday,Mobile Payment
P103834,7/11/2025,Bus,Colombo - Negombo,8:30,53,250,13250,Friday,Cash
P103590,10/18/2025,Bus,Colombo - Galle,19:00,28,400,11200,Saturday,Card
P100107,10/2/2025,Bus,Colombo - Negombo,19:00,44,240,10560,Thursday,Cash
P105048,8/27/2025,Bus,Colombo - Kurunegala,16:00,33,350,11550,Wednesday,Cash
P105001,1/18/2025,Bus,Kurunegala - Dambulla,8:00,70,270,18900,Saturday,Mobile Payment
P105318,7/10/2025,Other,Colombo - Kalutara,21:00,30,210,6300,Thursday,Mobile Payment
P104768,5/23/2025,Bus,Colombo - Kandy,14:00,53,430,22790,Friday,Cash
P105242,12/7/2025,Bus,Kandy - Colombo,17:00,38,450,17100,Sunday,Cash
P103850,7/14/2025,Bus,Colombo - Kalutara,6:30,67,180,12060,Monday,Card
P100953,9/28/2025,Bus,Colombo - Ratnapura,7:30,49,320,15680,Sunday,Mobile Payment
P102365,5/27/2025,Train,Colombo - Kurunegala,14:00,110,280,30800,Tuesday,Mobile Payment
P103896,1/25/2025,Train,Colombo - Galle,8:30,124,270,33480,Saturday,Cash
P103840,9/2/2025,Train,Kandy - Colombo,17:00,203,350,71050,Tuesday,Cash
P102651,10/5/2025,Bus,Colombo - Negombo,16:00,51,270,13770,Sunday,Mobile Payment
P103227,12/12/2025,Bus,Colombo - Kurunegala,18:30,55,370,20350,Friday,Cash
P104931,5/2/2025,Bus,Galle - Matara,7:00,34,190,6460,Friday,Cash
P102911,4/30/2025,Bus,Kandy - Nuwara Eliya,16:00,30,290,8700,Wednesday,Cash
P101085,9/28/2025,Other,Kurunegala - Dambulla,8:30,18,310,5580,Sunday,Card
P103540,9/16/2025,Bus,Colombo - Kalutara,21:00,54,180,9720,Tuesday,Mobile Payment
P103545,4/30/2025,Train,Colombo - Kalutara,9:00,148,140,20720,Wednesday,Cash
P104642,9/12/2025,Bus,Colombo - Galle,20:00,37,430,15910,Friday,Mobile Payment
P101421,1/29/2025,Bus,Colombo - Ratnapura,6:30,33,320,10560,Wednesday,Card
P102771,5/15/2025,Bus,Galle - Matara,17:00,36,190,6840,Thursday,Card
P101787,4/25/2025,Train,Colombo - Galle,7:30,80,330,26400,Friday,Mobile Payment
P104481,3/18/2025,Bus,Galle - Matara,10:00,36,190,6840,Tuesday,Mobile Payment
P101889,12/28/2025,Train,Kandy - Colombo,8:00,122,350,42700,Sunday,Mobile Payment
P105662,6/14/2025,Bus,Colombo - Kurunegala,12:00,33,380,12540,Saturday,Cash
P105650,5/22/2025,Train,Galle - Matara,21:00,59,140,8260,Thursday,Card
P100417,6/1/2025,Bus,Colombo - Negombo,11:00,32,240,7680,Sunday,Mobile Payment
P101216,10/28/2025,Bus,Colombo - Galle,8:00,38,430,16340,Tuesday,Mobile Payment
P104839,7/23/2025,Bus,Colombo - Ratnapura,12:00,28,310,8680,Wednesday,Mobile Payment
P105747,7/3/2025,Train,Kandy - Colombo,17:30,136,330,44880,Thursday,Cash
P100565,3/31/2025,Bus,Colombo - Ratnapura,7:00,67,290,19430,Monday,Card
P100479,7/15/2025,Other,Colombo - Kurunegala,14:00,36,410,14760,Tuesday,Cash
P105838,3/1/2025,Bus,Colombo - Galle,12:00,34,390,13260,Saturday,Cash
P100143,1/30/2025,Bus,Colombo - Negombo,8:00,65,260,16900,Thursday,Cash
P101213,11/12/2025,Bus,Kurunegala - Dambulla,19:00,82,250,20500,Wednesday,Card
P105298,5/30/2025,Train,Colombo - Kurunegala,19:00,102,280,28560,Friday,Card
P101098,9/7/2025,Bus,Colombo - Galle,18:30,47,410,19270,Sunday,Mobile Payment
P102143,10/5/2025,Train,Colombo - Galle,6:30,166,330,54780,Sunday,Cash
P100606,6/15/2025,Bus,Colombo - Kalutara,12:00,38,170,6460,Sunday,Card
P103787,12/19/2025,Train,Colombo - Kalutara,10:00,44,140,6160,Friday,Cash
P102576,3/13/2025,Train,Colombo - Kandy,14:00,107,350,37450,Thursday,Card
P100498,12/10/2025,Bus,Colombo - Kurunegala,7:30,44,370,16280,Wednesday,Cash
P102543,2/11/2025,Train,Colombo - Galle,8:00,179,290,51910,Tuesday,Cash
P104482,2/28/2025,Bus,Colombo - Kandy,9:00,36,410,14760,Friday,Cash
P105222,5/13/2025,Bus,Colombo - Negombo,11:00,5,260,1300,Tuesday,Mobile Payment
P102464,9/26/2025,Train,Colombo - Kurunegala,15:00,21,260,5460,Friday,Card
P100722,2/3/2025,Bus,Kandy - Nuwara Eliya,8:30,67,320,21440,Monday,Card
P101087,3/26/2025,Train,Kandy - Colombo,16:00,73,300,21900,Wednesday,Cash
P101026,6/21/2025,Bus,Colombo - Negombo,16:00,43,240,10320,Saturday,Cash
P101358,6/20/2025,Bus,Kandy - Nuwara Eliya,15:00,30,280,8400,Friday,Card
P103257,2/18/2025,Train,Colombo - Galle,7:30,95,330,31350,Tuesday,Mobile Payment
P102813,12/19/2025,Train,Colombo - Kandy,7:00,132,320,42240,Friday,Card
P103399,1/15/2025,Bus,Colombo - Ratnapura,18:00,80,310,24800,Wednesday,Card
P104812,9/20/2025,Train,Kurunegala - Dambulla,7:30,82,190,15580,Saturday,Cash
P104833,10/9/2025,Train,Colombo - Ratnapura,12:00,155,220,34100,Thursday,Cash
P102893,9/25/2025,Train,Colombo - Ratnapura,11:00,102,210,21420,Thursday,Cash
P103408,7/10/2025,Other,Colombo - Negombo,16:00,17,270,4590,Thursday,Card
P102958,8/8/2025,Train,Colombo - Negombo,6:30,110,200,22000,Friday,Cash
P104752,12/12/2025,Bus,Kandy - Nuwara Eliya,18:00,42,320,13440,Friday,Cash
P100337,2/2/2025,Train,Colombo - Ratnapura,12:00,111,230,25530,Sunday,Mobile Payment
P105258,10/29/2025,Bus,Kurunegala - Dambulla,9:00,48,250,12000,Wednesday,Cash
P101965,6/26/2025,Train,Colombo - Kandy,9:00,61,300,18300,Thursday,Cash
P103558,6/24/2025,Bus,Colombo - Galle,7:00,75,420,31500,Tuesday,Cash
P101562,8/22/2025,Bus,Kandy - Nuwara Eliya,8:30,47,290,13630,Friday,Cash
P101739,6/10/2025,Bus,Colombo - Ratnapura,7:00,95,330,31350,Tuesday,Cash
P104363,2/3/2025,Train,Colombo - Ratnapura,7:30,120,230,27600,Monday,Card
P102440,2/10/2025,Bus,Colombo - Negombo,7:00,58,250,14500,Monday,Cash
P102019,2/10/2025,Bus,Kurunegala - Dambulla,16:00,51,240,12240,Monday,Card
P103097,3/20/2025,Other,Kurunegala - Dambulla,18:00,18,310,5580,Thursday,Card
P100725,9/16/2025,Train,Kurunegala - Dambulla,16:00,91,200,18200,Tuesday,Cash
P100766,3/20/2025,Train,Galle - Matara,13:00,148,160,23680,Thursday,Cash
P100287,5/12/2025,Bus,Colombo - Galle,20:00,30,410,12300,Monday,Card
P100308,6/21/2025,Bus,Colombo - Kurunegala,7:00,66,380,25080,Saturday,Cash
P105211,3/23/2025,Other,Colombo - Kurunegala,17:00,32,460,14720,Sunday,Mobile Payment
P104669,6/30/2025,Train,Colombo - Galle,17:30,163,290,47270,Monday,Card
P105436,9/15/2025,Train,Colombo - Galle,18:30,138,320,44160,Monday,Cash
P101731,9/16/2025,Bus,Galle - Matara,7:00,61,190,11590,Tuesday,Mobile Payment
P104410,3/19/2025,Train,Galle - Matara,16:00,156,140,21840,Wednesday,Cash
P105086,6/15/2025,Bus,Galle - Matara,13:00,38,210,7980,Sunday,Card
P101472,3/15/2025,Train,Galle - Matara,11:00,67,140,9380,Saturday,Cash
P100072,1/18/2025,Bus,Colombo - Kalutara,10:00,36,170,6120,Saturday,Mobile Payment
P101567,8/2/2025,Train,Galle - Matara,6:30,98,140,13720,Saturday,Card
P100712,4/14/2025,Train,Colombo - Kalutara,10:00,161,130,20930,Monday,Card
P103711,2/7/2025,Bus,Colombo - Kandy,20:00,16,410,6560,Friday,Cash
P101021,8/20/2025,Train,Kandy - Nuwara Eliya,15:00,38,220,8360,Wednesday,Cash
P101346,12/2/2025,Bus,Colombo - Galle,13:00,32,410,13120,Tuesday,Cash
P104999,3/14/2025,Train,Colombo - Kandy,8:00,121,340,41140,Friday,Mobile Payment
P103159,12/9/2025,Train,Galle - Matara,17:30,112,160,17920,Tuesday,Cash
P100738,12/12/2025,Train,Kandy - Nuwara Eliya,8:30,177,240,42480,Friday,Mobile Payment
P105401,6/7/2025,Bus,Colombo - Negombo,15:00,48,260,12480,Saturday,Cash
P102433,4/29/2025,Other,Galle - Matara,7:30,31,240,7440,Tuesday,Cash
P105804,1/20/2025,Train,Galle - Matara,19:00,137,140,19180,Monday,Card
P105571,4/8/2025,Other,Colombo - Ratnapura,15:00,28,340,9520,Tuesday,Cash
P101236,12/20/2025,Bus,Galle - Matara,13:00,45,180,8100,Saturday,Card
P102260,11/11/2025,Bus,Colombo - Kurunegala,8:00,38,330,12540,Tuesday,Mobile Payment
P105480,11/30/2025,Bus,Colombo - Galle,17:00,58,400,23200,Sunday,Cash
P104380,7/24/2025,Bus,Colombo - Kandy,12:00,34,430,14620,Thursday,Mobile Payment
P103951,3/16/2025,Bus,Colombo - Negombo,15:00,33,260,8580,Sunday,Card
P105489,11/17/2025,Train,Colombo - Negombo,13:00,141,200,28200,Monday,Cash
P100979,11/28/2025,Bus,Colombo - Negombo,15:00,35,250,8750,Friday,Cash
P104624,4/7/2025,Train,Colombo - Kurunegala,16:00,167,280,46760,Monday,Mobile Payment
P105109,11/3/2025,Train,Colombo - Kalutara,18:00,174,140,24360,Monday,Card
P102023,12/15/2025,Other,Colombo - Kurunegala,9:00,30,460,13800,Monday,Card
P103521,5/4/2025,Bus,Colombo - Kandy,13:00,40,430,17200,Sunday,Mobile Payment
P105282,5/16/2025,Bus,Kandy - Nuwara Eliya,16:00,42,320,13440,Friday,Card
P100345,5/25/2025,Bus,Galle - Matara,6:30,59,210,12390,Sunday,Card
P105000,2/17/2025,Train,Colombo - Negombo,10:00,91,200,18200,Monday,Cash
P100912,4/11/2025,Bus,Colombo - Kalutara,7:00,68,160,10880,Friday,Mobile Payment
P102437,2/24/2025,Bus,Colombo - Kalutara,18:30,6,190,1140,Monday,Mobile Payment
P100048,1/14/2025,Bus,Colombo - Kandy,7:00,42,460,19320,Tuesday,Mobile Payment
P104081,6/6/2025,Train,Kurunegala - Dambulla,18:30,93,200,18600,Friday,Card
P105196,8/20/2025,Train,Colombo - Negombo,15:00,95,200,19000,Wednesday,Mobile Payment
P100444,5/28/2025,Bus,Kandy - Colombo,17:30,54,430,23220,Wednesday,Card
P103593,2/10/2025,Train,Colombo - Galle,6:30,131,320,41920,Monday,Cash
P103131,3/8/2025,Train,Kandy - Nuwara Eliya,11:00,98,230,22540,Saturday,Cash
P102487,6/5/2025,Bus,Colombo - Galle,9:00,64,380,24320,Thursday,Mobile Payment
P105709,6/11/2025,Train,Galle - Matara,7:00,114,160,18240,Wednesday,Card
P101894,5/11/2025,Bus,Colombo - Ratnapura,6:30,64,270,17280,Sunday,Cash
P103018,4/29/2025,Bus,Galle - Matara,7:00,81,190,15390,Tuesday,Card
P101221,7/28/2025,Other,Colombo - Ratnapura,13:00,40,340,13600,Monday,Cash
P103831,3/4/2025,Bus,Colombo - Ratnapura,15:00,51,320,16320,Tuesday,Mobile Payment
P102269,3/10/2025,Bus,Colombo - Galle,19:00,74,420,31080,Monday,Cash
P101056,7/2/2025,Bus,Kandy - Nuwara Eliya,11:00,48,320,15360,Wednesday,Cash
P100849,1/24/2025,Bus,Kandy - Nuwara Eliya,7:00,34,290,9860,Friday,Cash
P103893,11/28/2025,Train,Colombo - Ratnapura,8:00,130,230,29900,Friday,Card
P105847,2/3/2025,Bus,Colombo - Negombo,16:00,27,270,7290,Monday,Cash
P103878,1/26/2025,Train,Colombo - Kalutara,18:00,162,120,19440,Sunday,Card
P102743,8/5/2025,Bus,Kurunegala - Dambulla,16:00,64,260,16640,Tuesday,Cash
P105607,8/25/2025,Train,Kandy - Nuwara Eliya,16:00,104,230,23920,Monday,Card
P104281,4/24/2025,Bus,Colombo - Kandy,8:00,51,430,21930,Thursday,Cash
P101329,9/14/2025,Train,Colombo - Kurunegala,8:00,164,270,44280,Sunday,Cash
P102875,7/25/2025,Train,Colombo - Kandy,10:00,66,310,20460,Friday,Cash
P104631,8/25/2025,Bus,Galle - Matara,7:00,53,180,9540,Monday,Cash
P100777,5/12/2025,Bus,Kurunegala - Dambulla,12:00,34,250,8500,Monday,Cash
P105677,2/28/2025,Train,Galle - Matara,12:00,141,140,19740,Friday,Card
P100184,11/27/2025,Train,Galle - Matara,17:30,150,150,22500,Thursday,Mobile Payment
P103130,6/30/2025,Train,Kandy - Nuwara Eliya,7:30,167,200,33400,Monday,Mobile Payment
P104099,5/17/2025,Bus,Kurunegala - Dambulla,10:00,29,250,7250,Saturday,Cash
P101194,9/9/2025,Train,Kandy - Nuwara Eliya,7:30,200,220,44000,Tuesday,Cash
P103649,1/28/2025,Train,Kurunegala - Dambulla,15:00,38,210,7980,Tuesday,Cash
P100735,5/25/2025,Bus,Galle - Matara,12:00,36,210,7560,Sunday,Cash
P101836,3/3/2025,Train,Colombo - Negombo,15:00,121,180,21780,Monday,Card
P102273,7/23/2025,Bus,Colombo - Kalutara,18:30,62,180,11160,Wednesday,Cash
P103794,5/29/2025,Train,Galle - Matara,20:00,93,160,14880,Thursday,Cash
P100486,12/18/2025,Other,Colombo - Kandy,6:30,40,500,20000,Thursday,Card
P101164,2/15/2025,Train,Colombo - Ratnapura,16:00,25,240,6000,Saturday,Mobile Payment
P100453,11/22/2025,Bus,Colombo - Ratnapura,9:00,27,300,8100,Saturday,Mobile Payment
P102299,5/6/2025,Bus,Colombo - Kurunegala,18:30,39,350,13650,Tuesday,Card
P104595,3/10/2025,Bus,Colombo - Ratnapura,17:00,47,270,12690,Monday,Cash
P100031,5/2/2025,Train,Colombo - Kalutara,6:30,134,130,17420,Friday,Cash
P100790,10/25/2025,Other,Colombo - Kalutara,19:00,33,230,7590,Saturday,Mobile Payment
P105099,5/13/2025,Bus,Colombo - Ratnapura,17:00,40,290,11600,Tuesday,Card
P101966,1/22/2025,Train,Kandy - Colombo,6:30,38,310,11780,Wednesday,Cash
P101110,5/22/2025,Bus,Galle - Matara,17:00,42,210,8820,Thursday,Cash
P100101,8/24/2025,Bus,Kandy - Colombo,19:00,42,430,18060,Sunday,Cash
P103971,12/15/2025,Other,Colombo - Kurunegala,19:00,26,430,11180,Monday,Cash
P103013,1/24/2025,Bus,Colombo - Ratnapura,18:00,41,280,11480,Friday,Cash
P103168,12/21/2025,Bus,Kandy - Nuwara Eliya,17:00,44,300,13200,Sunday,Card
P104725,5/30/2025,Bus,Kurunegala - Dambulla,21:00,43,270,11610,Friday,Card
P101771,11/27/2025,Bus,Colombo - Kandy,6:30,66,450,29700,Thursday,Card
P101920,1/10/2025,Bus,Colombo - Ratnapura,18:00,27,290,7830,Friday,Card
P103756,6/22/2025,Bus,Colombo - Galle,18:30,67,420,28140,Sunday,Card
P104542,7/19/2025,Bus,Galle - Matara,17:30,40,200,8000,Saturday,Card
P100862,3/26/2025,Bus,Kandy - Nuwara Eliya,14:00,40,310,12400,Wednesday,Mobile Payment
P101502,2/1/2025,Bus,Colombo - Kurunegala,17:00,42,350,14700,Saturday,Cash
P100904,9/5/2025,Train,Colombo - Ratnapura,21:00,85,230,19550,Friday,Card
P105056,10/15/2025,Train,Colombo - Galle,19:00,147,320,47040,Wednesday,Card
P100110,8/4/2025,Bus,Galle - Matara,19:00,52,190,9880,Monday,Card
P105369,4/22/2025,Train,Colombo - Kandy,18:00,76,370,28120,Tuesday,Card
P105873,3/19/2025,Train,Kandy - Colombo,7:30,140,310,43400,Wednesday,Card
P105035,4/12/2025,Bus,Galle - Matara,17:30,48,210,10080,Saturday,Card
P104398,8/31/2025,Bus,Kandy - Colombo,10:00,47,450,21150,Sunday,Cash
P101927,1/13/2025,Train,Kandy - Colombo,12:00,154,350,53900,Monday,Card
P102134,3/8/2025,Bus,Colombo - Ratnapura,6:30,44,290,12760,Saturday,Cash
P103526,7/31/2025,Bus,Colombo - Ratnapura,7:30,80,280,22400,Thursday,Card
P105862,11/16/2025,Bus,Colombo - Ratnapura,8:30,62,270,16740,Sunday,Mobile Payment
P104651,11/8/2025,Bus,Colombo - Kandy,10:00,40,410,16400,Saturday,Cash
P103672,12/15/2025,Bus,Galle - Matara,13:00,58,210,12180,Monday,Card
P104394,11/10/2025,Bus,Colombo - Negombo,21:00,34,270,9180,Monday,Cash
P103046,12/30/2025,Train,Colombo - Kalutara,13:00,102,130,13260,Tuesday,Cash
P105547,3/14/2025,Bus,Colombo - Ratnapura,15:00,37,310,11470,Friday,Card
P105161,6/23/2025,Train,Colombo - Kurunegala,7:00,166,270,44820,Monday,Cash
P105639,10/5/2025,Bus,Colombo - Galle,6:30,54,420,22680,Sunday,Mobile Payment
P103887,1/10/2025,Other,Colombo - Galle,7:30,45,520,23400,Friday,Cash
P101095,9/9/2025,Bus,Colombo - Negombo,17:00,29,270,7830,Tuesday,Cash
P101122,4/26/2025,Other,Galle - Matara,20:00,35,240,8400,Saturday,Cash
P102517,9/16/2025,Bus,Colombo - Negombo,18:30,44,250,11000,Tuesday,Card
P102211,8/14/2025,Train,Colombo - Kandy,8:30,144,330,47520,Thursday,Cash
P100810,2/27/2025,Bus,Kandy - Colombo,20:00,34,410,13940,Thursday,Mobile Payment
P104253,11/2/2025,Bus,Colombo - Negombo,16:00,40,260,10400,Sunday,Cash
P103275,5/18/2025,Train,Kurunegala - Dambulla,19:00,192,200,38400,Sunday,Cash
P105908,7/5/2025,Train,Colombo - Ratnapura,7:30,151,220,33220,Saturday,Cash
P104344,7/30/2025,Train,Colombo - Kandy,10:00,125,310,38750,Wednesday,Cash
P105846,2/3/2025,Bus,Kandy - Colombo,15:00,35,440,15400,Monday,Card
P105504,9/9/2025,Bus,Galle - Matara,12:00,61,210,12810,Tuesday,Cash
P105654,10/11/2025,Bus,Colombo - Ratnapura,12:00,62,300,18600,Saturday,Cash
P103945,4/29/2025,Bus,Kurunegala - Dambulla,10:00,37,260,9620,Tuesday,Mobile Payment
P105040,2/24/2025,Other,Colombo - Kalutara,9:00,22,220,4840,Monday,Cash
P102544,1/9/2025,Train,Kandy - Colombo,10:00,113,340,38420,Thursday,Card
P101774,6/15/2025,Other,Kandy - Colombo,9:00,28,570,15960,Sunday,Mobile Payment
P102847,7/26/2025,Train,Colombo - Kalutara,14:00,143,130,18590,Saturday,Cash
P105800,1/28/2025,Bus,Colombo - Ratnapura,8:00,48,270,12960,Tuesday,Card
P101766,12/25/2025,Bus,Kandy - Colombo,17:30,23,430,9890,Thursday,Card
P103898,3/30/2025,Train,Colombo - Kandy,16:00,97,370,35890,Sunday,Card
P105629,5/6/2025,Bus,Kandy - Nuwara Eliya,13:00,65,300,19500,Tuesday,Cash
P101757,2/12/2025,Other,Colombo - Negombo,11:00,36,310,11160,Wednesday,Mobile Payment
P102347,12/8/2025,Train,Kurunegala - Dambulla,6:30,137,170,23290,Monday,Cash
P102997,8/9/2025,Bus,Colombo - Negombo,7:30,41,250,10250,Saturday,Card
P101596,10/1/2025,Train,Kurunegala - Dambulla,20:00,137,200,27400,Wednesday,Mobile Payment
P105967,5/11/2025,Other,Galle - Matara,8:30,19,250,4750,Sunday,Cash
P103253,3/9/2025,Train,Colombo - Kandy,21:00,159,330,52470,Sunday,Cash
P100830,4/19/2025,Bus,Colombo - Kandy,10:00,19,430,8170,Saturday,Card
P105865,7/4/2025,Train,Colombo - Galle,8:30,140,270,37800,Friday,Cash
P101859,1/6/2025,Train,Kurunegala - Dambulla,9:00,148,200,29600,Monday,Cash
P100439,9/16/2025,Train,Kandy - Colombo,9:00,68,370,25160,Tuesday,Mobile Payment
P100628,2/13/2025,Train,Colombo - Negombo,16:00,79,200,15800,Thursday,Cash
P105979,7/23/2025,Bus,Colombo - Kurunegala,16:00,60,370,22200,Wednesday,Cash
P102880,3/15/2025,Bus,Colombo - Kurunegala,16:00,52,350,18200,Saturday,Mobile Payment
P100926,2/1/2025,Bus,Kurunegala - Dambulla,18:30,67,270,18090,Saturday,Card
P104122,4/22/2025,Bus,Galle - Matara,6:30,53,210,11130,Tuesday,Card
P104875,7/3/2025,Bus,Colombo - Kalutara,20:00,59,180,10620,Thursday,Card
P105737,1/2/2025,Train,Colombo - Negombo,12:00,141,190,26790,Thursday,Cash
P102866,4/19/2025,Train,Galle - Matara,18:00,160,140,22400,Saturday,Card
P105952,7/9/2025,Bus,Kandy - Colombo,7:30,76,410,31160,Wednesday,Cash
P101174,11/27/2025,Bus,Colombo - Kurunegala,16:00,53,340,18020,Thursday,Card
P103361,2/26/2025,Train,Galle - Matara,17:00,132,140,18480,Wednesday,Cash
P103198,10/31/2025,Train,Kandy - Nuwara Eliya,10:00,135,240,32400,Friday,Card
P100945,7/24/2025,Bus,Kandy - Nuwara Eliya,13:00,61,280,17080,Thursday,Card
P104770,12/27/2025,Bus,Colombo - Kalutara,16:00,49,200,9800,Saturday,Cash
P102289,12/15/2025,Bus,Colombo - Kurunegala,15:00,27,360,9720,Monday,Cash
P100013,2/7/2025,Train,Colombo - Kalutara,19:00,202,120,24240,Friday,Cash
P101118,5/30/2025,Train,Colombo - Kalutara,12:00,131,130,17030,Friday,Cash
P104366,7/16/2025,Train,Colombo - Kurunegala,14:00,112,270,30240,Wednesday,Card
P103656,1/24/2025,Bus,Kandy - Colombo,9:00,41,490,20090,Friday,Cash
P105696,5/14/2025,Bus,Colombo - Kalutara,21:00,38,190,7220,Wednesday,Mobile Payment
P100643,9/10/2025,Bus,Colombo - Kalutara,12:00,33,190,6270,Wednesday,Mobile Payment
P102590,6/18/2025,Train,Kandy - Colombo,12:00,127,350,44450,Wednesday,Card
P104708,7/15/2025,Bus,Colombo - Kandy,12:00,38,460,17480,Tuesday,Card
P102679,3/15/2025,Bus,Kurunegala - Dambulla,21:00,60,270,16200,Saturday,Cash
P104293,10/14/2025,Train,Kandy - Nuwara Eliya,21:00,100,210,21000,Tuesday,Cash
P105080,6/9/2025,Bus,Colombo - Negombo,16:00,40,270,10800,Monday,Cash
P105488,5/17/2025,Train,Kurunegala - Dambulla,9:00,135,190,25650,Saturday,Mobile Payment
P102923,1/31/2025,Train,Colombo - Kalutara,9:00,116,130,15080,Friday,Cash
P102536,11/12/2025,Train,Kurunegala - Dambulla,13:00,100,180,18000,Wednesday,Cash
P104766,7/27/2025,Other,Colombo - Kandy,18:00,42,560,23520,Sunday,Cash
P102265,2/11/2025,Train,Kandy - Nuwara Eliya,13:00,73,220,16060,Tuesday,Cash
P100654,10/21/2025,Train,Kandy - Nuwara Eliya,12:00,148,240,35520,Tuesday,Cash
P100430,3/14/2025,Bus,Colombo - Negombo,7:00,59,240,14160,Friday,Cash
P103751,12/19/2025,Train,Galle - Matara,7:00,183,160,29280,Friday,Card
P103316,4/13/2025,Train,Colombo - Negombo,7:30,142,200,28400,Sunday,Cash
P102518,8/31/2025,Bus,Kandy - Colombo,15:00,41,430,17630,Sunday,Cash
P104012,6/18/2025,Bus,Colombo - Kurunegala,16:00,43,380,16340,Wednesday,Mobile Payment
P103163,5/9/2025,Bus,Colombo - Negombo,14:00,41,230,9430,Friday,Cash
P103606,11/8/2025,Bus,Kurunegala - Dambulla,14:00,41,250,10250,Saturday,Mobile Payment
P100839,2/6/2025,Train,Kandy - Nuwara Eliya,6:30,212,230,48760,Thursday,Cash
P101088,6/23/2025,Bus,Kurunegala - Dambulla,15:00,55,230,12650,Monday,Cash
P101729,7/22/2025,Train,Colombo - Kalutara,12:00,93,130,12090,Tuesday,Card
P105808,4/7/2025,Other,Colombo - Kalutara,21:00,23,210,4830,Monday,Mobile Payment
P101320,11/29/2025,Bus,Colombo - Ratnapura,8:00,39,310,12090,Saturday,Cash
P101331,12/3/2025,Train,Colombo - Kandy,17:00,129,350,45150,Wednesday,Cash
P104155,3/14/2025,Bus,Kurunegala - Dambulla,7:00,62,260,16120,Friday,Mobile Payment
P100857,12/21/2025,Bus,Galle - Matara,18:30,49,190,9310,Sunday,Mobile Payment
P101420,3/4/2025,Other,Colombo - Galle,12:00,22,470,10340,Tuesday,Cash
P102516,7/1/2025,Other,Colombo - Kurunegala,10:00,23,410,9430,Tuesday,Cash
P102300,9/24/2025,Bus,Galle - Matara,18:00,46,200,9200,Wednesday,Cash
P103537,8/30/2025,Bus,Kandy - Nuwara Eliya,11:00,32,310,9920,Saturday,Cash
P101609,6/8/2025,Bus,Colombo - Kurunegala,17:00,41,340,13940,Sunday,Cash
P105199,10/2/2025,Bus,Colombo - Galle,15:00,51,430,21930,Thursday,Card
P100694,5/29/2025,Bus,Colombo - Negombo,9:00,53,270,14310,Thursday,Cash
P104141,10/20/2025,Bus,Kandy - Nuwara Eliya,7:30,47,270,12690,Monday,Cash
P102667,3/14/2025,Bus,Colombo - Ratnapura,19:00,89,290,25810,Friday,Card
P100189,7/31/2025,Bus,Colombo - Kurunegala,12:00,13,320,4160,Thursday,Cash
P100288,4/23/2025,Bus,Colombo - Ratnapura,7:00,45,330,14850,Wednesday,Cash
P103411,8/6/2025,Bus,Colombo - Kurunegala,17:30,71,360,25560,Wednesday,Card
P105537,3/12/2025,Bus,Colombo - Ratnapura,12:00,34,320,10880,Wednesday,Cash
P104206,7/18/2025,Bus,Colombo - Kandy,9:00,24,410,9840,Friday,Cash
P103967,5/10/2025,Bus,Kandy - Nuwara Eliya,6:30,47,320,15040,Saturday,Card
P103772,2/13/2025,Other,Colombo - Negombo,17:30,31,320,9920,Thursday,Mobile Payment
P103216,2/3/2025,Bus,Colombo - Kurunegala,20:00,19,330,6270,Monday,Cash
P102334,11/11/2025,Train,Colombo - Kandy,11:00,133,310,41230,Tuesday,Cash
P105982,10/7/2025,Bus,Colombo - Galle,8:00,54,430,23220,Tuesday,Mobile Payment
P104095,12/23/2025,Bus,Kurunegala - Dambulla,15:00,51,240,12240,Tuesday,Mobile Payment
P102145,12/9/2025,Bus,Colombo - Galle,15:00,37,440,16280,Tuesday,Mobile Payment
P102981,7/19/2025,Bus,Colombo - Kurunegala,21:00,26,370,9620,Saturday,Mobile Payment
P100211,11/26/2025,Bus,Kandy - Nuwara Eliya,20:00,34,280,9520,Wednesday,Cash
P105608,9/29/2025,Train,Colombo - Ratnapura,8:00,154,230,35420,Monday,Cash
P104997,7/23/2025,Bus,Colombo - Kurunegala,20:00,56,340,19040,Wednesday,Mobile Payment
P103107,9/14/2025,Train,Galle - Matara,17:00,222,150,33300,Sunday,Card
P100074,5/15/2025,Train,Colombo - Galle,19:00,242,300,72600,Thursday,Card
P105766,2/19/2025,Train,Colombo - Ratnapura,14:00,166,220,36520,Wednesday,Cash
P102829,1/29/2025,Bus,Colombo - Ratnapura,19:00,46,270,12420,Wednesday,Mobile Payment
P104783,1/19/2025,Train,Kurunegala - Dambulla,6:30,118,180,21240,Sunday,Cash
P105945,8/6/2025,Other,Colombo - Negombo,10:00,23,300,6900,Wednesday,Cash
P104247,8/22/2025,Bus,Colombo - Negombo,11:00,51,270,13770,Friday,Cash
P102822,6/22/2025,Bus,Kurunegala - Dambulla,20:00,52,270,14040,Sunday,Card
P103306,3/13/2025,Bus,Kurunegala - Dambulla,7:30,66,260,17160,Thursday,Mobile Payment
P105595,10/22/2025,Bus,Galle - Matara,6:30,7,180,1260,Wednesday,Card
P102146,8/12/2025,Train,Colombo - Kurunegala,13:00,150,280,42000,Tuesday,Card
P101232,9/3/2025,Bus,Colombo - Kandy,18:00,61,490,29890,Wednesday,Cash
P105353,5/1/2025,Bus,Colombo - Ratnapura,20:00,47,320,15040,Thursday,Cash
P103341,4/22/2025,Train,Kandy - Colombo,15:00,111,360,39960,Tuesday,Cash
P105867,12/30/2025,Train,Kandy - Colombo,12:00,140,310,43400,Tuesday,Cash
P104392,1/1/2025,Bus,Kandy - Nuwara Eliya,9:00,51,270,13770,Wednesday,Cash
P100114,6/29/2025,Train,Colombo - Galle,15:00,97,330,32010,Sunday,Cash
P105087,7/5/2025,Train,Colombo - Negombo,8:00,57,190,10830,Saturday,Mobile Payment
P104260,10/17/2025,Bus,Colombo - Negombo,8:00,50,230,11500,Friday,Mobile Payment
P105442,10/21/2025,Bus,Colombo - Kurunegala,10:00,59,330,19470,Tuesday,Cash
P103196,10/19/2025,Bus,Kandy - Nuwara Eliya,21:00,49,290,14210,Sunday,Cash
P102457,7/2/2025,Bus,Colombo - Ratnapura,17:00,91,280,25480,Wednesday,Cash
P102949,10/14/2025,Bus,Colombo - Negombo,13:00,47,270,12690,Tuesday,Cash
P101840,9/14/2025,Bus,Colombo - Kalutara,11:00,48,200,9600,Sunday,Cash
P101963,7/4/2025,Train,Colombo - Negombo,13:00,93,180,16740,Friday,Card
P101893,5/29/2025,Train,Kandy - Colombo,19:00,171,350,59850,Thursday,Cash
P101826,12/18/2025,Bus,Galle - Matara,7:00,42,190,7980,Thursday,Card
P104340,5/25/2025,Bus,Colombo - Kandy,18:00,76,460,34960,Sunday,Cash
P104447,8/1/2025,Bus,Kurunegala - Dambulla,12:00,33,270,8910,Friday,Cash
P103459,10/17/2025,Train,Colombo - Kurunegala,8:30,143,280,40040,Friday,Cash
P103536,7/12/2025,Bus,Kandy - Colombo,11:00,30,490,14700,Saturday,Cash
P100253,11/9/2025,Train,Galle - Matara,14:00,105,160,16800,Sunday,Card
P100351,10/5/2025,Bus,Colombo - Negombo,13:00,58,250,14500,Sunday,Card
P102759,10/12/2025,Train,Colombo - Negombo,14:00,67,180,12060,Sunday,Cash
P104553,4/2/2025,Bus,Colombo - Kalutara,15:00,28,160,4480,Wednesday,Card
P100458,3/19/2025,Bus,Kurunegala - Dambulla,11:00,48,230,11040,Wednesday,Cash
P105845,7/11/2025,Train,Colombo - Negombo,14:00,137,190,26030,Friday,Cash
P100480,6/13/2025,Bus,Colombo - Kalutara,9:00,32,180,5760,Friday,Cash
P101115,6/6/2025,Train,Colombo - Kandy,18:00,178,360,64080,Friday,Cash
P100799,10/12/2025,Train,Colombo - Ratnapura,20:00,161,230,37030,Sunday,Cash
P104222,4/5/2025,Train,Colombo - Kurunegala,16:00,44,260,11440,Saturday,Mobile Payment
P102674,9/6/2025,Bus,Galle - Matara,7:30,52,210,10920,Saturday,Cash
P103096,11/9/2025,Train,Colombo - Negombo,18:00,166,170,28220,Sunday,Card
P100027,11/24/2025,Bus,Colombo - Negombo,7:30,50,240,12000,Monday,Cash
P103076,1/22/2025,Train,Colombo - Kalutara,8:30,143,130,18590,Wednesday,Cash
P102751,5/25/2025,Bus,Kandy - Nuwara Eliya,9:00,36,330,11880,Sunday,Card
P103271,5/11/2025,Bus,Colombo - Kurunegala,19:00,45,340,15300,Sunday,Cash
P101748,4/6/2025,Bus,Kandy - Nuwara Eliya,17:30,39,280,10920,Sunday,Cash
P101288,6/11/2025,Bus,Colombo - Negombo,9:00,42,230,9660,Wednesday,Cash
P101282,10/17/2025,Train,Kurunegala - Dambulla,6:30,102,190,19380,Friday,Cash
P104935,12/9/2025,Bus,Kurunegala - Dambulla,15:00,64,260,16640,Tuesday,Cash
P102620,5/30/2025,Bus,Kurunegala - Dambulla,7:30,57,240,13680,Friday,Cash
P102064,3/6/2025,Bus,Kandy - Nuwara Eliya,21:00,49,310,15190,Thursday,Cash
P102192,2/26/2025,Other,Galle - Matara,8:00,30,250,7500,Wednesday,Card
P104650,1/17/2025,Bus,Colombo - Kandy,16:00,48,430,20640,Friday,Mobile Payment
P105155,5/18/2025,Train,Colombo - Ratnapura,9:00,157,230,36110,Sunday,Cash
P104718,10/26/2025,Other,Colombo - Kalutara,8:00,27,230,6210,Sunday,Cash
P101952,3/8/2025,Bus,Colombo - Kalutara,8:30,45,170,7650,Saturday,Cash
P104579,4/21/2025,Other,Colombo - Negombo,8:00,5,320,1600,Monday,Card
P102918,4/26/2025,Train,Colombo - Kandy,7:30,178,360,64080,Saturday,Cash
P104936,9/8/2025,Bus,Colombo - Negombo,20:00,25,250,6250,Monday,Mobile Payment
P100608,7/22/2025,Bus,Colombo - Kandy,19:00,90,490,44100,Tuesday,Cash
P104094,11/25/2025,Other,Colombo - Negombo,6:30,49,280,13720,Tuesday,Cash
P104804,2/7/2025,Bus,Colombo - Kurunegala,13:00,42,340,14280,Friday,Card
P103405,4/23/2025,Train,Colombo - Kurunegala,7:30,61,290,17690,Wednesday,Cash
P105857,4/24/2025,Bus,Colombo - Kurunegala,20:00,65,360,23400,Thursday,Mobile Payment
P103942,6/3/2025,Train,Kurunegala - Dambulla,19:00,164,200,32800,Tuesday,Cash
P104853,12/12/2025,Train,Colombo - Ratnapura,14:00,76,250,19000,Friday,Cash
P105894,6/5/2025,Bus,Kurunegala - Dambulla,18:30,36,260,9360,Thursday,Mobile Payment
P104507,2/10/2025,Train,Galle - Matara,18:00,177,150,26550,Monday,Mobile Payment
P100204,3/3/2025,Train,Colombo - Negombo,20:00,124,170,21080,Monday,Cash
P100340,11/26/2025,Bus,Kandy - Colombo,14:00,33,430,14190,Wednesday,Card
P100838,5/23/2025,Bus,Colombo - Kalutara,15:00,47,180,8460,Friday,Cash
P104360,12/19/2025,Bus,Colombo - Kurunegala,8:30,59,320,18880,Friday,Cash
P100388,9/10/2025,Bus,Colombo - Negombo,17:00,66,270,17820,Wednesday,Cash
P104153,12/9/2025,Train,Kandy - Nuwara Eliya,9:00,114,220,25080,Tuesday,Mobile Payment
P104823,1/7/2025,Bus,Colombo - Negombo,15:00,18,270,4860,Tuesday,Cash
P102577,12/29/2025,Other,Colombo - Negombo,12:00,17,320,5440,Monday,Mobile Payment
P103784,6/9/2025,Train,Colombo - Galle,19:00,50,330,16500,Monday,Cash
P103024,2/25/2025,Bus,Colombo - Kandy,7:00,47,490,23030,Tuesday,Mobile Payment
P103427,5/18/2025,Train,Kandy - Nuwara Eliya,9:00,54,220,11880,Sunday,Mobile Payment
P103384,9/16/2025,Bus,Colombo - Kurunegala,7:30,44,350,15400,Tuesday,Card
P104666,7/1/2025,Train,Colombo - Kalutara,20:00,118,150,17700,Tuesday,Card
P102234,5/9/2025,Train,Colombo - Kurunegala,8:00,133,270,35910,Friday,Card
P101651,8/28/2025,Bus,Kandy - Nuwara Eliya,8:30,49,310,15190,Thursday,Cash
P103248,1/2/2025,Bus,Colombo - Kurunegala,13:00,42,350,14700,Thursday,Cash
P104907,11/25/2025,Other,Colombo - Galle,19:00,31,520,16120,Tuesday,Mobile Payment
P100678,2/23/2025,Bus,Colombo - Kandy,8:30,82,430,35260,Sunday,Cash
P103862,10/10/2025,Train,Colombo - Kandy,18:00,37,340,12580,Friday,Cash
P101540,4/16/2025,Bus,Colombo - Galle,8:30,77,390,30030,Wednesday,Card
P101917,2/16/2025,Train,Kandy - Nuwara Eliya,15:00,146,220,32120,Sunday,Mobile Payment
P100062,1/17/2025,Bus,Colombo - Ratnapura,8:00,39,310,12090,Friday,Cash
P103660,8/9/2025,Other,Kandy - Colombo,21:00,11,570,6270,Saturday,Card
P104138,6/26/2025,Bus,Colombo - Kalutara,14:00,48,160,7680,Thursday,Card
P104358,11/7/2025,Train,Kandy - Colombo,15:00,94,360,33840,Friday,Cash
P101481,3/25/2025,Train,Colombo - Kurunegala,8:00,131,250,32750,Tuesday,Mobile Payment
P100791,10/20/2025,Bus,Colombo - Negombo,7:30,41,230,9430,Monday,Card
P101671,8/11/2025,Bus,Colombo - Kandy,7:00,49,490,24010,Monday,Cash
P103209,1/28/2025,Bus,Colombo - Kalutara,18:30,44,190,8360,Tuesday,Cash
P105435,11/13/2025,Train,Colombo - Kurunegala,8:30,118,240,28320,Thursday,Cash
P103117,7/27/2025,Train,Kurunegala - Dambulla,10:00,145,170,24650,Sunday,Mobile Payment
P104948,1/1/2025,Train,Kandy - Colombo,6:30,138,330,45540,Wednesday,Cash
P104236,12/28/2025,Bus,Colombo - Negombo,16:00,28,270,7560,Sunday,Mobile Payment
P105342,8/12/2025,Other,Colombo - Kalutara,8:00,52,200,10400,Tuesday,Cash
P103750,4/20/2025,Train,Kandy - Colombo,8:00,162,360,58320,Sunday,Card
P104400,1/6/2025,Bus,Kandy - Colombo,16:00,37,440,16280,Monday,Cash
P102597,1/14/2025,Bus,Colombo - Negombo,16:00,25,240,6000,Tuesday,Card
P104005,3/24/2025,Bus,Kurunegala - Dambulla,8:30,73,270,19710,Monday,Mobile Payment
P102094,6/7/2025,Bus,Colombo - Kandy,15:00,60,430,25800,Saturday,Card
P100734,12/19/2025,Bus,Colombo - Galle,13:00,41,410,16810,Friday,Card
P103691,12/24/2025,Train,Colombo - Galle,8:30,196,320,62720,Wednesday,Mobile Payment
P104550,7/25/2025,Train,Colombo - Negombo,15:00,103,190,19570,Friday,Mobile Payment
P103957,2/20/2025,Other,Kurunegala - Dambulla,21:00,15,300,4500,Thursday,Card
P105090,6/28/2025,Bus,Colombo - Kalutara,7:00,40,160,6400,Saturday,Card
P101841,7/31/2025,Bus,Colombo - Kandy,8:30,80,440,35200,Thursday,Cash
P102852,1/23/2025,Bus,Colombo - Kurunegala,19:00,68,340,23120,Thursday,Cash
P100528,8/16/2025,Bus,Colombo - Ratnapura,19:00,53,310,16430,Saturday,Card
P103304,3/5/2025,Bus,Colombo - Negombo,8:00,65,240,15600,Wednesday,Cash
P105660,11/11/2025,Train,Colombo - Ratnapura,15:00,105,210,22050,Tuesday,Cash
P102510,6/28/2025,Train,Galle - Matara,16:00,105,150,15750,Saturday,Card
P102229,9/19/2025,Bus,Colombo - Kalutara,13:00,46,180,8280,Friday,Mobile Payment
P102095,9/3/2025,Bus,Colombo - Kalutara,14:00,41,180,7380,Wednesday,Cash
P104336,1/3/2025,Bus,Colombo - Kurunegala,18:30,48,320,15360,Friday,Card
P100804,7/13/2025,Train,Galle - Matara,20:00,90,150,13500,Sunday,Mobile Payment
P100858,9/25/2025,Bus,Colombo - Kandy,12:00,55,470,25850,Thursday,Cash
P103471,1/17/2025,Bus,Colombo - Negombo,12:00,31,230,7130,Friday,Card
P102419,2/19/2025,Bus,Colombo - Ratnapura,14:00,60,290,17400,Wednesday,Cash
P102755,10/12/2025,Other,Colombo - Ratnapura,21:00,33,350,11550,Sunday,Cash
P104680,3/25/2025,Train,Kandy - Nuwara Eliya,6:30,160,240,38400,Tuesday,Cash
P101644,3/9/2025,Train,Colombo - Kurunegala,21:00,76,250,19000,Sunday,Cash
P100220,11/22/2025,Train,Galle - Matara,8:00,27,150,4050,Saturday,Card
P105175,4/22/2025,Bus,Galle - Matara,17:00,67,220,14740,Tuesday,Cash
P101289,4/22/2025,Bus,Colombo - Ratnapura,10:00,60,270,16200,Tuesday,Cash
P101116,11/5/2025,Train,Colombo - Ratnapura,21:00,127,250,31750,Wednesday,Mobile Payment
P100583,10/28/2025,Bus,Colombo - Galle,11:00,42,420,17640,Tuesday,Cash
P103162,3/15/2025,Bus,Colombo - Kalutara,19:00,41,200,8200,Saturday,Mobile Payment
P100044,10/14/2025,Other,Colombo - Ratnapura,13:00,41,370,15170,Tuesday,Cash
P105772,12/23/2025,Train,Colombo - Ratnapura,10:00,137,210,28770,Tuesday,Card
P102452,6/22/2025,Other,Kandy - Nuwara Eliya,13:00,25,340,8500,Sunday,Mobile Payment
P105950,6/2/2025,Train,Colombo - Ratnapura,9:00,152,200,30400,Monday,Cash
P101521,10/8/2025,Bus,Kandy - Colombo,11:00,43,420,18060,Wednesday,Cash
P103129,2/1/2025,Other,Colombo - Kalutara,14:00,32,210,6720,Saturday,Card
P102132,12/23/2025,Bus,Colombo - Negombo,11:00,50,240,12000,Tuesday,Cash
P101745,1/12/2025,Bus,Colombo - Kandy,12:00,54,460,24840,Sunday,Card
P105790,11/1/2025,Bus,Kandy - Colombo,17:30,32,410,13120,Saturday,Card
P101225,7/24/2025,Bus,Colombo - Kalutara,15:00,52,170,8840,Thursday,Cash
P102800,9/27/2025,Bus,Kandy - Nuwara Eliya,15:00,49,330,16170,Saturday,Card
P101072,5/29/2025,Bus,Kandy - Colombo,13:00,50,450,22500,Thursday,Cash
P100719,12/27/2025,Bus,Kurunegala - Dambulla,9:00,51,240,12240,Saturday,Cash
P104357,8/1/2025,Bus,Colombo - Kalutara,9:00,44,190,8360,Friday,Mobile Payment
P101962,11/23/2025,Bus,Colombo - Negombo,14:00,28,260,7280,Sunday,Cash
P100671,12/4/2025,Bus,Colombo - Kandy,12:00,37,420,15540,Thursday,Card
P103894,11/14/2025,Bus,Kandy - Nuwara Eliya,6:30,63,310,19530,Friday,Card
P103103,9/3/2025,Other,Colombo - Kurunegala,11:00,34,420,14280,Wednesday,Card
P102046,11/9/2025,Train,Galle - Matara,8:00,104,150,15600,Sunday,Card
P104798,6/25/2025,Train,Kurunegala - Dambulla,19:00,125,180,22500,Wednesday,Card
P105954,3/27/2025,Train,Colombo - Ratnapura,8:00,124,240,29760,Thursday,Card
P100898,11/14/2025,Train,Colombo - Ratnapura,9:00,79,220,17380,Friday,Mobile Payment
P101259,1/20/2025,Bus,Colombo - Ratnapura,13:00,26,300,7800,Monday,Mobile Payment
P102856,10/27/2025,Bus,Kandy - Colombo,8:00,60,470,28200,Monday,Card
P100096,6/7/2025,Bus,Kandy - Nuwara Eliya,12:00,36,280,10080,Saturday,Cash
P103022,11/16/2025,Bus,Colombo - Kurunegala,21:00,57,360,20520,Sunday,Cash
P103277,8/16/2025,Train,Colombo - Negombo,17:30,142,180,25560,Saturday,Cash
P100843,9/11/2025,Bus,Colombo - Negombo,11:00,51,250,12750,Thursday,Cash
P104035,3/29/2025,Bus,Colombo - Kurunegala,17:30,60,330,19800,Saturday,Cash
P102706,2/10/2025,Train,Colombo - Negombo,18:30,119,190,22610,Monday,Cash
P104976,11/26/2025,Bus,Galle - Matara,16:00,43,210,9030,Wednesday,Cash
P102619,8/12/2025,Train,Colombo - Ratnapura,15:00,110,240,26400,Tuesday,Cash
P103419,9/26/2025,Bus,Kandy - Colombo,11:00,44,480,21120,Friday,Card
P104632,2/7/2025,Bus,Colombo - Negombo,19:00,61,250,15250,Friday,Mobile Payment
P105152,8/17/2025,Bus,Galle - Matara,14:00,35,190,6650,Sunday,Card
P100323,4/15/2025,Train,Kandy - Nuwara Eliya,17:00,205,240,49200,Tuesday,Cash
P104356,5/1/2025,Train,Colombo - Galle,9:00,146,270,39420,Thursday,Card
P102133,3/20/2025,Train,Colombo - Kurunegala,7:00,5,260,1300,Thursday,Mobile Payment
P103728,11/21/2025,Bus,Colombo - Kandy,21:00,41,490,20090,Friday,Cash
P100335,6/22/2025,Bus,Kurunegala - Dambulla,19:00,56,230,12880,Sunday,Cash
P102645,6/12/2025,Bus,Colombo - Galle,19:00,58,380,22040,Thursday,Cash
P100333,12/19/2025,Bus,Galle - Matara,9:00,39,210,8190,Friday,Cash
P100834,4/30/2025,Bus,Colombo - Kurunegala,17:00,61,360,21960,Wednesday,Cash
P102535,3/21/2025,Train,Colombo - Galle,12:00,104,310,32240,Friday,Mobile Payment
P102168,9/5/2025,Bus,Colombo - Kurunegala,8:00,48,350,16800,Friday,Cash
P102252,9/27/2025,Other,Kandy - Nuwara Eliya,19:00,25,380,9500,Saturday,Card
P101887,3/8/2025,Bus,Kandy - Colombo,17:00,28,420,11760,Saturday,Cash
P102167,3/4/2025,Train,Kandy - Colombo,14:00,118,340,40120,Tuesday,Cash
P100732,4/22/2025,Train,Galle - Matara,17:00,114,160,18240,Tuesday,Card
P101696,6/5/2025,Bus,Kandy - Colombo,18:30,64,480,30720,Thursday,Card
P100292,5/10/2025,Bus,Colombo - Kurunegala,17:30,82,350,28700,Saturday,Cash
P100185,1/31/2025,Bus,Kandy - Colombo,13:00,20,420,8400,Friday,Cash
P104727,2/14/2025,Other,Kurunegala - Dambulla,18:30,37,320,11840,Friday,Cash
P104764,3/16/2025,Bus,Kandy - Colombo,18:00,62,440,27280,Sunday,Cash
P103212,12/10/2025,Train,Colombo - Ratnapura,21:00,181,210,38010,Wednesday,Cash
P100534,6/24/2025,Train,Colombo - Ratnapura,15:00,103,230,23690,Tuesday,Card
P102836,4/14/2025,Other,Colombo - Ratnapura,7:30,29,380,11020,Monday,Card
P102716,5/25/2025,Bus,Kurunegala - Dambulla,11:00,57,260,14820,Sunday,Cash
P103899,4/2/2025,Bus,Kandy - Colombo,18:30,64,490,31360,Wednesday,Mobile Payment
P103169,4/22/2025,Train,Kandy - Colombo,10:00,137,320,43840,Tuesday,Card
P100658,6/3/2025,Bus,Galle - Matara,19:00,68,200,13600,Tuesday,Mobile Payment
P101256,11/28/2025,Bus,Colombo - Negombo,17:30,85,260,22100,Friday,Card
P102723,4/15/2025,Train,Colombo - Ratnapura,18:30,125,210,26250,Tuesday,Cash
P102733,1/6/2025,Bus,Kandy - Colombo,20:00,37,460,17020,Monday,Cash
P102482,3/24/2025,Train,Colombo - Kalutara,15:00,106,150,15900,Monday,Card
P105088,2/1/2025,Bus,Galle - Matara,17:00,64,210,13440,Saturday,Cash
P100899,12/10/2025,Bus,Colombo - Ratnapura,20:00,44,300,13200,Wednesday,Card
P100429,9/2/2025,Bus,Colombo - Kurunegala,20:00,45,360,16200,Tuesday,Cash
P105449,7/1/2025,Bus,Kandy - Nuwara Eliya,17:30,46,300,13800,Tuesday,Card
P101993,1/31/2025,Train,Colombo - Kurunegala,9:00,13,280,3640,Friday,Card
P102005,1/1/2025,Bus,Colombo - Galle,18:00,62,420,26040,Wednesday,Mobile Payment
P101437,8/1/2025,Bus,Kandy - Nuwara Eliya,7:00,75,280,21000,Friday,Card
P105430,3/1/2025,Train,Kandy - Nuwara Eliya,17:30,141,240,33840,Saturday,Mobile Payment
P101223,5/11/2025,Bus,Colombo - Galle,15:00,58,370,21460,Sunday,Cash
P102888,4/23/2025,Bus,Colombo - Kurunegala,17:00,41,320,13120,Wednesday,Cash
P102338,5/23/2025,Bus,Galle - Matara,7:30,73,200,14600,Friday,Card
P103516,3/29/2025,Other,Colombo - Kalutara,17:00,19,230,4370,Saturday,Cash
P104520,1/12/2025,Bus,Kandy - Colombo,12:00,45,430,19350,Sunday,Cash
P105911,6/13/2025,Bus,Galle - Matara,7:30,39,210,8190,Friday,Cash
P104714,6/20/2025,Train,Colombo - Negombo,19:00,237,200,47400,Friday,Cash
P102848,2/21/2025,Bus,Colombo - Kurunegala,7:30,63,370,23310,Friday,Card
P104337,11/12/2025,Train,Kandy - Nuwara Eliya,19:00,133,230,30590,Wednesday,Cash
P103387,5/22/2025,Bus,Colombo - Negombo,19:00,41,240,9840,Thursday,Cash
P101722,5/10/2025,Bus,Colombo - Kandy,21:00,34,440,14960,Saturday,Cash
P102405,11/21/2025,Train,Colombo - Negombo,19:00,242,170,41140,Friday,Mobile Payment
P101819,12/4/2025,Train,Colombo - Kalutara,17:30,146,140,20440,Thursday,Cash
P105419,8/20/2025,Bus,Colombo - Kurunegala,17:30,46,320,14720,Wednesday,Cash
P102677,4/16/2025,Bus,Kandy - Colombo,21:00,43,470,20210,Wednesday,Cash
P104956,4/25/2025,Train,Kandy - Nuwara Eliya,10:00,160,230,36800,Friday,Mobile Payment
P103613,4/8/2025,Bus,Colombo - Ratnapura,19:00,75,290,21750,Tuesday,Card
P103729,6/18/2025,Bus,Colombo - Kurunegala,8:30,77,320,24640,Wednesday,Cash
P102906,7/18/2025,Bus,Kandy - Nuwara Eliya,13:00,33,280,9240,Friday,Cash
P101411,9/15/2025,Bus,Colombo - Ratnapura,18:30,81,300,24300,Monday,Cash
P104343,9/20/2025,Train,Colombo - Galle,11:00,120,270,32400,Saturday,Cash
P104003,4/12/2025,Train,Colombo - Kurunegala,17:00,164,280,45920,Saturday,Cash
P105714,10/27/2025,Other,Kandy - Colombo,10:00,17,550,9350,Monday,Mobile Payment
P102165,12/14/2025,Bus,Kandy - Nuwara Eliya,6:30,39,270,10530,Sunday,Mobile Payment
P101832,5/16/2025,Train,Kandy - Colombo,8:30,128,310,39680,Friday,Cash
P101127,8/29/2025,Bus,Colombo - Kurunegala,17:00,33,370,12210,Friday,Mobile Payment
P104372,9/4/2025,Bus,Kandy - Nuwara Eliya,11:00,13,300,3900,Thursday,Cash
P105638,8/7/2025,Train,Kurunegala - Dambulla,10:00,91,180,16380,Thursday,Cash
P105923,12/24/2025,Bus,Colombo - Kandy,18:30,66,410,27060,Wednesday,Mobile Payment
P103781,3/11/2025,Bus,Colombo - Kalutara,6:30,27,190,5130,Tuesday,Cash
P100305,7/30/2025,Train,Colombo - Kurunegala,16:00,151,260,39260,Wednesday,Cash
P101898,11/16/2025,Bus,Colombo - Galle,15:00,41,390,15990,Sunday,Mobile Payment
P101293,4/7/2025,Train,Colombo - Ratnapura,7:30,125,220,27500,Monday,Cash
P100071,2/27/2025,Train,Kandy - Nuwara Eliya,20:00,55,230,12650,Thursday,Cash
P104145,7/16/2025,Other,Kurunegala - Dambulla,14:00,25,310,7750,Wednesday,Cash
P101306,6/30/2025,Train,Kandy - Nuwara Eliya,8:00,156,230,35880,Monday,Mobile Payment
P102781,6/15/2025,Bus,Galle - Matara,7:30,55,190,10450,Sunday,Mobile Payment
P105252,4/7/2025,Other,Colombo - Galle,12:00,29,500,14500,Monday,Cash
P104225,11/3/2025,Train,Galle - Matara,14:00,131,160,20960,Monday,Cash
P101666,3/25/2025,Train,Galle - Matara,9:00,139,160,22240,Tuesday,Card
P101341,10/15/2025,Bus,Kandy - Colombo,19:00,77,470,36190,Wednesday,Mobile Payment
P100832,5/1/2025,Bus,Kurunegala - Dambulla,14:00,44,250,11000,Thursday,Cash
P102572,3/10/2025,Other,Colombo - Ratnapura,18:30,24,340,8160,Monday,Card
P101457,2/27/2025,Train,Kandy - Colombo,8:30,114,320,36480,Thursday,Cash
P103208,6/20/2025,Train,Colombo - Kandy,18:30,214,330,70620,Friday,Mobile Payment
P103247,11/8/2025,Bus,Kandy - Colombo,18:00,21,480,10080,Saturday,Mobile Payment
P100239,1/8/2025,Train,Galle - Matara,11:00,71,150,10650,Wednesday,Mobile Payment
P100093,3/7/2025,Train,Kandy - Colombo,18:00,179,370,66230,Friday,Card
P105710,7/7/2025,Other,Colombo - Negombo,8:30,56,330,18480,Monday,Card
P102945,11/10/2025,Train,Colombo - Negombo,6:30,121,180,21780,Monday,Mobile Payment
P102520,7/16/2025,Train,Colombo - Negombo,13:00,72,190,13680,Wednesday,Cash
P102772,5/25/2025,Bus,Colombo - Galle,21:00,30,440,13200,Sunday,Cash
P102604,4/29/2025,Bus,Kandy - Colombo,18:00,52,470,24440,Tuesday,Cash
P105307,3/8/2025,Bus,Kandy - Nuwara Eliya,8:30,69,300,20700,Saturday,Card
P103440,5/18/2025,Other,Galle - Matara,16:00,12,230,2760,Sunday,Card
P101002,1/2/2025,Bus,Colombo - Galle,18:00,61,390,23790,Thursday,Cash
P102043,1/6/2025,Bus,Colombo - Kalutara,18:30,57,190,10830,Monday,Mobile Payment
P105179,7/25/2025,Bus,Colombo - Kalutara,19:00,44,180,7920,Friday,Cash
P103429,8/30/2025,Train,Colombo - Negombo,11:00,88,170,14960,Saturday,Card
P102616,2/3/2025,Bus,Colombo - Negombo,21:00,56,270,15120,Monday,Cash
P101505,2/1/2025,Bus,Colombo - Kalutara,8:00,72,170,12240,Saturday,Card
P100958,4/27/2025,Bus,Colombo - Ratnapura,14:00,56,310,17360,Sunday,Cash
P103802,6/11/2025,Other,Colombo - Kurunegala,7:00,31,430,13330,Wednesday,Cash
P105313,12/7/2025,Other,Kandy - Nuwara Eliya,14:00,7,360,2520,Sunday,Cash
P104762,10/9/2025,Other,Kandy - Colombo,6:30,15,550,8250,Thursday,Mobile Payment
P101533,5/15/2025,Train,Colombo - Ratnapura,15:00,99,240,23760,Thursday,Cash
P102303,4/24/2025,Bus,Colombo - Negombo,11:00,31,240,7440,Thursday,Cash
P100412,12/2/2025,Other,Colombo - Ratnapura,12:00,18,370,6660,Tuesday,Card
P101406,7/14/2025,Bus,Colombo - Kalutara,18:00,37,190,7030,Monday,Cash
P103348,9/2/2025,Bus,Kandy - Colombo,18:00,62,450,27900,Tuesday,Card
P105759,7/14/2025,Bus,Kandy - Nuwara Eliya,20:00,45,290,13050,Monday,Cash
P101789,9/22/2025,Bus,Galle - Matara,14:00,47,210,9870,Monday,Card
P102882,9/28/2025,Train,Colombo - Kalutara,12:00,108,150,16200,Sunday,Cash
P103051,3/20/2025,Bus,Kandy - Colombo,11:00,31,440,13640,Thursday,Cash
P102088,8/24/2025,Train,Kurunegala - Dambulla,14:00,210,200,42000,Sunday,Card
P101035,9/17/2025,Bus,Colombo - Ratnapura,6:30,64,300,19200,Wednesday,Cash
P105264,12/13/2025,Bus,Colombo - Kandy,10:00,41,420,17220,Saturday,Mobile Payment
P105886,7/14/2025,Bus,Colombo - Ratnapura,7:00,35,320,11200,Monday,Cash
P105221,8/1/2025,Bus,Kandy - Nuwara Eliya,14:00,59,270,15930,Friday,Cash
P100932,4/27/2025,Train,Colombo - Galle,13:00,108,330,35640,Sunday,Cash
P105472,3/21/2025,Bus,Colombo - Ratnapura,10:00,54,290,15660,Friday,Cash
P103329,6/21/2025,Bus,Colombo - Kandy,18:00,79,480,37920,Saturday,Cash
P100634,2/8/2025,Bus,Colombo - Kalutara,13:00,47,170,7990,Saturday,Cash
P101742,2/6/2025,Train,Kandy - Colombo,14:00,107,370,39590,Thursday,Cash
P100499,7/2/2025,Other,Kurunegala - Dambulla,6:30,44,320,14080,Wednesday,Card
P100938,7/22/2025,Other,Colombo - Ratnapura,17:30,45,370,16650,Tuesday,Card
P100416,1/13/2025,Bus,Galle - Matara,15:00,61,210,12810,Monday,Mobile Payment
P102329,12/1/2025,Train,Kurunegala - Dambulla,17:30,174,170,29580,Monday,Cash
P103280,4/10/2025,Train,Colombo - Kandy,19:00,36,340,12240,Thursday,Card
P103587,8/6/2025,Bus,Kandy - Nuwara Eliya,15:00,33,300,9900,Wednesday,Cash
P104368,8/9/2025,Bus,Colombo - Negombo,13:00,45,240,10800,Saturday,Cash
P104913,1/19/2025,Bus,Galle - Matara,17:00,42,220,9240,Sunday,Card
P100758,1/9/2025,Bus,Galle - Matara,15:00,48,210,10080,Thursday,Card
P101617,2/21/2025,Other,Colombo - Negombo,7:00,43,290,12470,Friday,Card
P101042,10/8/2025,Train,Kandy - Colombo,8:30,137,340,46580,Wednesday,Cash
P103632,12/13/2025,Bus,Kurunegala - Dambulla,17:00,42,240,10080,Saturday,Mobile Payment
P104654,4/28/2025,Train,Kandy - Nuwara Eliya,16:00,30,210,6300,Monday,Mobile Payment
P104465,5/2/2025,Train,Colombo - Kandy,6:30,159,340,54060,Friday,Cash
P102463,10/20/2025,Train,Kandy - Nuwara Eliya,11:00,35,220,7700,Monday,Card
P100597,1/28/2025,Train,Colombo - Kurunegala,9:00,165,280,46200,Tuesday,Cash
P104044,7/1/2025,Train,Colombo - Kalutara,8:30,78,140,10920,Tuesday,Card
P102764,8/12/2025,Bus,Colombo - Negombo,20:00,32,240,7680,Tuesday,Cash
P101069,3/13/2025,Bus,Kandy - Colombo,12:00,44,470,20680,Thursday,Cash
P102196,1/31/2025,Bus,Colombo - Galle,18:00,59,380,22420,Friday,Cash
P103040,7/24/2025,Bus,Colombo - Kandy,21:00,43,450,19350,Thursday,Cash
P105605,6/26/2025,Bus,Colombo - Ratnapura,14:00,58,310,17980,Thursday,Card
P103228,12/14/2025,Bus,Kandy - Colombo,8:30,35,430,15050,Sunday,Card
P100653,4/6/2025,Train,Kurunegala - Dambulla,14:00,160,190,30400,Sunday,Mobile Payment
P104625,6/2/2025,Other,Colombo - Galle,17:30,16,510,8160,Monday,Cash
P105332,5/14/2025,Bus,Galle - Matara,8:30,65,200,13000,Wednesday,Cash
P105168,3/2/2025,Bus,Kurunegala - Dambulla,18:00,36,230,8280,Sunday,Cash
P102717,7/21/2025,Train,Colombo - Kandy,16:00,128,320,40960,Monday,Cash
P104854,11/30/2025,Bus,Kandy - Colombo,17:00,36,470,16920,Sunday,Cash
P105902,1/20/2025,Bus,Kurunegala - Dambulla,18:30,57,250,14250,Monday,Card
P102700,9/8/2025,Train,Colombo - Kalutara,9:00,101,130,13130,Monday,Cash
P104546,12/9/2025,Train,Colombo - Kurunegala,17:30,122,260,31720,Tuesday,Cash
P100076,1/10/2025,Train,Colombo - Kandy,6:30,112,370,41440,Friday,Cash
P103667,7/5/2025,Train,Colombo - Ratnapura,18:30,192,210,40320,Saturday,Mobile Payment
P105925,5/20/2025,Bus,Kandy - Nuwara Eliya,17:00,48,290,13920,Tuesday,Cash
P102930,10/27/2025,Bus,Colombo - Galle,6:30,34,410,13940,Monday,Mobile Payment
P105529,3/3/2025,Bus,Kurunegala - Dambulla,8:00,57,240,13680,Monday,Card
P105956,7/1/2025,Train,Kandy - Nuwara Eliya,18:30,167,210,35070,Tuesday,Mobile Payment
P103804,6/23/2025,Other,Colombo - Kalutara,8:30,40,220,8800,Monday,Card
P105026,3/26/2025,Bus,Colombo - Kurunegala,17:00,41,340,13940,Wednesday,Cash
P105283,1/19/2025,Bus,Kandy - Colombo,19:00,79,460,36340,Sunday,Cash
P102485,3/28/2025,Bus,Colombo - Negombo,20:00,48,260,12480,Friday,Cash
P104792,3/22/2025,Other,Colombo - Negombo,21:00,16,290,4640,Saturday,Card
P101011,10/12/2025,Bus,Colombo - Kalutara,20:00,44,190,8360,Sunday,Cash
P101030,1/8/2025,Train,Colombo - Kandy,15:00,136,330,44880,Wednesday,Cash
P102843,10/20/2025,Other,Colombo - Kandy,9:00,20,590,11800,Monday,Card
P100829,5/28/2025,Train,Kandy - Nuwara Eliya,11:00,163,230,37490,Wednesday,Mobile Payment
P102707,3/10/2025,Bus,Colombo - Galle,9:00,42,420,17640,Monday,Card
P101877,3/7/2025,Train,Colombo - Kandy,13:00,88,360,31680,Friday,Cash
P100097,4/8/2025,Bus,Kandy - Colombo,11:00,52,480,24960,Tuesday,Card
P103379,1/5/2025,Bus,Colombo - Kandy,8:00,53,470,24910,Sunday,Card
P104598,7/30/2025,Bus,Kurunegala - Dambulla,17:00,57,270,15390,Wednesday,Card
P104596,5/13/2025,Train,Colombo - Kandy,7:30,98,320,31360,Tuesday,Card
P104842,4/7/2025,Other,Kandy - Colombo,7:30,32,570,18240,Monday,Cash
P101201,3/20/2025,Train,Colombo - Kalutara,9:00,97,140,13580,Thursday,Card
P100622,1/8/2025,Bus,Colombo - Kalutara,21:00,53,190,10070,Wednesday,Cash
P105454,1/23/2025,Bus,Colombo - Ratnapura,17:30,81,280,22680,Thursday,Cash
P101413,5/25/2025,Bus,Colombo - Ratnapura,18:30,77,310,23870,Sunday,Cash
P100567,9/19/2025,Bus,Galle - Matara,13:00,30,200,6000,Friday,Mobile Payment
P100544,7/17/2025,Train,Kurunegala - Dambulla,9:00,171,190,32490,Thursday,Cash
P101335,2/19/2025,Other,Kandy - Nuwara Eliya,6:30,22,380,8360,Wednesday,Cash
P104300,3/8/2025,Train,Colombo - Kurunegala,7:30,160,240,38400,Saturday,Cash
P100052,7/22/2025,Train,Kandy - Colombo,14:00,117,340,39780,Tuesday,Cash
P105047,6/13/2025,Bus,Galle - Matara,12:00,57,210,11970,Friday,Cash
P102068,11/18/2025,Bus,Colombo - Kandy,18:00,42,480,20160,Tuesday,Cash
P103873,8/5/2025,Bus,Colombo - Kalutara,18:30,60,190,11400,Tuesday,Card
P101559,9/26/2025,Train,Colombo - Negombo,12:00,79,180,14220,Friday,Card
P100746,12/26/2025,Train,Colombo - Kandy,13:00,50,320,16000,Friday,Card
P104526,7/16/2025,Bus,Colombo - Kalutara,8:30,33,180,5940,Wednesday,Cash
P104672,5/29/2025,Train,Colombo - Ratnapura,10:00,107,240,25680,Thursday,Cash
P101468,2/15/2025,Bus,Colombo - Galle,12:00,18,370,6660,Saturday,Cash
P104463,11/22/2025,Other,Kandy - Nuwara Eliya,6:30,37,370,13690,Saturday,Cash
P100196,8/16/2025,Bus,Kandy - Colombo,11:00,38,490,18620,Saturday,Mobile Payment
P103401,5/11/2025,Bus,Kandy - Nuwara Eliya,7:30,72,290,20880,Sunday,Cash
P104268,3/30/2025,Bus,Kandy - Nuwara Eliya,17:30,66,280,18480,Sunday,Card
P103780,4/13/2025,Train,Kurunegala - Dambulla,12:00,124,200,24800,Sunday,Card
P100803,2/13/2025,Train,Colombo - Galle,8:30,133,300,39900,Thursday,Card
P101619,12/27/2025,Train,Colombo - Kandy,8:30,175,350,61250,Saturday,Mobile Payment
P105187,8/23/2025,Train,Kandy - Colombo,16:00,71,320,22720,Saturday,Cash
P104438,4/1/2025,Train,Galle - Matara,19:00,111,160,17760,Tuesday,Cash
P100621,4/25/2025,Bus,Colombo - Kandy,12:00,34,430,14620,Friday,Mobile Payment
P105340,3/8/2025,Bus,Galle - Matara,7:30,65,180,11700,Saturday,Mobile Payment
P104149,10/23/2025,Train,Colombo - Kalutara,13:00,104,120,12480,Thursday,Cash
P103627,2/18/2025,Bus,Colombo - Galle,17:30,61,400,24400,Tuesday,Cash
P104113,3/22/2025,Bus,Galle - Matara,18:30,48,190,9120,Saturday,Card
P103407,6/15/2025,Train,Colombo - Negombo,14:00,127,200,25400,Sunday,Cash
P103385,8/8/2025,Bus,Colombo - Ratnapura,11:00,47,300,14100,Friday,Card
P100645,7/26/2025,Bus,Colombo - Galle,14:00,39,400,15600,Saturday,Cash
P102790,8/6/2025,Other,Galle - Matara,17:30,15,220,3300,Wednesday,Cash
P105437,7/9/2025,Bus,Colombo - Negombo,18:00,101,260,26260,Wednesday,Cash
P101790,8/15/2025,Bus,Colombo - Kurunegala,6:30,45,320,14400,Friday,Cash
P101062,2/24/2025,Other,Colombo - Negombo,16:00,20,300,6000,Monday,Cash
P104158,9/29/2025,Train,Colombo - Galle,7:30,79,320,25280,Monday,Cash
P104600,6/15/2025,Bus,Colombo - Galle,11:00,20,380,7600,Sunday,Mobile Payment
P100121,12/9/2025,Train,Colombo - Kalutara,16:00,165,130,21450,Tuesday,Card
P102917,12/10/2025,Train,Kurunegala - Dambulla,14:00,114,200,22800,Wednesday,Cash
P103881,11/20/2025,Bus,Kurunegala - Dambulla,8:00,41,260,10660,Thursday,Card
P104130,11/14/2025,Bus,Colombo - Negombo,17:30,67,250,16750,Friday,Cash
P104820,10/13/2025,Bus,Kurunegala - Dambulla,12:00,47,250,11750,Monday,Cash
P103195,5/3/2025,Bus,Galle - Matara,19:00,62,190,11780,Saturday,Cash
P101231,1/14/2025,Train,Colombo - Negombo,21:00,140,210,29400,Tuesday,Card
P102761,8/9/2025,Bus,Kurunegala - Dambulla,19:00,63,270,17010,Saturday,Cash
P105538,9/20/2025,Train,Kandy - Colombo,15:00,105,320,33600,Saturday,Card
P105575,1/29/2025,Train,Colombo - Kalutara,18:30,174,130,22620,Wednesday,Cash
P105953,5/31/2025,Train,Kandy - Colombo,11:00,138,370,51060,Saturday,Cash
P103307,6/11/2025,Bus,Kandy - Colombo,11:00,46,410,18860,Wednesday,Cash
P100135,7/18/2025,Other,Kandy - Colombo,8:30,30,580,17400,Friday,Cash
P103484,8/3/2025,Other,Galle - Matara,12:00,16,250,4000,Sunday,Card
P102580,8/16/2025,Train,Colombo - Galle,17:30,210,310,65100,Saturday,Card
P102841,6/13/2025,Bus,Colombo - Kandy,7:30,89,420,37380,Friday,Cash
P103793,11/30/2025,Train,Colombo - Kalutara,6:30,217,150,32550,Sunday,Card
P105717,2/19/2025,Bus,Galle - Matara,15:00,40,210,8400,Wednesday,Card
P102219,12/7/2025,Train,Colombo - Kalutara,11:00,105,140,14700,Sunday,Card
P100512,9/3/2025,Bus,Kandy - Colombo,6:30,61,430,26230,Wednesday,Card
P105985,1/13/2025,Bus,Kandy - Colombo,19:00,56,470,26320,Monday,Card
P100063,7/23/2025,Train,Kandy - Nuwara Eliya,14:00,153,220,33660,Wednesday,Mobile Payment
P101554,9/20/2025,Train,Colombo - Kandy,18:30,145,360,52200,Saturday,Mobile Payment
P103771,8/22/2025,Bus,Kandy - Nuwara Eliya,20:00,66,320,21120,Friday,Cash
P105217,1/30/2025,Bus,Kurunegala - Dambulla,10:00,46,270,12420,Thursday,Card
P105589,9/2/2025,Other,Colombo - Kandy,7:00,33,520,17160,Tuesday,Card
P101719,9/13/2025,Other,Colombo - Kalutara,7:30,29,210,6090,Saturday,Cash
P102861,11/2/2025,Train,Kandy - Nuwara Eliya,7:30,90,240,21600,Sunday,Cash
P104371,5/3/2025,Bus,Colombo - Galle,21:00,28,390,10920,Saturday,Mobile Payment
P102096,4/20/2025,Train,Kurunegala - Dambulla,18:30,151,190,28690,Sunday,Mobile Payment
P100680,1/2/2025,Train,Galle - Matara,9:00,134,150,20100,Thursday,Mobile Payment
P103687,10/17/2025,Other,Colombo - Ratnapura,14:00,34,380,12920,Friday,Cash
P101212,6/8/2025,Bus,Galle - Matara,7:30,43,200,8600,Sunday,Cash
P100123,4/27/2025,Bus,Colombo - Kalutara,7:00,50,180,9000,Sunday,Mobile Payment
P102642,9/2/2025,Bus,Colombo - Kurunegala,19:00,53,360,19080,Tuesday,Mobile Payment
P103086,10/13/2025,Train,Kandy - Colombo,9:00,55,340,18700,Monday,Mobile Payment
P104078,3/14/2025,Bus,Colombo - Kandy,10:00,41,470,19270,Friday,Cash
P104918,8/15/2025,Bus,Kandy - Nuwara Eliya,17:00,61,290,17690,Friday,Cash
P103177,11/16/2025,Train,Kandy - Nuwara Eliya,12:00,87,220,19140,Sunday,Cash
P101211,8/24/2025,Bus,Colombo - Negombo,6:30,46,240,11040,Sunday,Cash
P100568,6/5/2025,Bus,Colombo - Negombo,21:00,47,270,12690,Thursday,Cash
P103430,6/11/2025,Train,Kandy - Colombo,15:00,99,370,36630,Wednesday,Card
P100549,10/3/2025,Bus,Colombo - Galle,18:30,73,420,30660,Friday,Cash
P100865,10/29/2025,Bus,Galle - Matara,7:00,66,190,12540,Wednesday,Mobile Payment
P104540,8/1/2025,Bus,Kandy - Colombo,7:30,38,420,15960,Friday,Card
P101393,6/25/2025,Bus,Kandy - Colombo,11:00,38,440,16720,Wednesday,Card
P105726,6/13/2025,Train,Colombo - Galle,7:00,216,330,71280,Friday,Cash
P102403,7/23/2025,Bus,Colombo - Kandy,17:30,44,440,19360,Wednesday,Cash
P103985,11/19/2025,Train,Kurunegala - Dambulla,16:00,59,180,10620,Wednesday,Cash
P102058,8/3/2025,Bus,Colombo - Kandy,19:00,82,470,38540,Sunday,Mobile Payment
P104771,10/14/2025,Bus,Colombo - Kurunegala,11:00,36,370,13320,Tuesday,Cash
P100721,4/8/2025,Other,Colombo - Kandy,11:00,27,580,15660,Tuesday,Cash
P103838,3/4/2025,Bus,Colombo - Kurunegala,9:00,48,330,15840,Tuesday,Mobile Payment
P102883,3/14/2025,Bus,Kandy - Colombo,12:00,34,450,15300,Friday,Mobile Payment
P100691,2/18/2025,Bus,Colombo - Ratnapura,7:00,26,300,7800,Tuesday,Cash
P100603,4/27/2025,Bus,Colombo - Kandy,21:00,28,480,13440,Sunday,Cash
P102216,8/7/2025,Bus,Kandy - Colombo,12:00,44,440,19360,Thursday,Cash
P104968,5/17/2025,Train,Colombo - Negombo,14:00,109,200,21800,Saturday,Mobile Payment
P105376,11/29/2025,Train,Colombo - Ratnapura,8:00,182,220,40040,Saturday,Cash
P105016,6/6/2025,Bus,Kandy - Nuwara Eliya,17:30,64,330,21120,Friday,Cash
P105578,8/14/2025,Other,Colombo - Kandy,18:00,31,560,17360,Thursday,Card
P100504,9/1/2025,Train,Kandy - Nuwara Eliya,10:00,128,230,29440,Monday,Cash
P104503,5/7/2025,Bus,Kurunegala - Dambulla,20:00,38,240,9120,Wednesday,Cash
P100319,2/21/2025,Bus,Kandy - Colombo,8:30,50,490,24500,Friday,Mobile Payment
P105879,3/16/2025,Bus,Kurunegala - Dambulla,9:00,45,230,10350,Sunday,Card
P105514,7/22/2025,Train,Galle - Matara,18:30,137,150,20550,Tuesday,Mobile Payment
P100275,9/23/2025,Bus,Colombo - Ratnapura,11:00,51,320,16320,Tuesday,Card
P105156,5/15/2025,Bus,Colombo - Ratnapura,8:00,6,270,1620,Thursday,Mobile Payment
P103621,12/26/2025,Train,Colombo - Kalutara,15:00,108,130,14040,Friday,Cash
P101362,6/2/2025,Bus,Colombo - Kandy,14:00,53,470,24910,Monday,Cash
P104196,6/19/2025,Bus,Colombo - Kandy,15:00,49,430,21070,Thursday,Mobile Payment
P101527,7/28/2025,Bus,Colombo - Kandy,12:00,35,490,17150,Monday,Cash
P102367,5/12/2025,Bus,Colombo - Kandy,7:30,20,460,9200,Monday,Card
P103376,8/29/2025,Train,Kandy - Nuwara Eliya,17:00,190,240,45600,Friday,Card
P104161,10/30/2025,Bus,Colombo - Kalutara,7:30,47,190,8930,Thursday,Cash
P102292,1/24/2025,Bus,Colombo - Kandy,18:30,77,430,33110,Friday,Cash
P103289,12/1/2025,Other,Kandy - Colombo,10:00,25,510,12750,Monday,Cash
P103876,1/19/2025,Bus,Colombo - Kandy,11:00,40,420,16800,Sunday,Cash
P103559,11/6/2025,Bus,Colombo - Kurunegala,9:00,49,320,15680,Thursday,Mobile Payment
P105158,1/15/2025,Train,Colombo - Negombo,10:00,180,180,32400,Wednesday,Cash
P100946,10/25/2025,Bus,Colombo - Ratnapura,8:00,57,280,15960,Saturday,Mobile Payment
P104717,5/29/2025,Train,Colombo - Kurunegala,18:30,193,280,54040,Thursday,Cash
P105782,6/25/2025,Bus,Colombo - Galle,15:00,42,430,18060,Wednesday,Card
P100296,2/26/2025,Bus,Colombo - Kurunegala,21:00,43,360,15480,Wednesday,Cash
P103167,12/17/2025,Other,Colombo - Kandy,19:00,36,590,21240,Wednesday,Card
P102183,8/8/2025,Bus,Colombo - Kandy,13:00,37,420,15540,Friday,Cash
P100299,5/15/2025,Train,Colombo - Kalutara,14:00,85,140,11900,Thursday,Card
P100069,3/21/2025,Bus,Colombo - Negombo,6:30,56,250,14000,Friday,Cash
P104393,1/11/2025,Train,Kandy - Colombo,14:00,124,340,42160,Saturday,Card
P100737,6/27/2025,Bus,Colombo - Kandy,6:30,61,480,29280,Friday,Card
P103476,8/19/2025,Train,Kurunegala - Dambulla,21:00,112,170,19040,Tuesday,Card
P104267,2/2/2025,Train,Colombo - Ratnapura,7:30,111,230,25530,Sunday,Card
P102989,11/14/2025,Train,Kurunegala - Dambulla,14:00,163,170,27710,Friday,Mobile Payment
P103647,4/24/2025,Bus,Colombo - Kandy,13:00,53,430,22790,Thursday,Cash
P101504,6/10/2025,Bus,Kandy - Colombo,12:00,35,430,15050,Tuesday,Cash
P102073,8/6/2025,Bus,Colombo - Kalutara,7:00,59,190,11210,Wednesday,Cash
P100151,1/23/2025,Other,Colombo - Negombo,10:00,30,280,8400,Thursday,Card
P100757,1/30/2025,Train,Kandy - Colombo,14:00,114,360,41040,Thursday,Cash
P105899,4/22/2025,Other,Colombo - Negombo,21:00,26,290,7540,Tuesday,Cash
P103502,4/12/2025,Train,Kurunegala - Dambulla,8:00,92,200,18400,Saturday,Cash
P101704,12/28/2025,Bus,Colombo - Negombo,13:00,65,250,16250,Sunday,Card
P105467,5/18/2025,Train,Kurunegala - Dambulla,7:00,110,200,22000,Sunday,Cash
P102105,8/6/2025,Train,Colombo - Galle,7:00,153,320,48960,Wednesday,Cash
P100170,2/5/2025,Train,Colombo - Negombo,15:00,155,200,31000,Wednesday,Cash
P102155,9/11/2025,Bus,Colombo - Kalutara,7:00,40,170,6800,Thursday,Cash
P100377,7/3/2025,Train,Colombo - Kalutara,18:00,194,130,25220,Thursday,Mobile Payment
P102026,11/20/2025,Bus,Colombo - Ratnapura,15:00,25,300,7500,Thursday,Mobile Payment
P100860,9/16/2025,Bus,Colombo - Kurunegala,8:30,13,370,4810,Tuesday,Mobile Payment
P102688,10/11/2025,Bus,Colombo - Kurunegala,18:00,64,350,22400,Saturday,Card
P105036,1/8/2025,Bus,Colombo - Negombo,7:30,43,260,11180,Wednesday,Mobile Payment
P105349,5/18/2025,Bus,Colombo - Galle,7:30,68,380,25840,Sunday,Card
P100379,9/3/2025,Train,Colombo - Kandy,17:30,87,350,30450,Wednesday,Cash
P104784,4/23/2025,Bus,Colombo - Kalutara,15:00,31,190,5890,Wednesday,Cash
P105457,12/14/2025,Bus,Kandy - Nuwara Eliya,16:00,45,300,13500,Sunday,Mobile Payment
P101295,4/27/2025,Train,Colombo - Ratnapura,19:00,170,210,35700,Sunday,Mobile Payment
P104972,6/16/2025,Train,Colombo - Kandy,19:00,182,340,61880,Monday,Card
P101433,7/2/2025,Bus,Colombo - Kurunegala,6:30,46,350,16100,Wednesday,Mobile Payment
P105326,10/30/2025,Train,Kandy - Nuwara Eliya,20:00,116,220,25520,Thursday,Cash
P105860,4/7/2025,Train,Colombo - Galle,11:00,68,310,21080,Monday,Card
P102943,7/20/2025,Bus,Kurunegala - Dambulla,9:00,38,240,9120,Sunday,Card
P101780,6/20/2025,Train,Colombo - Ratnapura,9:00,126,210,26460,Friday,Cash
P103389,7/22/2025,Bus,Kurunegala - Dambulla,21:00,58,230,13340,Tuesday,Cash
P105163,8/1/2025,Bus,Kurunegala - Dambulla,17:30,45,250,11250,Friday,Card
P105136,3/30/2025,Bus,Kandy - Nuwara Eliya,19:00,47,310,14570,Sunday,Mobile Payment
P103544,11/7/2025,Bus,Kurunegala - Dambulla,10:00,47,230,10810,Friday,Cash
P100842,8/19/2025,Train,Galle - Matara,7:30,150,140,21000,Tuesday,Card
P102573,10/20/2025,Bus,Colombo - Galle,19:00,58,420,24360,Monday,Card
P101190,4/21/2025,Train,Kurunegala - Dambulla,12:00,120,170,20400,Monday,Card
P100176,11/27/2025,Bus,Colombo - Kurunegala,18:30,49,340,16660,Thursday,Cash
P104776,8/3/2025,Train,Galle - Matara,20:00,86,150,12900,Sunday,Card
P100928,6/5/2025,Bus,Colombo - Negombo,17:30,58,230,13340,Thursday,Card
P103259,11/13/2025,Bus,Colombo - Galle,19:00,63,420,26460,Thursday,Card
P100046,7/8/2025,Train,Kurunegala - Dambulla,7:30,148,190,28120,Tuesday,Mobile Payment
P101261,12/25/2025,Bus,Colombo - Ratnapura,6:30,65,280,18200,Thursday,Cash
P101097,10/18/2025,Bus,Colombo - Ratnapura,18:00,68,270,18360,Saturday,Cash
P101444,2/5/2025,Bus,Colombo - Kurunegala,14:00,45,350,15750,Wednesday,Mobile Payment
P102108,8/7/2025,Other,Kurunegala - Dambulla,11:00,42,320,13440,Thursday,Mobile Payment
P105004,1/19/2025,Bus,Colombo - Kandy,13:00,61,450,27450,Sunday,Mobile Payment
P101188,8/4/2025,Bus,Colombo - Galle,12:00,33,400,13200,Monday,Cash
P105094,12/24/2025,Bus,Colombo - Galle,18:00,83,400,33200,Wednesday,Card
P103788,8/31/2025,Bus,Colombo - Kurunegala,21:00,56,360,20160,Sunday,Mobile Payment
P101031,2/3/2025,Bus,Colombo - Negombo,18:30,49,230,11270,Monday,Cash
P104818,2/9/2025,Train,Galle - Matara,8:00,118,140,16520,Sunday,Mobile Payment
P100301,6/21/2025,Bus,Colombo - Kalutara,21:00,41,190,7790,Saturday,Cash
P102524,6/20/2025,Bus,Colombo - Negombo,17:30,62,240,14880,Friday,Cash
P101473,5/25/2025,Train,Kandy - Colombo,11:00,127,330,41910,Sunday,Cash
P100284,5/31/2025,Bus,Galle - Matara,18:00,41,190,7790,Saturday,Cash
P104383,5/23/2025,Train,Colombo - Galle,14:00,32,320,10240,Friday,Cash
P102481,12/16/2025,Bus,Colombo - Negombo,7:00,49,250,12250,Tuesday,Cash
P104756,4/4/2025,Train,Colombo - Negombo,7:30,128,200,25600,Friday,Mobile Payment
P103347,8/29/2025,Bus,Colombo - Kandy,8:30,57,430,24510,Friday,Card
P101814,9/22/2025,Bus,Colombo - Kandy,20:00,25,450,11250,Monday,Cash
P103888,8/25/2025,Train,Kandy - Nuwara Eliya,17:00,124,220,27280,Monday,Cash
P104314,1/9/2025,Train,Kurunegala - Dambulla,8:00,100,210,21000,Thursday,Card
P104142,12/1/2025,Bus,Kandy - Colombo,12:00,43,420,18060,Monday,Cash
P105062,11/2/2025,Other,Colombo - Kandy,8:30,43,580,24940,Sunday,Card
P104828,4/6/2025,Bus,Colombo - Galle,21:00,59,420,24780,Sunday,Cash
P102933,7/31/2025,Bus,Colombo - Ratnapura,10:00,31,280,8680,Thursday,Cash
P102120,2/10/2025,Train,Colombo - Kandy,21:00,99,360,35640,Monday,Cash
P105658,1/2/2025,Train,Kandy - Nuwara Eliya,13:00,101,240,24240,Thursday,Card
P104815,11/4/2025,Train,Kurunegala - Dambulla,15:00,116,180,20880,Tuesday,Cash
P103808,4/13/2025,Bus,Colombo - Ratnapura,7:00,53,300,15900,Sunday,Mobile Payment
P105706,4/28/2025,Bus,Galle - Matara,18:00,60,180,10800,Monday,Cash
P105775,10/24/2025,Bus,Colombo - Galle,7:30,55,410,22550,Friday,Card
P102331,7/8/2025,Bus,Colombo - Ratnapura,17:00,36,330,11880,Tuesday,Cash
P102030,1/17/2025,Train,Colombo - Ratnapura,18:00,62,230,14260,Friday,Cash
P105465,4/22/2025,Bus,Kurunegala - Dambulla,6:30,74,250,18500,Tuesday,Cash
P100258,6/8/2025,Train,Colombo - Galle,8:00,164,280,45920,Sunday,Card
P100508,5/24/2025,Train,Colombo - Kalutara,14:00,144,130,18720,Saturday,Cash
P101943,2/24/2025,Train,Kandy - Nuwara Eliya,13:00,73,210,15330,Monday,Cash
P100100,12/10/2025,Bus,Colombo - Kurunegala,21:00,39,380,14820,Wednesday,Card
P102956,8/18/2025,Train,Colombo - Kurunegala,9:00,115,260,29900,Monday,Cash
P100745,9/23/2025,Bus,Colombo - Kurunegala,18:30,62,370,22940,Tuesday,Cash
P104571,4/7/2025,Bus,Colombo - Kurunegala,17:30,59,380,22420,Monday,Card
P105553,3/3/2025,Other,Colombo - Kalutara,18:30,23,220,5060,Monday,Card
P101376,5/18/2025,Train,Kandy - Nuwara Eliya,18:00,151,240,36240,Sunday,Cash
P103867,2/5/2025,Bus,Colombo - Kalutara,7:30,78,190,14820,Wednesday,Mobile Payment
P103820,8/26/2025,Bus,Kandy - Nuwara Eliya,14:00,44,310,13640,Tuesday,Cash
P103683,5/21/2025,Train,Galle - Matara,17:30,131,160,20960,Wednesday,Cash
P101955,1/29/2025,Other,Kurunegala - Dambulla,13:00,20,310,6200,Wednesday,Cash
P104747,10/5/2025,Bus,Colombo - Kandy,19:00,56,480,26880,Sunday,Mobile Payment
P101158,2/9/2025,Train,Kurunegala - Dambulla,21:00,172,170,29240,Sunday,Cash
P104369,1/10/2025,Bus,Colombo - Kalutara,21:00,39,180,7020,Friday,Card
P103366,10/2/2025,Train,Colombo - Galle,6:30,43,280,12040,Thursday,Card
P104906,9/9/2025,Bus,Colombo - Kurunegala,18:00,43,340,14620,Tuesday,Cash
P101438,6/8/2025,Train,Colombo - Negombo,18:30,226,170,38420,Sunday,Cash
P100367,9/27/2025,Other,Galle - Matara,21:00,44,250,11000,Saturday,Card
P104814,2/24/2025,Bus,Colombo - Kandy,7:00,49,490,24010,Monday,Cash
P102942,1/28/2025,Train,Colombo - Ratnapura,11:00,112,240,26880,Tuesday,Cash
P100403,4/29/2025,Bus,Colombo - Negombo,12:00,48,270,12960,Tuesday,Cash
P104645,8/26/2025,Train,Colombo - Kurunegala,15:00,144,250,36000,Tuesday,Cash
P105655,8/5/2025,Bus,Colombo - Kandy,9:00,45,490,22050,Tuesday,Card
P100950,6/5/2025,Train,Colombo - Ratnapura,17:00,176,250,44000,Thursday,Card
P102782,11/6/2025,Train,Colombo - Negombo,10:00,79,180,14220,Thursday,Cash
P100020,1/16/2025,Bus,Kurunegala - Dambulla,8:00,67,250,16750,Thursday,Card
P100230,9/17/2025,Train,Galle - Matara,19:00,174,140,24360,Wednesday,Card
P104188,3/29/2025,Train,Kandy - Nuwara Eliya,19:00,100,210,21000,Saturday,Cash
P100669,8/20/2025,Bus,Kandy - Colombo,15:00,40,490,19600,Wednesday,Mobile Payment
P100219,11/30/2025,Train,Colombo - Galle,17:30,152,280,42560,Sunday,Card
P105008,3/15/2025,Train,Kurunegala - Dambulla,16:00,106,180,19080,Saturday,Cash
P104025,2/21/2025,Train,Colombo - Kurunegala,13:00,100,260,26000,Friday,Cash
P103572,3/26/2025,Bus,Galle - Matara,18:30,58,220,12760,Wednesday,Cash
P102514,8/12/2025,Bus,Kandy - Colombo,21:00,58,460,26680,Tuesday,Cash
P104391,2/21/2025,Bus,Colombo - Galle,17:30,71,380,26980,Friday,Cash
P100586,8/27/2025,Bus,Colombo - Kandy,15:00,48,460,22080,Wednesday,Cash
P101913,1/8/2025,Other,Colombo - Kalutara,16:00,23,200,4600,Wednesday,Card
P105378,4/13/2025,Bus,Kandy - Nuwara Eliya,7:00,48,310,14880,Sunday,Card
P104432,9/15/2025,Bus,Kandy - Colombo,17:00,46,410,18860,Monday,Card
P104348,4/22/2025,Train,Colombo - Kalutara,12:00,169,150,25350,Tuesday,Cash
P103830,9/12/2025,Bus,Colombo - Negombo,14:00,39,270,10530,Friday,Card
P103480,3/22/2025,Bus,Galle - Matara,9:00,55,190,10450,Saturday,Cash
P104578,5/29/2025,Bus,Colombo - Negombo,17:30,71,260,18460,Thursday,Mobile Payment
P100778,8/23/2025,Train,Galle - Matara,9:00,96,150,14400,Saturday,Card
P102315,3/7/2025,Other,Colombo - Ratnapura,9:00,20,360,7200,Friday,Cash
P101019,7/12/2025,Other,Kandy - Colombo,14:00,11,580,6380,Saturday,Cash
P101607,2/11/2025,Bus,Kandy - Colombo,14:00,25,480,12000,Tuesday,Mobile Payment
P102506,6/4/2025,Bus,Colombo - Kalutara,16:00,29,190,5510,Wednesday,Cash
P102808,2/18/2025,Bus,Colombo - Kalutara,7:30,37,190,7030,Tuesday,Mobile Payment
P104589,6/8/2025,Train,Galle - Matara,13:00,120,150,18000,Sunday,Cash
P103214,10/14/2025,Train,Kandy - Nuwara Eliya,17:30,127,220,27940,Tuesday,Mobile Payment
P101492,1/13/2025,Bus,Kandy - Colombo,8:30,65,460,29900,Monday,Cash
P104985,2/26/2025,Train,Kurunegala - Dambulla,9:00,95,170,16150,Wednesday,Cash
P105248,4/17/2025,Train,Kandy - Nuwara Eliya,19:00,127,220,27940,Thursday,Card
P104341,8/30/2025,Bus,Colombo - Negombo,6:30,35,250,8750,Saturday,Cash
P103661,2/5/2025,Bus,Colombo - Kalutara,8:30,65,190,12350,Wednesday,Cash
P104488,10/13/2025,Bus,Colombo - Galle,7:30,48,420,20160,Monday,Mobile Payment
P102878,6/28/2025,Bus,Colombo - Kurunegala,17:30,42,370,15540,Saturday,Cash
P101594,6/24/2025,Bus,Colombo - Ratnapura,10:00,44,270,11880,Tuesday,Cash
P100518,2/27/2025,Train,Colombo - Negombo,17:30,127,180,22860,Thursday,Cash
P100322,4/30/2025,Train,Colombo - Kurunegala,15:00,66,280,18480,Wednesday,Card
P105265,11/21/2025,Other,Colombo - Ratnapura,17:00,16,370,5920,Friday,Cash
P105636,5/6/2025,Bus,Kandy - Nuwara Eliya,14:00,16,280,4480,Tuesday,Mobile Payment
P104100,9/16/2025,Bus,Colombo - Negombo,16:00,34,260,8840,Tuesday,Cash
P103690,7/18/2025,Bus,Colombo - Kurunegala,6:30,29,330,9570,Friday,Mobile Payment
P100218,11/4/2025,Train,Colombo - Kandy,8:30,115,350,40250,Tuesday,Cash
P102656,4/20/2025,Bus,Colombo - Kurunegala,7:30,82,320,26240,Sunday,Cash
P102389,11/8/2025,Train,Galle - Matara,15:00,103,140,14420,Saturday,Mobile Payment
P100361,4/23/2025,Bus,Kurunegala - Dambulla,18:00,46,230,10580,Wednesday,Cash
P104376,2/27/2025,Bus,Kandy - Colombo,12:00,30,420,12600,Thursday,Cash
P103337,9/5/2025,Other,Kandy - Nuwara Eliya,10:00,30,350,10500,Friday,Cash
P103011,12/13/2025,Bus,Colombo - Negombo,7:00,72,230,16560,Saturday,Cash
P102319,1/16/2025,Bus,Kurunegala - Dambulla,7:30,84,240,20160,Thursday,Cash
P101053,10/9/2025,Other,Kandy - Nuwara Eliya,13:00,33,360,11880,Thursday,Mobile Payment
P105141,3/4/2025,Train,Colombo - Negombo,10:00,101,180,18180,Tuesday,Cash
P100760,11/6/2025,Train,Kurunegala - Dambulla,7:00,146,200,29200,Thursday,Cash
P104668,6/17/2025,Train,Kurunegala - Dambulla,21:00,80,170,13600,Tuesday,Mobile Payment
P105278,1/8/2025,Bus,Colombo - Galle,19:00,60,380,22800,Wednesday,Card
P105996,2/2/2025,Train,Colombo - Negombo,10:00,67,190,12730,Sunday,Card
P101427,8/19/2025,Bus,Colombo - Negombo,16:00,53,250,13250,Tuesday,Cash
P104408,9/22/2025,Bus,Colombo - Galle,17:00,66,400,26400,Monday,Card
P103698,8/20/2025,Train,Colombo - Kalutara,15:00,162,150,24300,Wednesday,Mobile Payment
P100215,4/6/2025,Train,Kurunegala - Dambulla,10:00,112,200,22400,Sunday,Mobile Payment
P101615,5/5/2025,Bus,Kurunegala - Dambulla,8:30,59,250,14750,Monday,Cash
P104676,5/17/2025,Train,Colombo - Kalutara,15:00,103,150,15450,Saturday,Card
P101718,8/23/2025,Train,Colombo - Kandy,18:00,113,320,36160,Saturday,Cash
P102742,4/5/2025,Bus,Kurunegala - Dambulla,9:00,38,250,9500,Saturday,Cash
P102054,10/16/2025,Other,Colombo - Kandy,21:00,25,580,14500,Thursday,Card
P102999,5/13/2025,Bus,Colombo - Kalutara,18:30,36,190,6840,Tuesday,Mobile Payment
P101984,12/26/2025,Bus,Colombo - Kalutara,17:00,59,190,11210,Friday,Card
P101703,8/27/2025,Bus,Colombo - Kurunegala,10:00,30,360,10800,Wednesday,Cash
P103102,12/13/2025,Train,Colombo - Ratnapura,6:30,93,210,19530,Saturday,Card
P103035,11/5/2025,Bus,Colombo - Ratnapura,18:30,37,310,11470,Wednesday,Cash
P105328,5/22/2025,Bus,Colombo - Kalutara,20:00,40,170,6800,Thursday,Cash
P100197,7/13/2025,Train,Colombo - Kurunegala,16:00,168,250,42000,Sunday,Cash
P100726,1/17/2025,Train,Kurunegala - Dambulla,7:00,87,190,16530,Friday,Cash
P103919,3/28/2025,Train,Colombo - Kandy,6:30,104,370,38480,Friday,Card
P101513,4/8/2025,Other,Colombo - Ratnapura,17:00,22,340,7480,Tuesday,Cash
P102624,12/28/2025,Other,Colombo - Kurunegala,18:00,38,420,15960,Sunday,Cash
P104539,8/4/2025,Bus,Colombo - Kandy,8:30,48,410,19680,Monday,Cash
P104696,2/19/2025,Train,Colombo - Ratnapura,13:00,170,220,37400,Wednesday,Cash
P101057,1/9/2025,Train,Colombo - Galle,10:00,169,290,49010,Thursday,Card
P104994,7/21/2025,Train,Colombo - Galle,8:00,101,280,28280,Monday,Cash
P100888,12/1/2025,Bus,Colombo - Galle,18:00,50,380,19000,Monday,Card
P102699,3/22/2025,Train,Colombo - Kandy,7:30,154,330,50820,Saturday,Mobile Payment
P101093,7/30/2025,Train,Kandy - Colombo,13:00,140,360,50400,Wednesday,Cash
P105098,9/20/2025,Bus,Colombo - Kalutara,6:30,73,170,12410,Saturday,Cash
P104126,2/26/2025,Train,Colombo - Ratnapura,14:00,5,230,1150,Wednesday,Mobile Payment
P100569,7/19/2025,Other,Colombo - Galle,7:00,33,510,16830,Saturday,Cash
P100517,6/7/2025,Bus,Kandy - Colombo,7:30,53,430,22790,Saturday,Cash
P103629,12/4/2025,Train,Kurunegala - Dambulla,10:00,81,180,14580,Thursday,Cash
P104830,8/19/2025,Bus,Kandy - Colombo,8:00,59,490,28910,Tuesday,Card
P102150,4/4/2025,Train,Colombo - Galle,17:00,276,300,82800,Friday,Card
P100140,1/16/2025,Other,Kurunegala - Dambulla,13:00,43,280,12040,Thursday,Card
P105830,12/18/2025,Bus,Colombo - Galle,15:00,47,370,17390,Thursday,Card
P105275,5/11/2025,Bus,Kandy - Nuwara Eliya,17:30,58,290,16820,Sunday,Mobile Payment
P102285,5/26/2025,Bus,Galle - Matara,9:00,35,200,7000,Monday,Card
P105011,5/5/2025,Bus,Colombo - Kurunegala,6:30,38,380,14440,Monday,Card
P101150,7/9/2025,Train,Kandy - Nuwara Eliya,18:30,169,210,35490,Wednesday,Card
P104049,1/16/2025,Train,Colombo - Negombo,14:00,100,200,20000,Thursday,Cash
P102499,10/15/2025,Other,Colombo - Galle,18:00,15,500,7500,Wednesday,Mobile Payment
P102274,2/5/2025,Train,Kandy - Colombo,8:00,136,370,50320,Wednesday,Cash
P102527,6/19/2025,Bus,Galle - Matara,9:00,34,220,7480,Thursday,Cash
P100464,1/22/2025,Train,Colombo - Kalutara,17:30,176,130,22880,Wednesday,Cash
P103308,5/10/2025,Bus,Colombo - Kurunegala,18:30,49,340,16660,Saturday,Card
P103133,10/13/2025,Other,Colombo - Kalutara,7:00,19,220,4180,Monday,Cash
P104986,12/8/2025,Bus,Kurunegala - Dambulla,9:00,29,250,7250,Monday,Card
P100595,5/13/2025,Train,Kandy - Nuwara Eliya,21:00,62,220,13640,Tuesday,Card
P103081,10/4/2025,Train,Kandy - Nuwara Eliya,13:00,148,240,35520,Saturday,Cash
P101808,6/10/2025,Bus,Colombo - Kandy,13:00,55,460,25300,Tuesday,Mobile Payment
P105137,6/16/2025,Train,Colombo - Negombo,17:00,153,200,30600,Monday,Mobile Payment
P100451,3/28/2025,Train,Colombo - Kalutara,7:00,75,140,10500,Friday,Card
P103044,1/21/2025,Bus,Colombo - Kandy,7:00,76,490,37240,Tuesday,Card
P105827,9/22/2025,Train,Colombo - Kandy,17:30,151,360,54360,Monday,Cash
P100519,3/27/2025,Other,Colombo - Kurunegala,8:00,30,440,13200,Thursday,Cash
P102523,9/26/2025,Bus,Kandy - Nuwara Eliya,19:00,37,270,9990,Friday,Cash
P100313,10/13/2025,Bus,Colombo - Negombo,7:30,42,240,10080,Monday,Cash
P105888,5/26/2025,Other,Colombo - Galle,7:00,23,440,10120,Monday,Card
P104484,4/1/2025,Train,Kurunegala - Dambulla,11:00,123,190,23370,Tuesday,Cash
P102648,5/14/2025,Bus,Kandy - Nuwara Eliya,13:00,51,270,13770,Wednesday,Card
P103438,7/19/2025,Train,Kandy - Nuwara Eliya,17:30,156,220,34320,Saturday,Cash
P101175,7/17/2025,Train,Colombo - Kandy,8:30,123,350,43050,Thursday,Mobile Payment
P103533,10/7/2025,Bus,Colombo - Galle,20:00,21,400,8400,Tuesday,Cash
P100452,9/7/2025,Train,Colombo - Negombo,17:30,163,180,29340,Sunday,Cash
P105038,7/26/2025,Other,Colombo - Galle,20:00,25,450,11250,Saturday,Cash
P103425,10/31/2025,Train,Galle - Matara,21:00,99,150,14850,Friday,Mobile Payment
P101113,4/1/2025,Bus,Kandy - Nuwara Eliya,11:00,44,280,12320,Tuesday,Cash
P104845,10/28/2025,Bus,Colombo - Negombo,6:30,38,240,9120,Tuesday,Cash
P101579,7/6/2025,Train,Colombo - Kalutara,19:00,116,130,15080,Sunday,Mobile Payment
P100891,3/5/2025,Train,Colombo - Ratnapura,20:00,141,240,33840,Wednesday,Card
P101616,5/6/2025,Train,Colombo - Kandy,9:00,175,360,63000,Tuesday,Mobile Payment
P104349,2/17/2025,Train,Galle - Matara,21:00,86,160,13760,Monday,Card
P103980,6/18/2025,Bus,Galle - Matara,9:00,38,220,8360,Wednesday,Cash
P105681,3/4/2025,Bus,Colombo - Negombo,14:00,40,250,10000,Tuesday,Cash
P105840,4/10/2025,Train,Kandy - Nuwara Eliya,8:30,84,210,17640,Thursday,Card
P102926,3/14/2025,Other,Colombo - Kandy,15:00,32,510,16320,Friday,Card
P101264,1/19/2025,Bus,Colombo - Galle,10:00,50,410,20500,Sunday,Cash
P105616,5/6/2025,Train,Colombo - Ratnapura,15:00,86,230,19780,Tuesday,Mobile Payment
P101000,6/20/2025,Bus,Colombo - Galle,12:00,32,360,11520,Friday,Cash
P103762,7/17/2025,Train,Kurunegala - Dambulla,8:00,113,180,20340,Thursday,Card
P101360,11/24/2025,Train,Galle - Matara,18:00,164,140,22960,Monday,Cash
P105995,7/4/2025,Bus,Kurunegala - Dambulla,15:00,45,240,10800,Friday,Mobile Payment
P101477,5/1/2025,Train,Colombo - Galle,12:00,117,300,35100,Thursday,Card
P100193,5/9/2025,Other,Colombo - Kalutara,18:30,31,230,7130,Friday,Card
P104693,12/19/2025,Bus,Kurunegala - Dambulla,20:00,39,230,8970,Friday,Cash
P105399,11/17/2025,Bus,Kurunegala - Dambulla,17:00,73,230,16790,Monday,Card
P102793,10/3/2025,Train,Colombo - Kandy,10:00,105,320,33600,Friday,Mobile Payment
P105002,9/24/2025,Bus,Galle - Matara,14:00,43,180,7740,Wednesday,Card
P102408,12/16/2025,Bus,Kurunegala - Dambulla,16:00,32,250,8000,Tuesday,Mobile Payment
P105058,12/5/2025,Bus,Colombo - Ratnapura,17:30,44,320,14080,Friday,Cash
P101875,7/4/2025,Train,Kandy - Colombo,12:00,96,330,31680,Friday,Cash
P105301,9/9/2025,Train,Kandy - Colombo,8:00,151,320,48320,Tuesday,Cash
P101339,12/30/2025,Bus,Colombo - Kandy,20:00,28,420,11760,Tuesday,Cash
P103478,4/22/2025,Bus,Colombo - Kalutara,6:30,61,160,9760,Tuesday,Cash
P104843,8/26/2025,Bus,Colombo - Ratnapura,15:00,27,310,8370,Tuesday,Card
P103872,8/10/2025,Bus,Kandy - Nuwara Eliya,8:00,64,290,18560,Sunday,Cash
P102806,9/19/2025,Other,Colombo - Kurunegala,17:00,25,430,10750,Friday,Card
P105900,8/27/2025,Bus,Colombo - Kandy,11:00,51,490,24990,Wednesday,Card
P101294,2/24/2025,Train,Kandy - Nuwara Eliya,19:00,197,240,47280,Monday,Cash
P105286,1/11/2025,Train,Colombo - Galle,14:00,143,280,40040,Saturday,Card
P104513,4/30/2025,Bus,Colombo - Kandy,7:00,42,440,18480,Wednesday,Cash
P105618,3/5/2025,Bus,Colombo - Kandy,7:30,57,410,23370,Wednesday,Card
P103520,11/2/2025,Bus,Kandy - Nuwara Eliya,7:30,62,300,18600,Sunday,Mobile Payment
P102665,2/3/2025,Train,Kandy - Nuwara Eliya,20:00,74,210,15540,Monday,Cash
P101908,5/15/2025,Bus,Colombo - Kurunegala,9:00,51,380,19380,Thursday,Card
P103759,10/25/2025,Bus,Galle - Matara,7:30,61,200,12200,Saturday,Cash
P104154,8/2/2025,Bus,Kurunegala - Dambulla,17:00,73,240,17520,Saturday,Cash
P100369,10/17/2025,Bus,Colombo - Galle,8:00,61,400,24400,Friday,Card
P101938,2/17/2025,Train,Kandy - Colombo,10:00,98,320,31360,Monday,Cash
P103574,3/6/2025,Other,Colombo - Ratnapura,8:30,43,390,16770,Thursday,Card
P101152,12/21/2025,Train,Colombo - Negombo,19:00,168,200,33600,Sunday,Cash
P104922,8/31/2025,Train,Colombo - Kalutara,13:00,100,140,14000,Sunday,Cash
P104013,5/24/2025,Train,Galle - Matara,8:00,78,140,10920,Saturday,Card
P102352,7/30/2025,Other,Kandy - Nuwara Eliya,9:00,27,350,9450,Wednesday,Mobile Payment
P104052,8/6/2025,Train,Colombo - Negombo,20:00,145,190,27550,Wednesday,Cash
P105661,3/18/2025,Bus,Galle - Matara,6:30,60,200,12000,Tuesday,Cash
P103556,7/8/2025,Train,Colombo - Kurunegala,17:30,171,270,46170,Tuesday,Mobile Payment
P101873,1/22/2025,Bus,Colombo - Kalutara,11:00,47,190,8930,Wednesday,Mobile Payment
P105903,3/5/2025,Bus,Kurunegala - Dambulla,14:00,33,240,7920,Wednesday,Mobile Payment
P100192,12/14/2025,Train,Kurunegala - Dambulla,6:30,163,190,30970,Sunday,Card
P102441,6/22/2025,Train,Kurunegala - Dambulla,12:00,120,200,24000,Sunday,Cash
P100109,11/9/2025,Bus,Colombo - Ratnapura,11:00,42,320,13440,Sunday,Card
P100175,3/28/2025,Train,Kandy - Colombo,11:00,147,320,47040,Friday,Card
P103170,11/4/2025,Bus,Kandy - Colombo,10:00,25,420,10500,Tuesday,Cash
P103353,4/16/2025,Other,Colombo - Kurunegala,13:00,6,430,2580,Wednesday,Cash
P103835,11/25/2025,Bus,Colombo - Galle,14:00,44,390,17160,Tuesday,Mobile Payment
P101599,7/28/2025,Bus,Colombo - Kandy,9:00,33,430,14190,Monday,Mobile Payment
P101361,12/25/2025,Other,Colombo - Kalutara,7:00,25,230,5750,Thursday,Mobile Payment
P102104,3/8/2025,Train,Colombo - Kalutara,7:00,144,140,20160,Saturday,Cash
P105220,9/29/2025,Bus,Kandy - Colombo,16:00,47,440,20680,Monday,Cash
P105841,1/1/2025,Bus,Kandy - Nuwara Eliya,7:00,40,290,11600,Wednesday,Cash
P105044,1/10/2025,Train,Galle - Matara,7:00,108,160,17280,Friday,Mobile Payment
P103581,2/14/2025,Bus,Colombo - Negombo,17:00,73,250,18250,Friday,Cash
P101165,5/18/2025,Bus,Colombo - Negombo,10:00,42,270,11340,Sunday,Mobile Payment
P103679,11/26/2025,Train,Colombo - Negombo,7:00,136,170,23120,Wednesday,Cash
P105285,6/26/2025,Bus,Colombo - Ratnapura,12:00,50,330,16500,Thursday,Cash
P101662,5/25/2025,Bus,Colombo - Kalutara,8:00,60,160,9600,Sunday,Cash
P100509,7/20/2025,Other,Colombo - Kandy,9:00,25,560,14000,Sunday,Mobile Payment
P100167,8/8/2025,Bus,Colombo - Galle,14:00,35,400,14000,Friday,Card
P102788,5/31/2025,Bus,Kandy - Nuwara Eliya,16:00,32,310,9920,Saturday,Mobile Payment
P105522,7/25/2025,Train,Galle - Matara,18:00,196,150,29400,Friday,Card
P102255,11/13/2025,Train,Colombo - Kurunegala,9:00,97,270,26190,Thursday,Card
P103962,5/3/2025,Bus,Colombo - Kalutara,6:30,37,200,7400,Saturday,Card
P100104,8/29/2025,Bus,Colombo - Kandy,8:00,69,440,30360,Friday,Cash
P102413,9/6/2025,Bus,Galle - Matara,14:00,32,180,5760,Saturday,Cash
P104926,11/18/2025,Bus,Colombo - Negombo,13:00,50,250,12500,Tuesday,Card
P104882,7/4/2025,Bus,Colombo - Negombo,15:00,42,250,10500,Friday,Card
P101753,2/1/2025,Bus,Colombo - Kandy,8:00,48,430,20640,Saturday,Mobile Payment
P105355,8/1/2025,Bus,Kandy - Nuwara Eliya,11:00,49,310,15190,Friday,Card
P105104,7/20/2025,Bus,Galle - Matara,21:00,26,190,4940,Sunday,Cash
P101659,1/25/2025,Bus,Colombo - Negombo,8:00,77,270,20790,Saturday,Mobile Payment
P100153,4/7/2025,Bus,Kandy - Colombo,11:00,60,430,25800,Monday,Card
P102587,8/9/2025,Bus,Galle - Matara,12:00,64,180,11520,Saturday,Cash
P101584,8/3/2025,Bus,Kandy - Nuwara Eliya,11:00,21,280,5880,Sunday,Card
P102178,6/10/2025,Train,Colombo - Galle,18:30,53,280,14840,Tuesday,Mobile Payment
P105970,10/26/2025,Train,Colombo - Kandy,17:00,74,340,25160,Sunday,Cash
P104890,6/4/2025,Train,Colombo - Galle,18:30,129,300,38700,Wednesday,Cash
P102115,10/31/2025,Train,Colombo - Kandy,19:00,132,370,48840,Friday,Card
P102647,3/12/2025,Other,Kandy - Nuwara Eliya,20:00,23,390,8970,Wednesday,Mobile Payment
P101823,9/30/2025,Train,Colombo - Kandy,14:00,84,360,30240,Tuesday,Card
P105070,4/22/2025,Bus,Colombo - Ratnapura,18:30,45,300,13500,Tuesday,Mobile Payment
P103127,6/25/2025,Train,Kandy - Nuwara Eliya,18:00,139,210,29190,Wednesday,Card
P100310,11/29/2025,Bus,Colombo - Ratnapura,17:30,45,300,13500,Saturday,Card
P105792,6/7/2025,Train,Kandy - Colombo,7:00,175,350,61250,Saturday,Card
P102432,10/14/2025,Train,Kurunegala - Dambulla,21:00,134,180,24120,Tuesday,Mobile Payment
P102571,1/1/2025,Bus,Kurunegala - Dambulla,17:30,57,260,14820,Wednesday,Cash
P100496,9/28/2025,Bus,Colombo - Negombo,16:00,47,240,11280,Sunday,Cash
P100206,7/5/2025,Bus,Colombo - Ratnapura,20:00,44,300,13200,Saturday,Cash
P101435,7/24/2025,Bus,Colombo - Negombo,7:30,42,270,11340,Thursday,Mobile Payment
P101136,4/17/2025,Bus,Kandy - Colombo,17:00,77,470,36190,Thursday,Mobile Payment
P100869,10/12/2025,Train,Colombo - Negombo,20:00,40,200,8000,Sunday,Mobile Payment
P100306,4/19/2025,Other,Kandy - Colombo,6:30,36,490,17640,Saturday,Card
P101850,10/28/2025,Train,Galle - Matara,10:00,113,160,18080,Tuesday,Cash
P102237,12/22/2025,Train,Kandy - Colombo,12:00,111,350,38850,Monday,Card
P101989,3/4/2025,Bus,Colombo - Kandy,18:00,71,470,33370,Tuesday,Mobile Payment
P105968,12/26/2025,Bus,Colombo - Kalutara,8:00,70,180,12600,Friday,Card
P101535,1/9/2025,Bus,Colombo - Kurunegala,8:00,41,320,13120,Thursday,Mobile Payment
P100844,11/25/2025,Other,Colombo - Galle,19:00,33,470,15510,Tuesday,Mobile Payment
P101988,5/17/2025,Bus,Colombo - Galle,17:00,50,400,20000,Saturday,Cash
P105596,5/15/2025,Bus,Kurunegala - Dambulla,18:30,74,270,19980,Thursday,Cash
P103842,9/17/2025,Bus,Galle - Matara,11:00,43,190,8170,Wednesday,Card
P102537,2/2/2025,Train,Galle - Matara,21:00,112,160,17920,Sunday,Mobile Payment
P105281,1/7/2025,Other,Kurunegala - Dambulla,14:00,27,280,7560,Tuesday,Card
P101539,11/17/2025,Bus,Colombo - Ratnapura,12:00,38,280,10640,Monday,Card
P100212,9/4/2025,Train,Kandy - Colombo,8:00,118,330,38940,Thursday,Card
P101958,4/29/2025,Bus,Galle - Matara,14:00,24,210,5040,Tuesday,Card
P103722,10/20/2025,Train,Colombo - Ratnapura,17:00,111,230,25530,Monday,Cash
P104705,3/19/2025,Bus,Kandy - Nuwara Eliya,7:00,57,320,18240,Wednesday,Card
P102708,1/4/2025,Bus,Kandy - Colombo,9:00,36,460,16560,Saturday,Cash
P101350,6/24/2025,Bus,Galle - Matara,7:00,71,190,13490,Tuesday,Cash
P104309,5/18/2025,Train,Colombo - Negombo,14:00,181,210,38010,Sunday,Card
P104588,3/12/2025,Bus,Kurunegala - Dambulla,17:30,39,250,9750,Wednesday,Cash
P100681,5/12/2025,Train,Colombo - Galle,13:00,62,320,19840,Monday,Cash
P100181,11/2/2025,Bus,Colombo - Galle,8:30,63,380,23940,Sunday,Mobile Payment
P103758,7/29/2025,Bus,Colombo - Kandy,7:00,38,410,15580,Tuesday,Cash
P102227,6/11/2025,Bus,Kurunegala - Dambulla,16:00,53,260,13780,Wednesday,Mobile Payment
P103291,2/16/2025,Bus,Colombo - Galle,16:00,35,380,13300,Sunday,Mobile Payment
P100279,1/29/2025,Train,Kurunegala - Dambulla,13:00,91,170,15470,Wednesday,Cash
P100290,12/7/2025,Train,Galle - Matara,6:30,183,150,27450,Sunday,Card
P104729,7/8/2025,Train,Kandy - Nuwara Eliya,20:00,60,240,14400,Tuesday,Cash
P100994,6/23/2025,Train,Colombo - Kandy,18:00,154,340,52360,Monday,Card
P105091,9/24/2025,Bus,Colombo - Ratnapura,17:00,41,310,12710,Wednesday,Cash
P105039,3/19/2025,Train,Colombo - Kurunegala,21:00,146,280,40880,Wednesday,Cash
P104713,8/30/2025,Bus,Colombo - Ratnapura,8:00,44,320,14080,Saturday,Mobile Payment
P104807,8/24/2025,Bus,Colombo - Galle,17:30,50,420,21000,Sunday,Cash
P100271,12/15/2025,Train,Colombo - Galle,7:30,233,300,69900,Monday,Cash
P102305,5/28/2025,Other,Kandy - Colombo,18:00,39,530,20670,Wednesday,Card
P104896,9/23/2025,Bus,Colombo - Negombo,17:30,67,260,17420,Tuesday,Cash
P105833,1/18/2025,Train,Colombo - Galle,20:00,168,310,52080,Saturday,Card
P105806,11/26/2025,Bus,Galle - Matara,6:30,48,200,9600,Wednesday,Card
P100112,6/18/2025,Bus,Colombo - Negombo,9:00,54,250,13500,Wednesday,Mobile Payment
P101392,10/16/2025,Bus,Colombo - Kurunegala,17:30,77,330,25410,Thursday,Mobile Payment
P100221,5/17/2025,Train,Galle - Matara,16:00,169,160,27040,Saturday,Cash
P105204,1/27/2025,Train,Kurunegala - Dambulla,21:00,73,190,13870,Monday,Cash
P100084,4/3/2025,Bus,Colombo - Kurunegala,15:00,35,330,11550,Thursday,Cash
P103434,9/28/2025,Bus,Kandy - Nuwara Eliya,10:00,41,330,13530,Sunday,Cash
P100462,4/15/2025,Train,Kandy - Nuwara Eliya,18:00,127,240,30480,Tuesday,Card
P105272,1/18/2025,Bus,Colombo - Ratnapura,8:00,75,300,22500,Saturday,Card
P100552,7/11/2025,Train,Kurunegala - Dambulla,20:00,96,200,19200,Friday,Cash
P105041,10/31/2025,Train,Colombo - Kurunegala,19:00,148,280,41440,Friday,Mobile Payment
P104695,3/29/2025,Bus,Colombo - Kandy,17:00,46,410,18860,Saturday,Cash
P102766,12/10/2025,Other,Colombo - Kurunegala,8:00,41,440,18040,Wednesday,Cash
P105166,12/30/2025,Other,Colombo - Kandy,13:00,32,550,17600,Tuesday,Card
P102953,3/22/2025,Train,Colombo - Kandy,8:30,154,350,53900,Saturday,Mobile Payment
P100651,10/29/2025,Bus,Colombo - Kalutara,8:00,57,170,9690,Wednesday,Cash
P100709,2/22/2025,Bus,Kandy - Nuwara Eliya,8:30,21,320,6720,Saturday,Cash
P104744,9/28/2025,Other,Colombo - Galle,12:00,31,490,15190,Sunday,Card
P102410,10/28/2025,Bus,Colombo - Kandy,10:00,27,440,11880,Tuesday,Card
P102415,7/10/2025,Bus,Colombo - Kalutara,19:00,50,170,8500,Thursday,Cash
P101425,3/11/2025,Other,Kandy - Nuwara Eliya,20:00,42,340,14280,Tuesday,Cash
P101217,10/9/2025,Bus,Galle - Matara,19:00,48,210,10080,Thursday,Mobile Payment
P104577,5/26/2025,Bus,Kurunegala - Dambulla,7:00,67,240,16080,Monday,Mobile Payment
P101925,3/2/2025,Train,Kandy - Colombo,8:00,73,360,26280,Sunday,Card
P104910,7/15/2025,Bus,Kandy - Colombo,19:00,52,490,25480,Tuesday,Card
P102684,1/3/2025,Bus,Kurunegala - Dambulla,14:00,36,240,8640,Friday,Mobile Payment
P100315,8/24/2025,Train,Colombo - Kurunegala,17:30,155,250,38750,Sunday,Mobile Payment
P102729,7/16/2025,Bus,Kurunegala - Dambulla,13:00,32,260,8320,Wednesday,Mobile Payment
P101428,10/29/2025,Other,Colombo - Kurunegala,17:00,49,400,19600,Wednesday,Cash
P105075,2/16/2025,Other,Colombo - Kandy,18:30,15,490,7350,Sunday,Cash
P104754,12/16/2025,Bus,Galle - Matara,6:30,55,200,11000,Tuesday,Card
P104120,1/23/2025,Train,Galle - Matara,8:30,116,140,16240,Thursday,Card
P103865,2/13/2025,Bus,Kandy - Colombo,11:00,40,420,16800,Thursday,Mobile Payment
P103215,10/30/2025,Bus,Colombo - Kurunegala,6:30,71,340,24140,Thursday,Cash
P104415,1/25/2025,Bus,Kandy - Colombo,8:30,23,430,9890,Saturday,Cash
P103828,11/17/2025,Bus,Kandy - Nuwara Eliya,18:30,34,290,9860,Monday,Cash
P106000,5/23/2025,Bus,Colombo - Galle,16:00,42,400,16800,Friday,Mobile Payment
P102526,6/28/2025,Bus,Colombo - Kalutara,19:00,29,180,5220,Saturday,Card
P100685,12/26/2025,Other,Kandy - Nuwara Eliya,17:00,35,350,12250,Friday,Cash
P104395,8/23/2025,Other,Kurunegala - Dambulla,18:30,34,280,9520,Saturday,Cash
P102522,4/30/2025,Bus,Colombo - Galle,21:00,28,400,11200,Wednesday,Card
P102909,5/26/2025,Bus,Colombo - Kalutara,18:30,61,180,10980,Monday,Cash
P102390,7/31/2025,Train,Colombo - Kandy,13:00,125,310,38750,Thursday,Mobile Payment
P100327,12/30/2025,Train,Galle - Matara,13:00,130,160,20800,Tuesday,Card
P105014,6/30/2025,Train,Colombo - Negombo,19:00,131,180,23580,Monday,Cash
P102593,9/15/2025,Train,Colombo - Kalutara,12:00,116,130,15080,Monday,Cash
P105186,1/31/2025,Other,Colombo - Kalutara,6:30,22,200,4400,Friday,Card
P102928,6/10/2025,Other,Kurunegala - Dambulla,10:00,33,310,10230,Tuesday,Cash
P104051,12/29/2025,Other,Colombo - Kandy,16:00,32,570,18240,Monday,Mobile Payment
P105807,4/30/2025,Bus,Colombo - Kalutara,19:00,24,180,4320,Wednesday,Cash
P103786,5/28/2025,Bus,Colombo - Kalutara,20:00,51,180,9180,Wednesday,Cash
P100349,8/18/2025,Bus,Colombo - Kurunegala,6:30,61,370,22570,Monday,Cash
P101627,5/24/2025,Bus,Colombo - Galle,7:00,39,360,14040,Saturday,Cash
P104411,9/27/2025,Bus,Galle - Matara,19:00,29,190,5510,Saturday,Cash
P100872,12/19/2025,Bus,Kandy - Colombo,9:00,46,420,19320,Friday,Cash
P103359,4/25/2025,Train,Colombo - Ratnapura,8:30,67,240,16080,Friday,Cash
P102340,8/30/2025,Bus,Colombo - Ratnapura,18:30,81,310,25110,Saturday,Card
P104704,9/22/2025,Train,Colombo - Ratnapura,14:00,114,210,23940,Monday,Cash
P102122,11/20/2025,Bus,Colombo - Kandy,17:30,57,440,25080,Thursday,Cash
P103928,3/20/2025,Train,Kandy - Nuwara Eliya,8:00,142,220,31240,Thursday,Cash
P100086,5/28/2025,Bus,Colombo - Kurunegala,17:00,29,360,10440,Wednesday,Cash
P102819,12/11/2025,Bus,Colombo - Ratnapura,18:30,59,300,17700,Thursday,Card
P101878,9/21/2025,Bus,Kurunegala - Dambulla,7:30,100,230,23000,Sunday,Cash
P105690,9/29/2025,Train,Kandy - Nuwara Eliya,14:00,105,230,24150,Monday,Mobile Payment
P104086,1/7/2025,Bus,Colombo - Kandy,10:00,48,470,22560,Tuesday,Cash
P102376,3/21/2025,Bus,Colombo - Kalutara,10:00,49,190,9310,Friday,Card
P100495,4/22/2025,Bus,Colombo - Galle,12:00,47,370,17390,Tuesday,Cash
P102967,1/15/2025,Train,Colombo - Kalutara,15:00,115,130,14950,Wednesday,Card
P103110,6/1/2025,Train,Kandy - Nuwara Eliya,20:00,85,240,20400,Sunday,Cash
P102760,6/14/2025,Bus,Colombo - Kalutara,11:00,40,190,7600,Saturday,Cash
P101271,4/23/2025,Train,Colombo - Kandy,17:00,160,310,49600,Wednesday,Cash
P102655,6/4/2025,Train,Colombo - Negombo,10:00,107,200,21400,Wednesday,Cash
P102634,9/11/2025,Bus,Kandy - Colombo,8:30,56,450,25200,Thursday,Cash
P104955,10/24/2025,Bus,Colombo - Ratnapura,16:00,40,310,12400,Friday,Cash
P100619,3/10/2025,Train,Colombo - Kandy,12:00,138,340,46920,Monday,Mobile Payment
P105131,5/2/2025,Train,Colombo - Kalutara,15:00,103,150,15450,Friday,Cash
P102630,5/8/2025,Bus,Kandy - Nuwara Eliya,21:00,47,280,13160,Thursday,Mobile Payment
P102827,9/8/2025,Train,Colombo - Negombo,14:00,120,200,24000,Monday,Card
P105228,3/24/2025,Train,Colombo - Negombo,8:00,87,200,17400,Monday,Cash
P102230,8/4/2025,Bus,Colombo - Kurunegala,6:30,40,370,14800,Monday,Card
P105033,2/7/2025,Train,Colombo - Galle,11:00,119,290,34510,Friday,Mobile Payment
P101414,8/8/2025,Bus,Kandy - Colombo,9:00,26,410,10660,Friday,Card
P102202,8/6/2025,Bus,Colombo - Kandy,9:00,31,440,13640,Wednesday,Card
P104964,9/8/2025,Train,Colombo - Ratnapura,9:00,97,240,23280,Monday,Cash
P104478,4/10/2025,Bus,Colombo - Kurunegala,18:30,50,320,16000,Thursday,Mobile Payment
P100870,4/29/2025,Other,Kandy - Colombo,14:00,28,560,15680,Tuesday,Mobile Payment
P102007,7/9/2025,Bus,Colombo - Kalutara,8:00,40,160,6400,Wednesday,Cash
P104148,5/31/2025,Bus,Kandy - Colombo,10:00,47,430,20210,Saturday,Cash
P100357,2/22/2025,Bus,Colombo - Ratnapura,8:30,60,330,19800,Saturday,Cash
P101163,4/5/2025,Bus,Colombo - Negombo,9:00,44,260,11440,Saturday,Cash
P104555,7/14/2025,Bus,Colombo - Galle,17:00,66,380,25080,Monday,Card
P102407,1/16/2025,Bus,Colombo - Kalutara,18:30,60,190,11400,Thursday,Cash
P105916,1/21/2025,Bus,Colombo - Kandy,18:00,64,470,30080,Tuesday,Cash
P101891,3/23/2025,Bus,Colombo - Kurunegala,21:00,21,320,6720,Sunday,Cash
P100580,6/26/2025,Bus,Galle - Matara,13:00,41,190,7790,Thursday,Cash
P102553,5/11/2025,Train,Colombo - Kurunegala,18:30,129,260,33540,Sunday,Card
P101692,11/16/2025,Bus,Galle - Matara,21:00,31,220,6820,Sunday,Cash
P100863,1/10/2025,Bus,Colombo - Kandy,11:00,35,490,17150,Friday,Cash
P105370,8/27/2025,Bus,Galle - Matara,15:00,44,210,9240,Wednesday,Cash
P105811,6/2/2025,Bus,Colombo - Kandy,21:00,14,450,6300,Monday,Cash
P104790,5/25/2025,Bus,Colombo - Ratnapura,15:00,43,280,12040,Sunday,Mobile Payment
P104646,1/15/2025,Train,Colombo - Negombo,14:00,72,170,12240,Wednesday,Cash
P101117,12/31/2025,Bus,Kandy - Colombo,11:00,30,460,13800,Wednesday,Card
P101542,12/7/2025,Bus,Colombo - Kalutara,18:30,19,180,3420,Sunday,Cash
P103791,12/21/2025,Bus,Kurunegala - Dambulla,8:30,52,250,13000,Sunday,Card
P104616,12/24/2025,Bus,Kurunegala - Dambulla,6:30,55,270,14850,Wednesday,Card
P105519,12/10/2025,Bus,Colombo - Negombo,7:30,43,240,10320,Wednesday,Mobile Payment
P103296,7/26/2025,Bus,Kandy - Colombo,12:00,45,460,20700,Saturday,Cash
P105299,4/28/2025,Bus,Kandy - Nuwara Eliya,6:30,67,280,18760,Monday,Mobile Payment
P105314,9/1/2025,Other,Colombo - Kandy,14:00,14,500,7000,Monday,Cash
P105905,3/22/2025,Bus,Colombo - Kurunegala,18:00,53,350,18550,Saturday,Card
P103048,9/8/2025,Bus,Kurunegala - Dambulla,15:00,46,250,11500,Monday,Cash
P105724,11/5/2025,Bus,Kurunegala - Dambulla,13:00,42,270,11340,Wednesday,Mobile Payment
P102438,12/27/2025,Bus,Kandy - Colombo,12:00,49,410,20090,Saturday,Cash
P105755,3/2/2025,Other,Galle - Matara,12:00,25,220,5500,Sunday,Mobile Payment
P102053,8/12/2025,Bus,Galle - Matara,7:30,44,200,8800,Tuesday,Card
P101777,3/14/2025,Train,Colombo - Kurunegala,8:00,113,250,28250,Friday,Cash
P103270,12/15/2025,Train,Colombo - Kurunegala,15:00,148,290,42920,Monday,Cash
P104303,12/16/2025,Train,Colombo - Ratnapura,15:00,77,250,19250,Tuesday,Cash
P101593,11/30/2025,Bus,Colombo - Ratnapura,18:00,58,290,16820,Sunday,Card
P101724,2/9/2025,Bus,Galle - Matara,20:00,28,200,5600,Sunday,Cash
P104694,4/2/2025,Bus,Colombo - Kandy,8:30,56,420,23520,Wednesday,Cash
P104042,9/22/2025,Bus,Kandy - Nuwara Eliya,15:00,28,300,8400,Monday,Card
P100491,5/22/2025,Bus,Kurunegala - Dambulla,17:30,43,240,10320,Thursday,Cash
P105078,8/11/2025,Bus,Colombo - Kandy,11:00,40,450,18000,Monday,Cash
P101007,4/20/2025,Train,Colombo - Kandy,21:00,95,350,33250,Sunday,Card
P103149,4/17/2025,Train,Colombo - Ratnapura,6:30,163,210,34230,Thursday,Cash
P104249,5/20/2025,Train,Galle - Matara,21:00,95,140,13300,Tuesday,Cash
P101418,4/3/2025,Bus,Kandy - Nuwara Eliya,11:00,57,270,15390,Thursday,Card
P100026,1/15/2025,Train,Colombo - Galle,14:00,172,300,51600,Wednesday,Mobile Payment
P101114,6/1/2025,Bus,Colombo - Ratnapura,13:00,67,280,18760,Sunday,Mobile Payment
P105586,8/22/2025,Bus,Kandy - Colombo,15:00,44,480,21120,Friday,Card
P101553,1/4/2025,Train,Colombo - Ratnapura,8:00,232,220,51040,Saturday,Cash
P105124,7/8/2025,Bus,Colombo - Negombo,20:00,61,260,15860,Tuesday,Card
P104483,8/17/2025,Train,Colombo - Negombo,9:00,140,200,28000,Sunday,Cash
P100434,3/6/2025,Bus,Colombo - Negombo,9:00,31,250,7750,Thursday,Cash
P102927,4/7/2025,Train,Galle - Matara,15:00,132,140,18480,Monday,Card
P103858,7/13/2025,Train,Colombo - Kalutara,21:00,112,130,14560,Sunday,Cash
P104016,8/31/2025,Bus,Kandy - Nuwara Eliya,7:30,64,330,21120,Sunday,Mobile Payment
P102964,7/26/2025,Other,Kandy - Colombo,8:30,27,530,14310,Saturday,Card
P103099,6/12/2025,Bus,Colombo - Kandy,10:00,44,410,18040,Thursday,Mobile Payment
P105876,7/21/2025,Bus,Colombo - Negombo,8:30,60,270,16200,Monday,Card
P104457,10/31/2025,Train,Kandy - Colombo,17:30,163,310,50530,Friday,Mobile Payment
P104541,10/31/2025,Bus,Colombo - Kandy,15:00,58,490,28420,Friday,Cash
P105769,7/1/2025,Bus,Colombo - Galle,13:00,65,380,24700,Tuesday,Mobile Payment
P101103,3/31/2025,Train,Kandy - Nuwara Eliya,19:00,168,220,36960,Monday,Mobile Payment
P105066,5/3/2025,Bus,Colombo - Kandy,21:00,40,480,19200,Saturday,Card
P104518,3/31/2025,Train,Colombo - Kandy,16:00,171,360,61560,Monday,Cash
P104163,4/19/2025,Bus,Kandy - Colombo,16:00,44,490,21560,Saturday,Card
P100195,2/11/2025,Bus,Kandy - Nuwara Eliya,16:00,32,320,10240,Tuesday,Card
P100616,1/1/2025,Other,Colombo - Ratnapura,11:00,23,390,8970,Wednesday,Cash
P100644,10/18/2025,Bus,Colombo - Negombo,15:00,30,230,6900,Saturday,Cash
P104310,6/28/2025,Train,Kandy - Nuwara Eliya,21:00,129,220,28380,Saturday,Cash
P103154,5/19/2025,Bus,Colombo - Galle,19:00,57,400,22800,Monday,Mobile Payment
P105071,5/8/2025,Train,Colombo - Negombo,13:00,127,190,24130,Thursday,Cash
P100331,6/9/2025,Bus,Colombo - Galle,14:00,35,440,15400,Monday,Card
P103826,3/8/2025,Bus,Kurunegala - Dambulla,8:30,45,230,10350,Saturday,Cash
P104516,10/3/2025,Bus,Kandy - Nuwara Eliya,18:30,82,330,27060,Friday,Card
P103114,11/10/2025,Bus,Kandy - Nuwara Eliya,18:00,28,270,7560,Monday,Mobile Payment
P105366,3/30/2025,Other,Galle - Matara,13:00,14,220,3080,Sunday,Card
P100484,4/20/2025,Train,Galle - Matara,18:00,106,150,15900,Sunday,Cash
P105198,12/25/2025,Bus,Colombo - Ratnapura,11:00,26,310,8060,Thursday,Cash
P102672,8/8/2025,Bus,Colombo - Kurunegala,13:00,34,330,11220,Friday,Card
P102060,7/28/2025,Bus,Colombo - Negombo,17:30,72,250,18000,Monday,Cash
P104679,5/26/2025,Train,Colombo - Kalutara,18:30,233,130,30290,Monday,Cash
P100033,4/25/2025,Bus,Kurunegala - Dambulla,11:00,71,250,17750,Friday,Cash
P100665,5/30/2025,Bus,Colombo - Kalutara,20:00,57,190,10830,Friday,Cash
P105160,12/28/2025,Bus,Colombo - Galle,18:00,57,430,24510,Sunday,Cash
P104183,10/29/2025,Train,Kandy - Colombo,13:00,58,330,19140,Wednesday,Cash
P101445,4/22/2025,Train,Colombo - Ratnapura,7:00,230,240,55200,Tuesday,Cash
P102400,6/2/2025,Train,Colombo - Galle,16:00,154,290,44660,Monday,Cash
P102442,11/26/2025,Bus,Colombo - Negombo,17:00,60,250,15000,Wednesday,Cash
P105853,12/12/2025,Train,Kandy - Nuwara Eliya,8:00,142,220,31240,Friday,Mobile Payment
P101706,3/10/2025,Bus,Colombo - Kalutara,9:00,40,190,7600,Monday,Mobile Payment
P105983,10/5/2025,Other,Colombo - Negombo,10:00,37,320,11840,Sunday,Cash
P102851,8/12/2025,Train,Colombo - Galle,14:00,157,290,45530,Tuesday,Cash
P105502,8/22/2025,Bus,Kandy - Nuwara Eliya,18:30,71,310,22010,Friday,Cash
P102278,3/23/2025,Bus,Colombo - Kurunegala,16:00,48,320,15360,Sunday,Card
P101402,1/14/2025,Bus,Colombo - Galle,8:00,58,430,24940,Tuesday,Mobile Payment
P105549,4/4/2025,Bus,Colombo - Kalutara,17:00,72,190,13680,Friday,Card
P100171,2/14/2025,Train,Galle - Matara,17:30,131,160,20960,Friday,Card
P100541,12/4/2025,Other,Kandy - Colombo,18:30,40,500,20000,Thursday,Card
P105466,8/2/2025,Bus,Kurunegala - Dambulla,10:00,46,270,12420,Saturday,Card
P104606,11/19/2025,Train,Colombo - Kalutara,13:00,165,120,19800,Wednesday,Mobile Payment
P102459,10/15/2025,Bus,Kandy - Nuwara Eliya,17:30,80,290,23200,Wednesday,Card
P103909,5/1/2025,Train,Kandy - Nuwara Eliya,21:00,45,230,10350,Thursday,Cash
P100675,9/12/2025,Bus,Colombo - Ratnapura,7:00,64,310,19840,Friday,Cash
P102919,5/16/2025,Bus,Colombo - Galle,13:00,39,380,14820,Friday,Cash
P104077,6/25/2025,Bus,Colombo - Negombo,9:00,50,250,12500,Wednesday,Cash
P101816,11/3/2025,Other,Colombo - Kandy,9:00,27,510,13770,Monday,Cash
P102555,4/4/2025,Bus,Colombo - Ratnapura,7:00,55,320,17600,Friday,Mobile Payment
P102101,4/27/2025,Other,Colombo - Kurunegala,15:00,17,430,7310,Sunday,Card
P103126,8/22/2025,Train,Colombo - Negombo,17:00,133,180,23940,Friday,Cash
P105494,8/22/2025,Bus,Colombo - Negombo,7:00,68,260,17680,Friday,Cash
P102102,4/6/2025,Bus,Kurunegala - Dambulla,18:00,70,230,16100,Sunday,Mobile Payment
P105081,4/6/2025,Bus,Colombo - Kalutara,10:00,53,180,9540,Sunday,Cash
P102804,5/4/2025,Other,Kandy - Nuwara Eliya,7:00,43,400,17200,Sunday,Card
P101549,5/29/2025,Bus,Kandy - Colombo,7:30,60,460,27600,Thursday,Mobile Payment
P104751,4/8/2025,Bus,Colombo - Kandy,16:00,44,410,18040,Tuesday,Cash
P104851,10/5/2025,Other,Kurunegala - Dambulla,17:30,22,300,6600,Sunday,Cash
P100356,6/2/2025,Train,Kurunegala - Dambulla,17:00,174,190,33060,Monday,Mobile Payment
P102641,11/24/2025,Bus,Colombo - Ratnapura,18:30,63,290,18270,Monday,Cash
P104170,9/8/2025,Bus,Colombo - Kandy,10:00,66,420,27720,Monday,Card
P104677,12/21/2025,Bus,Colombo - Galle,10:00,30,410,12300,Sunday,Cash
P105310,9/3/2025,Train,Colombo - Negombo,16:00,116,200,23200,Wednesday,Cash
P104274,8/24/2025,Bus,Kandy - Nuwara Eliya,8:30,44,300,13200,Sunday,Cash
P101052,9/19/2025,Bus,Colombo - Galle,8:00,63,360,22680,Friday,Cash
P102322,9/14/2025,Train,Kandy - Colombo,12:00,85,330,28050,Sunday,Card
P104329,3/22/2025,Bus,Colombo - Kandy,21:00,42,480,20160,Saturday,Card
P103920,1/19/2025,Train,Kurunegala - Dambulla,8:30,118,200,23600,Sunday,Card
P101752,10/17/2025,Bus,Colombo - Kurunegala,21:00,22,370,8140,Friday,Mobile Payment
P102465,12/15/2025,Train,Kurunegala - Dambulla,17:30,141,190,26790,Monday,Mobile Payment
P101773,10/9/2025,Train,Kandy - Nuwara Eliya,8:30,160,210,33600,Thursday,Card
P101197,11/26/2025,Other,Colombo - Kurunegala,7:30,25,450,11250,Wednesday,Mobile Payment
P101879,8/13/2025,Bus,Colombo - Negombo,11:00,52,260,13520,Wednesday,Mobile Payment
P102017,7/28/2025,Bus,Kandy - Nuwara Eliya,18:30,60,330,19800,Monday,Mobile Payment
P102006,2/7/2025,Train,Colombo - Ratnapura,7:30,145,220,31900,Friday,Card
P104076,12/31/2025,Train,Colombo - Kandy,16:00,134,340,45560,Wednesday,Mobile Payment
P101483,12/21/2025,Bus,Colombo - Negombo,12:00,60,240,14400,Sunday,Card
P100329,11/17/2025,Bus,Kandy - Nuwara Eliya,7:30,47,290,13630,Monday,Cash
P100649,4/24/2025,Train,Kandy - Nuwara Eliya,13:00,122,210,25620,Thursday,Card
P102895,1/30/2025,Bus,Colombo - Negombo,17:00,43,240,10320,Thursday,Mobile Payment
P101124,1/4/2025,Train,Colombo - Kurunegala,10:00,49,260,12740,Saturday,Cash
P102777,7/6/2025,Bus,Colombo - Kurunegala,19:00,79,320,25280,Sunday,Cash
P102961,6/27/2025,Bus,Colombo - Kurunegala,17:00,55,340,18700,Friday,Cash
P103456,1/30/2025,Bus,Colombo - Kalutara,13:00,20,170,3400,Thursday,Card
P102844,7/14/2025,Other,Colombo - Galle,17:00,33,510,16830,Monday,Cash
P103090,8/3/2025,Bus,Colombo - Kandy,18:30,70,450,31500,Sunday,Cash
P105022,6/25/2025,Bus,Colombo - Galle,17:30,59,380,22420,Wednesday,Card
P101260,5/17/2025,Train,Kandy - Colombo,7:30,180,330,59400,Saturday,Cash
P104315,1/29/2025,Other,Kandy - Nuwara Eliya,8:00,36,380,13680,Wednesday,Cash
P103412,12/25/2025,Bus,Colombo - Ratnapura,19:00,69,310,21390,Thursday,Cash
P104620,10/29/2025,Train,Colombo - Negombo,17:30,131,180,23580,Wednesday,Card
P101520,2/27/2025,Other,Colombo - Ratnapura,17:30,43,360,15480,Thursday,Card
P101379,6/25/2025,Bus,Colombo - Galle,19:00,75,360,27000,Wednesday,Cash
P104382,4/14/2025,Bus,Colombo - Galle,19:00,47,390,18330,Monday,Card
P101024,11/1/2025,Other,Galle - Matara,15:00,21,220,4620,Saturday,Mobile Payment
P102877,6/4/2025,Bus,Galle - Matara,18:00,63,200,12600,Wednesday,Cash
P104554,4/10/2025,Train,Colombo - Negombo,7:00,141,200,28200,Thursday,Cash
P104796,11/9/2025,Bus,Kandy - Nuwara Eliya,19:00,63,310,19530,Sunday,Cash
P100913,9/1/2025,Train,Colombo - Kurunegala,21:00,131,240,31440,Monday,Cash
P104039,11/28/2025,Train,Colombo - Galle,18:00,189,270,51030,Friday,Cash
P101676,12/7/2025,Bus,Colombo - Ratnapura,12:00,46,290,13340,Sunday,Card
P101747,1/30/2025,Bus,Colombo - Kurunegala,9:00,20,380,7600,Thursday,Cash
P102971,4/30/2025,Bus,Kurunegala - Dambulla,21:00,34,250,8500,Wednesday,Card
P101737,4/24/2025,Bus,Kurunegala - Dambulla,13:00,23,260,5980,Thursday,Cash
P101630,2/22/2025,Bus,Colombo - Kandy,15:00,72,430,30960,Saturday,Cash
P104320,7/6/2025,Bus,Galle - Matara,15:00,42,190,7980,Sunday,Cash
P100431,3/17/2025,Bus,Galle - Matara,17:30,73,200,14600,Monday,Cash
P101809,5/29/2025,Bus,Colombo - Negombo,16:00,44,270,11880,Thursday,Card
P103528,3/19/2025,Train,Colombo - Negombo,8:30,85,170,14450,Wednesday,Cash
P102388,8/31/2025,Train,Colombo - Negombo,17:30,133,190,25270,Sunday,Cash
P103403,10/20/2025,Other,Colombo - Kalutara,9:00,46,230,10580,Monday,Mobile Payment
P103481,9/3/2025,Bus,Kurunegala - Dambulla,17:00,69,240,16560,Wednesday,Cash
P105707,9/27/2025,Train,Colombo - Kurunegala,6:30,102,250,25500,Saturday,Mobile Payment
P102223,12/19/2025,Bus,Galle - Matara,10:00,55,210,11550,Friday,Card
P104199,7/22/2025,Bus,Colombo - Kalutara,8:30,80,190,15200,Tuesday,Card
P104167,12/24/2025,Bus,Colombo - Kurunegala,8:30,62,360,22320,Wednesday,Card
P105351,9/19/2025,Train,Kandy - Colombo,15:00,209,300,62700,Friday,Cash
P105882,5/22/2025,Train,Colombo - Kandy,7:30,145,340,49300,Thursday,Card
P104587,1/11/2025,Bus,Colombo - Negombo,9:00,36,260,9360,Saturday,Cash
P105325,10/13/2025,Bus,Kurunegala - Dambulla,11:00,59,250,14750,Monday,Cash
P101996,11/3/2025,Train,Kandy - Colombo,7:00,184,370,68080,Monday,Cash
P104991,3/21/2025,Other,Galle - Matara,7:00,34,230,7820,Friday,Cash
P102225,12/2/2025,Bus,Colombo - Negombo,18:00,69,230,15870,Tuesday,Card
P101107,6/12/2025,Bus,Colombo - Ratnapura,9:00,47,280,13160,Thursday,Card
P105746,1/3/2025,Train,Colombo - Kalutara,16:00,67,130,8710,Friday,Card
P100819,3/7/2025,Bus,Colombo - Ratnapura,20:00,27,330,8910,Friday,Mobile Payment
P104073,2/17/2025,Train,Galle - Matara,11:00,123,140,17220,Monday,Mobile Payment
P104359,2/10/2025,Train,Colombo - Negombo,8:00,46,190,8740,Monday,Cash
P101698,12/6/2025,Bus,Kandy - Colombo,18:30,65,480,31200,Saturday,Mobile Payment
P103222,11/4/2025,Bus,Colombo - Kandy,18:00,51,430,21930,Tuesday,Card
P100137,2/19/2025,Bus,Kurunegala - Dambulla,13:00,50,250,12500,Wednesday,Cash
P104524,9/19/2025,Train,Kandy - Colombo,12:00,182,360,65520,Friday,Cash
P102922,1/21/2025,Train,Kandy - Colombo,6:30,92,370,34040,Tuesday,Card
P105317,10/31/2025,Bus,Kandy - Colombo,7:00,26,470,12220,Friday,Cash
P101181,2/1/2025,Other,Kandy - Colombo,8:00,35,570,19950,Saturday,Cash
P103435,9/29/2025,Train,Kandy - Nuwara Eliya,11:00,134,230,30820,Monday,Card
P100889,11/15/2025,Bus,Colombo - Kandy,19:00,30,420,12600,Saturday,Mobile Payment
P102657,9/28/2025,Train,Colombo - Galle,18:00,80,320,25600,Sunday,Cash
P105734,3/10/2025,Bus,Colombo - Ratnapura,18:30,49,310,15190,Monday,Card
P102896,4/7/2025,Train,Colombo - Kalutara,13:00,108,120,12960,Monday,Mobile Payment
P100818,10/14/2025,Bus,Colombo - Negombo,17:30,63,260,16380,Tuesday,Cash
P101112,10/19/2025,Bus,Kandy - Colombo,15:00,36,490,17640,Sunday,Card
P103413,10/2/2025,Bus,Colombo - Kurunegala,17:30,89,320,28480,Thursday,Card
P102342,5/11/2025,Bus,Galle - Matara,18:30,61,200,12200,Sunday,Cash
P105991,3/8/2025,Bus,Galle - Matara,13:00,42,180,7560,Saturday,Cash
P103760,5/13/2025,Train,Kandy - Colombo,17:30,147,310,45570,Tuesday,Mobile Payment
P101265,5/28/2025,Bus,Colombo - Kalutara,7:30,67,190,12730,Wednesday,Cash
P100991,8/2/2025,Train,Colombo - Kandy,17:00,111,340,37740,Saturday,Cash
P103236,4/3/2025,Bus,Colombo - Ratnapura,9:00,43,310,13330,Thursday,Mobile Payment
P101740,9/11/2025,Bus,Colombo - Kandy,8:00,78,440,34320,Thursday,Card
P102478,6/19/2025,Train,Colombo - Galle,7:30,161,320,51520,Thursday,Card
P100354,1/15/2025,Bus,Kandy - Nuwara Eliya,8:00,61,290,17690,Wednesday,Cash
P105270,5/24/2025,Bus,Galle - Matara,17:30,31,210,6510,Saturday,Cash
P102458,5/13/2025,Train,Colombo - Ratnapura,12:00,124,210,26040,Tuesday,Cash
P104208,9/20/2025,Bus,Colombo - Kandy,7:00,29,410,11890,Saturday,Cash
P101490,6/29/2025,Bus,Colombo - Kurunegala,12:00,43,320,13760,Sunday,Card
P103927,8/13/2025,Train,Colombo - Kandy,17:30,89,360,32040,Wednesday,Card
P101229,5/25/2025,Other,Kurunegala - Dambulla,7:00,40,290,11600,Sunday,Card
P105933,8/17/2025,Bus,Colombo - Kandy,17:30,64,430,27520,Sunday,Cash
P102690,3/5/2025,Bus,Colombo - Galle,10:00,30,410,12300,Wednesday,Card
P105683,10/6/2025,Other,Galle - Matara,12:00,5,230,1150,Monday,Card
P100053,9/18/2025,Other,Kandy - Nuwara Eliya,9:00,29,370,10730,Thursday,Mobile Payment
P103124,4/22/2025,Bus,Colombo - Galle,9:00,47,400,18800,Tuesday,Card
P103949,5/28/2025,Bus,Colombo - Kandy,11:00,31,420,13020,Wednesday,Card
P103322,3/20/2025,Bus,Kandy - Colombo,18:30,72,480,34560,Thursday,Cash
P103653,3/9/2025,Train,Kandy - Nuwara Eliya,13:00,99,250,24750,Sunday,Cash
P101590,1/25/2025,Train,Kandy - Colombo,12:00,67,330,22110,Saturday,Cash
P101480,10/23/2025,Bus,Colombo - Kalutara,18:00,63,200,12600,Thursday,Mobile Payment
P101470,6/2/2025,Train,Colombo - Ratnapura,7:00,95,220,20900,Monday,Card
P102779,10/12/2025,Bus,Kandy - Colombo,16:00,40,420,16800,Sunday,Card
P105988,11/14/2025,Other,Colombo - Kurunegala,7:30,29,380,11020,Friday,Mobile Payment
P102079,6/10/2025,Other,Galle - Matara,14:00,21,250,5250,Tuesday,Cash
P103451,3/25/2025,Bus,Colombo - Negombo,8:30,50,250,12500,Tuesday,Mobile Payment
P105912,4/4/2025,Other,Kandy - Colombo,20:00,32,490,15680,Friday,Cash
P102952,1/19/2025,Train,Colombo - Ratnapura,18:00,132,220,29040,Sunday,Card
P100437,2/25/2025,Bus,Kurunegala - Dambulla,15:00,46,260,11960,Tuesday,Card
P102887,3/13/2025,Bus,Colombo - Galle,21:00,44,390,17160,Thursday,Cash
P103886,6/25/2025,Other,Kandy - Colombo,21:00,13,510,6630,Wednesday,Card
P101589,6/30/2025,Bus,Colombo - Ratnapura,20:00,50,300,15000,Monday,Cash
P104418,1/3/2025,Bus,Kandy - Nuwara Eliya,17:00,48,310,14880,Friday,Cash
P101591,8/10/2025,Train,Colombo - Kandy,21:00,80,350,28000,Sunday,Mobile Payment
P103251,1/24/2025,Bus,Kandy - Colombo,20:00,42,490,20580,Friday,Mobile Payment
P100974,1/21/2025,Bus,Kandy - Nuwara Eliya,21:00,46,280,12880,Tuesday,Card
P101239,5/5/2025,Other,Colombo - Ratnapura,9:00,8,390,3120,Monday,Card
P102343,4/3/2025,Bus,Galle - Matara,7:00,46,180,8280,Thursday,Card
P102474,4/25/2025,Train,Colombo - Galle,8:30,159,330,52470,Friday,Cash
P103589,10/25/2025,Bus,Colombo - Ratnapura,8:00,66,290,19140,Saturday,Cash
P105121,4/22/2025,Bus,Colombo - Kalutara,13:00,71,200,14200,Tuesday,Mobile Payment
P102232,2/18/2025,Bus,Kandy - Nuwara Eliya,20:00,26,320,8320,Tuesday,Card
P102519,4/6/2025,Train,Colombo - Ratnapura,18:00,160,250,40000,Sunday,Card
P101498,3/30/2025,Bus,Colombo - Kurunegala,12:00,45,320,14400,Sunday,Mobile Payment
P100450,1/10/2025,Bus,Colombo - Kalutara,18:30,71,180,12780,Friday,Cash
P102370,5/23/2025,Train,Colombo - Kalutara,17:30,182,130,23660,Friday,Cash
P104123,4/21/2025,Train,Colombo - Negombo,8:30,115,170,19550,Monday,Cash
P102423,1/4/2025,Train,Kurunegala - Dambulla,13:00,104,170,17680,Saturday,Card
P105387,12/15/2025,Bus,Colombo - Negombo,17:30,66,250,16500,Monday,Card
P105957,11/15/2025,Bus,Kandy - Colombo,8:30,56,410,22960,Saturday,Cash
P101552,5/11/2025,Train,Colombo - Negombo,10:00,88,200,17600,Sunday,Card
P105319,4/7/2025,Bus,Colombo - Kandy,11:00,33,480,15840,Monday,Cash
P101147,10/13/2025,Train,Colombo - Kandy,11:00,81,320,25920,Monday,Mobile Payment
P105599,5/16/2025,Train,Colombo - Negombo,11:00,105,190,19950,Friday,Card
P102093,7/4/2025,Bus,Kandy - Nuwara Eliya,17:30,47,330,15510,Friday,Card
P101314,6/30/2025,Train,Colombo - Galle,9:00,74,320,23680,Monday,Card
P102016,10/23/2025,Bus,Colombo - Kandy,13:00,43,450,19350,Thursday,Cash
P104307,10/11/2025,Bus,Colombo - Kandy,16:00,41,480,19680,Saturday,Cash
P103709,12/3/2025,Bus,Colombo - Galle,18:30,50,390,19500,Wednesday,Card
P103009,12/6/2025,Train,Colombo - Kalutara,17:00,133,130,17290,Saturday,Card
P101382,1/23/2025,Bus,Kandy - Nuwara Eliya,13:00,44,280,12320,Thursday,Card
P103249,12/27/2025,Train,Kurunegala - Dambulla,8:30,148,170,25160,Saturday,Cash
P100414,5/20/2025,Train,Colombo - Kandy,18:00,89,310,27590,Tuesday,Cash
P100942,6/18/2025,Train,Kandy - Colombo,7:00,165,310,51150,Wednesday,Cash
P100802,3/23/2025,Bus,Kandy - Colombo,8:00,67,440,29480,Sunday,Card
P104914,3/3/2025,Bus,Kandy - Nuwara Eliya,19:00,42,280,11760,Monday,Mobile Payment
P105484,1/15/2025,Train,Colombo - Negombo,13:00,156,190,29640,Wednesday,Mobile Payment
P100257,7/10/2025,Other,Kandy - Colombo,13:00,29,570,16530,Thursday,Mobile Payment
P105887,6/7/2025,Train,Kandy - Nuwara Eliya,6:30,70,210,14700,Saturday,Cash
P102236,1/28/2025,Train,Colombo - Negombo,7:30,76,170,12920,Tuesday,Cash
P100648,4/20/2025,Train,Colombo - Kandy,11:00,5,330,1650,Sunday,Cash
P101768,5/18/2025,Bus,Kurunegala - Dambulla,19:00,52,270,14040,Sunday,Card
P104106,7/5/2025,Train,Colombo - Kurunegala,20:00,64,260,16640,Saturday,Cash
P103936,6/5/2025,Bus,Colombo - Kandy,6:30,57,490,27930,Thursday,Mobile Payment
P105413,10/6/2025,Train,Kurunegala - Dambulla,16:00,135,200,27000,Monday,Cash
P103950,6/15/2025,Bus,Colombo - Ratnapura,12:00,34,320,10880,Sunday,Cash
P100025,8/1/2025,Bus,Kurunegala - Dambulla,8:30,73,240,17520,Friday,Cash
P101089,2/27/2025,Other,Galle - Matara,20:00,16,230,3680,Thursday,Mobile Payment
P105112,11/23/2025,Train,Kurunegala - Dambulla,11:00,77,180,13860,Sunday,Mobile Payment
P104166,2/28/2025,Bus,Kandy - Colombo,18:30,63,470,29610,Friday,Card
P100113,10/25/2025,Other,Colombo - Ratnapura,17:30,48,360,17280,Saturday,Mobile Payment
P102312,8/30/2025,Train,Kandy - Colombo,17:30,221,360,79560,Saturday,Card
P104648,5/6/2025,Bus,Colombo - Kurunegala,9:00,34,370,12580,Tuesday,Card
P100057,3/20/2025,Bus,Colombo - Galle,17:00,73,370,27010,Thursday,Cash
P101310,5/9/2025,Train,Colombo - Kurunegala,18:00,228,260,59280,Friday,Card
P100696,1/8/2025,Train,Kandy - Colombo,6:30,78,360,28080,Wednesday,Card
P104367,7/10/2025,Bus,Colombo - Kurunegala,19:00,40,360,14400,Thursday,Cash
P101228,7/4/2025,Bus,Colombo - Ratnapura,18:00,59,330,19470,Friday,Card
P102000,1/10/2025,Bus,Colombo - Kurunegala,9:00,32,320,10240,Friday,Mobile Payment
P100277,9/4/2025,Train,Colombo - Galle,11:00,124,310,38440,Thursday,Mobile Payment
P104061,8/23/2025,Bus,Colombo - Negombo,12:00,31,250,7750,Saturday,Card
P103008,8/4/2025,Bus,Colombo - Kurunegala,17:00,39,370,14430,Monday,Card
P101834,3/20/2025,Train,Colombo - Kurunegala,11:00,128,270,34560,Thursday,Cash
P100683,2/1/2025,Bus,Colombo - Kandy,11:00,19,440,8360,Saturday,Cash
P103140,8/19/2025,Bus,Kandy - Nuwara Eliya,21:00,55,280,15400,Tuesday,Cash
P104335,5/1/2025,Bus,Galle - Matara,21:00,55,180,9900,Thursday,Card
P101138,10/10/2025,Bus,Colombo - Ratnapura,17:30,45,290,13050,Friday,Mobile Payment
P103753,4/1/2025,Bus,Colombo - Ratnapura,18:00,39,320,12480,Tuesday,Cash
P103783,5/19/2025,Bus,Kandy - Nuwara Eliya,11:00,34,290,9860,Monday,Card
P103012,11/4/2025,Bus,Kurunegala - Dambulla,6:30,70,250,17500,Tuesday,Cash
P104089,4/19/2025,Train,Kandy - Nuwara Eliya,8:00,103,210,21630,Saturday,Cash
P104834,2/5/2025,Bus,Colombo - Negombo,12:00,74,250,18500,Wednesday,Card
P101347,5/26/2025,Bus,Colombo - Kurunegala,13:00,46,370,17020,Monday,Cash
P102551,1/27/2025,Bus,Galle - Matara,8:00,50,200,10000,Monday,Cash
P104923,11/28/2025,Train,Colombo - Ratnapura,17:30,260,210,54600,Friday,Card
P102802,3/24/2025,Other,Kandy - Nuwara Eliya,9:00,27,370,9990,Monday,Cash
P102385,9/10/2025,Bus,Colombo - Ratnapura,10:00,59,320,18880,Wednesday,Cash
P104767,3/24/2025,Train,Kandy - Nuwara Eliya,8:00,136,220,29920,Monday,Cash
P104177,9/2/2025,Train,Kandy - Colombo,20:00,56,340,19040,Tuesday,Card
P103254,7/13/2025,Bus,Colombo - Ratnapura,18:00,48,310,14880,Sunday,Mobile Payment
P102610,6/28/2025,Bus,Kandy - Colombo,16:00,46,440,20240,Saturday,Cash
P103255,3/25/2025,Bus,Colombo - Kurunegala,17:30,58,320,18560,Tuesday,Cash
P102570,5/30/2025,Other,Kandy - Nuwara Eliya,16:00,21,330,6930,Friday,Cash
P102754,5/2/2025,Bus,Colombo - Kandy,9:00,35,430,15050,Friday,Cash
P104989,5/10/2025,Train,Colombo - Ratnapura,21:00,39,250,9750,Saturday,Card
P104927,7/18/2025,Bus,Colombo - Galle,18:30,65,410,26650,Friday,Cash
P100082,5/12/2025,Train,Galle - Matara,10:00,131,140,18340,Monday,Cash
P101973,5/8/2025,Bus,Colombo - Ratnapura,7:00,40,280,11200,Thursday,Cash
P101715,2/17/2025,Bus,Colombo - Galle,6:30,55,380,20900,Monday,Cash
P103143,3/4/2025,Train,Colombo - Kalutara,6:30,107,120,12840,Tuesday,Cash
P103623,9/26/2025,Bus,Colombo - Kalutara,12:00,34,170,5780,Friday,Mobile Payment
P101947,8/2/2025,Bus,Galle - Matara,18:00,61,190,11590,Saturday,Cash
P103318,3/6/2025,Bus,Colombo - Galle,7:30,68,370,25160,Thursday,Cash
P104085,10/10/2025,Bus,Galle - Matara,19:00,50,180,9000,Friday,Card
P104710,5/11/2025,Train,Kurunegala - Dambulla,8:30,112,200,22400,Sunday,Card
P101611,10/9/2025,Train,Colombo - Kurunegala,11:00,109,280,30520,Thursday,Mobile Payment
P104641,5/15/2025,Other,Colombo - Negombo,19:00,30,290,8700,Thursday,Card
P102891,6/8/2025,Bus,Colombo - Kurunegala,11:00,43,320,13760,Sunday,Card
P103246,7/8/2025,Bus,Colombo - Galle,18:30,70,400,28000,Tuesday,Cash
P105864,11/13/2025,Bus,Colombo - Galle,15:00,48,410,19680,Thursday,Cash
P104626,1/29/2025,Train,Colombo - Kalutara,20:00,118,130,15340,Wednesday,Card
P100666,2/22/2025,Bus,Colombo - Galle,9:00,17,400,6800,Saturday,Card
P102195,7/18/2025,Bus,Galle - Matara,19:00,53,220,11660,Friday,Cash
P105723,1/16/2025,Train,Colombo - Negombo,10:00,129,190,24510,Thursday,Mobile Payment
P105101,12/10/2025,Bus,Colombo - Kalutara,13:00,21,190,3990,Wednesday,Cash
P101018,11/2/2025,Train,Colombo - Ratnapura,9:00,138,230,31740,Sunday,Cash
P100558,5/29/2025,Bus,Kandy - Colombo,17:00,49,460,22540,Thursday,Cash
P104399,2/13/2025,Bus,Colombo - Kandy,14:00,42,410,17220,Thursday,Cash
P105767,2/10/2025,Bus,Colombo - Negombo,11:00,50,230,11500,Monday,Card
P101208,6/4/2025,Bus,Colombo - Ratnapura,16:00,46,330,15180,Wednesday,Cash
P103803,4/2/2025,Train,Kurunegala - Dambulla,21:00,95,190,18050,Wednesday,Card
P103025,2/28/2025,Bus,Galle - Matara,10:00,54,190,10260,Friday,Cash
P101511,10/6/2025,Train,Galle - Matara,14:00,74,160,11840,Monday,Mobile Payment
P105115,3/30/2025,Bus,Galle - Matara,8:00,85,200,17000,Sunday,Mobile Payment
P105550,3/10/2025,Bus,Kurunegala - Dambulla,8:30,17,240,4080,Monday,Mobile Payment
P104202,7/13/2025,Bus,Colombo - Kurunegala,16:00,42,360,15120,Sunday,Cash
P104568,7/14/2025,Bus,Kurunegala - Dambulla,20:00,10,250,2500,Monday,Cash
P100267,6/2/2025,Train,Colombo - Negombo,21:00,126,200,25200,Monday,Cash
P102689,10/29/2025,Bus,Kandy - Colombo,8:30,32,490,15680,Wednesday,Mobile Payment
P105463,10/17/2025,Bus,Colombo - Ratnapura,8:30,71,280,19880,Friday,Cash
P102112,12/10/2025,Bus,Colombo - Kurunegala,14:00,42,320,13440,Wednesday,Card
P102944,9/30/2025,Train,Colombo - Ratnapura,6:30,134,230,30820,Tuesday,Cash
P101910,4/21/2025,Bus,Galle - Matara,11:00,66,220,14520,Monday,Mobile Payment
P103106,2/2/2025,Bus,Kandy - Colombo,6:30,70,420,29400,Sunday,Card
P103904,4/21/2025,Bus,Colombo - Negombo,21:00,44,270,11880,Monday,Cash
P103952,8/24/2025,Train,Colombo - Negombo,19:00,98,200,19600,Sunday,Mobile Payment
P104237,1/6/2025,Bus,Colombo - Galle,10:00,60,400,24000,Monday,Card
P103571,4/22/2025,Bus,Kurunegala - Dambulla,15:00,37,250,9250,Tuesday,Mobile Payment
P104824,6/13/2025,Bus,Colombo - Kalutara,18:00,35,200,7000,Friday,Cash
P103218,12/28/2025,Bus,Galle - Matara,12:00,52,190,9880,Sunday,Card
P101785,10/28/2025,Train,Colombo - Negombo,12:00,92,190,17480,Tuesday,Cash
P101238,3/30/2025,Bus,Colombo - Galle,11:00,45,360,16200,Sunday,Cash
P104992,10/26/2025,Train,Colombo - Ratnapura,7:30,184,230,42320,Sunday,Card
P104701,9/25/2025,Bus,Colombo - Negombo,16:00,47,270,12690,Thursday,Cash
P104201,6/7/2025,Train,Kandy - Colombo,15:00,158,340,53720,Saturday,Cash
P104866,5/27/2025,Train,Colombo - Galle,14:00,156,270,42120,Tuesday,Card
P105921,12/17/2025,Bus,Kandy - Nuwara Eliya,9:00,30,280,8400,Wednesday,Mobile Payment
P102187,8/30/2025,Train,Colombo - Negombo,19:00,93,200,18600,Saturday,Card
P103448,7/14/2025,Train,Kurunegala - Dambulla,8:00,102,190,19380,Monday,Cash
P100909,2/1/2025,Bus,Colombo - Kandy,11:00,19,410,7790,Saturday,Cash
P104319,3/5/2025,Bus,Colombo - Kalutara,8:30,52,180,9360,Wednesday,Mobile Payment
P101304,10/1/2025,Bus,Colombo - Ratnapura,10:00,53,330,17490,Wednesday,Cash
P105602,10/1/2025,Bus,Colombo - Ratnapura,7:00,51,300,15300,Wednesday,Mobile Payment
P101628,4/20/2025,Bus,Kandy - Nuwara Eliya,17:30,35,310,10850,Sunday,Cash
P101523,8/24/2025,Bus,Kurunegala - Dambulla,20:00,41,230,9430,Sunday,Card
P100836,6/18/2025,Bus,Kandy - Nuwara Eliya,8:30,55,300,16500,Wednesday,Cash
P100359,12/24/2025,Other,Colombo - Galle,17:30,35,440,15400,Wednesday,Mobile Payment
P100139,9/28/2025,Bus,Kandy - Colombo,16:00,32,460,14720,Sunday,Card
P100300,5/27/2025,Bus,Colombo - Kalutara,17:30,60,170,10200,Tuesday,Cash
P101557,9/23/2025,Train,Kandy - Colombo,21:00,91,330,30030,Tuesday,Cash
P101004,6/15/2025,Train,Kandy - Colombo,18:30,81,320,25920,Sunday,Card
P100383,1/23/2025,Train,Kandy - Nuwara Eliya,8:00,205,210,43050,Thursday,Mobile Payment
P104195,3/22/2025,Train,Galle - Matara,21:00,95,160,15200,Saturday,Card
P100762,7/12/2025,Bus,Colombo - Kalutara,7:00,56,170,9520,Saturday,Cash
P105722,5/20/2025,Bus,Kandy - Colombo,17:00,35,410,14350,Tuesday,Card
P102955,11/7/2025,Other,Galle - Matara,15:00,27,250,6750,Friday,Cash
P104175,6/26/2025,Train,Colombo - Kandy,7:00,125,320,40000,Thursday,Card
P104848,1/17/2025,Bus,Colombo - Kalutara,18:00,34,160,5440,Friday,Card
P104440,9/4/2025,Bus,Kandy - Colombo,8:00,53,490,25970,Thursday,Card
P101403,10/2/2025,Bus,Kandy - Colombo,13:00,38,440,16720,Thursday,Cash
P102938,1/4/2025,Train,Colombo - Ratnapura,8:30,202,240,48480,Saturday,Mobile Payment
P105844,6/17/2025,Bus,Colombo - Ratnapura,14:00,23,330,7590,Tuesday,Cash
P101933,10/21/2025,Train,Colombo - Negombo,15:00,137,200,27400,Tuesday,Card
P103211,8/29/2025,Bus,Colombo - Galle,18:00,24,380,9120,Friday,Mobile Payment
P102898,1/7/2025,Bus,Kurunegala - Dambulla,19:00,33,260,8580,Tuesday,Card
P105568,4/22/2025,Train,Galle - Matara,8:00,110,160,17600,Tuesday,Card
P105144,1/29/2025,Train,Colombo - Galle,13:00,80,280,22400,Wednesday,Cash
P102828,8/4/2025,Bus,Kandy - Nuwara Eliya,19:00,60,310,18600,Monday,Mobile Payment
P103871,7/31/2025,Bus,Colombo - Negombo,14:00,49,250,12250,Thursday,Cash
P102756,8/14/2025,Bus,Colombo - Galle,17:30,66,430,28380,Thursday,Cash
P100059,10/5/2025,Bus,Kandy - Nuwara Eliya,8:00,69,300,20700,Sunday,Cash
P100077,3/10/2025,Train,Colombo - Kalutara,13:00,121,120,14520,Monday,Cash
P100797,2/15/2025,Other,Kurunegala - Dambulla,14:00,27,290,7830,Saturday,Cash
P102417,3/19/2025,Bus,Galle - Matara,8:30,33,210,6930,Wednesday,Cash
P102986,5/18/2025,Other,Colombo - Negombo,9:00,23,270,6210,Sunday,Card
P104388,12/29/2025,Bus,Colombo - Negombo,8:00,92,260,23920,Monday,Mobile Payment
P100786,1/26/2025,Other,Galle - Matara,13:00,12,250,3000,Sunday,Cash
P105018,3/12/2025,Bus,Kandy - Nuwara Eliya,14:00,53,290,15370,Wednesday,Card
P105068,12/5/2025,Bus,Colombo - Kalutara,14:00,57,190,10830,Friday,Cash
P102218,9/18/2025,Bus,Kandy - Nuwara Eliya,9:00,44,300,13200,Thursday,Mobile Payment
P105322,5/17/2025,Bus,Colombo - Ratnapura,8:30,33,280,9240,Saturday,Card
P105029,5/9/2025,Train,Colombo - Ratnapura,15:00,47,240,11280,Friday,Card
P103505,12/5/2025,Train,Galle - Matara,16:00,125,150,18750,Friday,Cash
P103371,7/25/2025,Bus,Kandy - Colombo,18:00,46,410,18860,Friday,Card
P103983,10/21/2025,Bus,Colombo - Kurunegala,16:00,37,330,12210,Tuesday,Card
P104629,9/11/2025,Train,Colombo - Kurunegala,7:30,182,280,50960,Thursday,Cash
P100911,2/8/2025,Train,Kandy - Nuwara Eliya,18:30,141,240,33840,Saturday,Cash
P102173,11/29/2025,Bus,Kandy - Colombo,15:00,39,420,16380,Saturday,Mobile Payment
P103519,3/15/2025,Bus,Kurunegala - Dambulla,12:00,43,260,11180,Saturday,Cash
P102310,8/20/2025,Bus,Kandy - Nuwara Eliya,17:30,48,280,13440,Wednesday,Card
P105895,1/4/2025,Bus,Colombo - Negombo,14:00,25,260,6500,Saturday,Mobile Payment
P101258,10/9/2025,Bus,Colombo - Kurunegala,13:00,55,350,19250,Thursday,Card
P102496,8/29/2025,Bus,Colombo - Negombo,18:00,45,250,11250,Friday,Card
P104521,6/9/2025,Train,Kandy - Nuwara Eliya,7:30,159,210,33390,Monday,Card
P104886,4/23/2025,Train,Kandy - Nuwara Eliya,11:00,121,210,25410,Wednesday,Mobile Payment
P101179,2/14/2025,Train,Kandy - Colombo,16:00,128,310,39680,Friday,Mobile Payment
P104514,10/6/2025,Train,Colombo - Kalutara,10:00,110,130,14300,Monday,Mobile Payment
P104899,11/6/2025,Bus,Colombo - Negombo,20:00,49,240,11760,Thursday,Cash
P100443,7/10/2025,Bus,Colombo - Kalutara,17:00,70,160,11200,Thursday,Mobile Payment
P104067,8/24/2025,Bus,Colombo - Kandy,18:30,61,480,29280,Sunday,Card
P103039,5/3/2025,Bus,Kurunegala - Dambulla,11:00,29,230,6670,Saturday,Card
P103297,5/26/2025,Train,Kandy - Colombo,8:30,168,350,58800,Monday,Cash
P105720,12/14/2025,Bus,Colombo - Negombo,6:30,42,230,9660,Sunday,Cash
P101055,4/30/2025,Other,Kandy - Colombo,6:30,37,500,18500,Wednesday,Mobile Payment
P102670,3/13/2025,Bus,Kandy - Colombo,20:00,14,440,6160,Thursday,Cash
P104597,7/8/2025,Train,Galle - Matara,8:00,111,150,16650,Tuesday,Mobile Payment
P103045,4/18/2025,Train,Colombo - Kurunegala,20:00,104,260,27040,Friday,Cash
P101416,6/23/2025,Other,Colombo - Kurunegala,21:00,37,410,15170,Monday,Cash
P102373,7/26/2025,Train,Colombo - Kurunegala,17:30,149,280,41720,Saturday,Cash
P104238,1/31/2025,Train,Kandy - Nuwara Eliya,16:00,84,230,19320,Friday,Mobile Payment
P102973,10/27/2025,Train,Colombo - Kalutara,7:30,115,140,16100,Monday,Card
P105429,6/12/2025,Train,Galle - Matara,14:00,74,160,11840,Thursday,Cash
P103686,9/2/2025,Train,Colombo - Ratnapura,16:00,110,220,24200,Tuesday,Card
P105167,8/8/2025,Bus,Colombo - Galle,10:00,28,360,10080,Friday,Cash
P101503,5/21/2025,Bus,Colombo - Negombo,8:30,51,250,12750,Wednesday,Cash
P104703,1/8/2025,Train,Colombo - Kandy,20:00,107,360,38520,Wednesday,Card
P103845,7/23/2025,Bus,Colombo - Kandy,14:00,41,410,16810,Wednesday,Cash
P102012,7/3/2025,Bus,Colombo - Ratnapura,9:00,30,270,8100,Thursday,Card
P105257,3/26/2025,Bus,Kandy - Nuwara Eliya,16:00,30,310,9300,Wednesday,Cash
P105256,2/9/2025,Bus,Kandy - Nuwara Eliya,18:00,44,300,13200,Sunday,Cash
P102860,8/2/2025,Bus,Kurunegala - Dambulla,17:30,34,250,8500,Saturday,Cash
P104837,10/26/2025,Bus,Kandy - Nuwara Eliya,13:00,64,300,19200,Sunday,Card
P104532,8/22/2025,Bus,Colombo - Ratnapura,19:00,59,310,18290,Friday,Mobile Payment
P103465,3/17/2025,Bus,Galle - Matara,15:00,42,180,7560,Monday,Cash
P100007,12/24/2025,Bus,Colombo - Ratnapura,12:00,46,290,13340,Wednesday,Cash
P102488,11/4/2025,Train,Kandy - Colombo,7:00,237,320,75840,Tuesday,Card
P100679,3/6/2025,Other,Colombo - Kurunegala,10:00,34,440,14960,Thursday,Mobile Payment
P101944,2/24/2025,Train,Colombo - Ratnapura,8:30,136,210,28560,Monday,Card
P103717,6/13/2025,Bus,Colombo - Kalutara,13:00,51,180,9180,Friday,Cash
P105521,5/22/2025,Train,Kandy - Colombo,11:00,127,310,39370,Thursday,Cash
P105644,12/31/2025,Bus,Colombo - Ratnapura,7:00,48,310,14880,Wednesday,Cash
P104603,10/6/2025,Other,Kandy - Nuwara Eliya,17:00,18,390,7020,Monday,Mobile Payment
P102608,5/26/2025,Bus,Colombo - Negombo,17:00,68,240,16320,Monday,Mobile Payment
P104661,3/29/2025,Bus,Kurunegala - Dambulla,7:30,43,240,10320,Saturday,Mobile Payment
P105517,9/14/2025,Train,Colombo - Kalutara,18:00,264,140,36960,Sunday,Cash
P101065,6/27/2025,Bus,Colombo - Ratnapura,21:00,31,310,9610,Friday,Cash
P103733,11/21/2025,Bus,Colombo - Kurunegala,8:30,52,360,18720,Friday,Mobile Payment
P102243,11/1/2025,Train,Galle - Matara,13:00,145,150,21750,Saturday,Card
P101475,12/1/2025,Bus,Colombo - Kurunegala,9:00,38,380,14440,Monday,Cash
P104450,6/8/2025,Train,Colombo - Kalutara,17:30,82,130,10660,Sunday,Cash
P101890,5/20/2025,Other,Colombo - Ratnapura,21:00,29,350,10150,Tuesday,Mobile Payment
P103455,10/25/2025,Other,Kurunegala - Dambulla,18:00,27,300,8100,Saturday,Card
P102022,12/11/2025,Train,Colombo - Ratnapura,10:00,101,210,21210,Thursday,Cash
P105236,11/2/2025,Bus,Galle - Matara,8:30,20,190,3800,Sunday,Mobile Payment
P104271,8/29/2025,Train,Colombo - Galle,6:30,153,320,48960,Friday,Mobile Payment
P102659,4/25/2025,Bus,Colombo - Galle,21:00,49,400,19600,Friday,Card
P102468,5/21/2025,Bus,Colombo - Kurunegala,7:00,73,320,23360,Wednesday,Cash
P102752,11/4/2025,Train,Kandy - Colombo,7:00,16,350,5600,Tuesday,Mobile Payment
P101131,7/2/2025,Train,Colombo - Kandy,17:00,123,310,38130,Wednesday,Mobile Payment
P101462,12/16/2025,Train,Colombo - Kandy,8:00,131,310,40610,Tuesday,Cash
P104690,3/18/2025,Other,Colombo - Ratnapura,7:00,22,380,8360,Tuesday,Cash
P105431,1/31/2025,Train,Colombo - Kandy,20:00,151,370,55870,Friday,Mobile Payment
P103309,3/10/2025,Bus,Galle - Matara,19:00,34,200,6800,Monday,Cash
P103261,5/9/2025,Bus,Kandy - Colombo,20:00,21,430,9030,Friday,Cash
P100223,11/16/2025,Bus,Colombo - Negombo,10:00,53,250,13250,Sunday,Card
P105563,9/24/2025,Bus,Colombo - Kurunegala,16:00,37,370,13690,Wednesday,Card
P100049,8/20/2025,Bus,Colombo - Galle,6:30,47,380,17860,Wednesday,Card
P100574,4/12/2025,Train,Colombo - Negombo,9:00,111,190,21090,Saturday,Card
P101237,2/9/2025,Train,Colombo - Negombo,8:30,179,200,35800,Sunday,Cash
P104562,9/21/2025,Bus,Kandy - Colombo,18:30,80,460,36800,Sunday,Card
P105816,10/9/2025,Bus,Colombo - Kurunegala,15:00,56,340,19040,Thursday,Mobile Payment
P105390,5/12/2025,Train,Kandy - Colombo,8:30,107,340,36380,Monday,Card
P102283,4/7/2025,Bus,Colombo - Galle,11:00,31,420,13020,Monday,Card
P104079,12/22/2025,Train,Kandy - Nuwara Eliya,9:00,109,220,23980,Monday,Mobile Payment
P100268,4/17/2025,Train,Kandy - Nuwara Eliya,17:00,130,240,31200,Thursday,Mobile Payment
P101105,12/17/2025,Other,Colombo - Galle,8:30,21,480,10080,Wednesday,Mobile Payment
P102306,9/2/2025,Bus,Colombo - Ratnapura,11:00,48,270,12960,Tuesday,Card
P105118,4/18/2025,Bus,Colombo - Galle,8:30,42,430,18060,Friday,Mobile Payment
P101936,2/25/2025,Train,Colombo - Kurunegala,20:00,87,260,22620,Tuesday,Cash
P100387,7/23/2025,Bus,Colombo - Kandy,6:30,36,440,15840,Wednesday,Card
P101702,6/17/2025,Bus,Kurunegala - Dambulla,13:00,49,250,12250,Tuesday,Cash
P101629,6/12/2025,Bus,Kandy - Colombo,8:30,82,450,36900,Thursday,Card
P103201,10/19/2025,Train,Kandy - Colombo,17:30,169,340,57460,Sunday,Mobile Payment
P102715,6/27/2025,Bus,Colombo - Kandy,10:00,26,420,10920,Friday,Mobile Payment
P102987,1/10/2025,Bus,Galle - Matara,8:30,29,220,6380,Friday,Mobile Payment
P105246,12/21/2025,Train,Kurunegala - Dambulla,7:30,200,200,40000,Sunday,Cash
P101564,10/2/2025,Bus,Galle - Matara,13:00,39,210,8190,Thursday,Card
P103579,5/17/2025,Train,Kurunegala - Dambulla,18:30,167,180,30060,Saturday,Mobile Payment
P100210,1/28/2025,Bus,Kandy - Nuwara Eliya,9:00,48,280,13440,Tuesday,Cash
P100910,3/28/2025,Bus,Colombo - Kurunegala,21:00,26,340,8840,Friday,Mobile Payment
P101290,11/27/2025,Bus,Colombo - Galle,7:00,15,430,6450,Thursday,Cash
P104529,8/2/2025,Train,Colombo - Galle,18:30,131,320,41920,Saturday,Cash
P104953,10/26/2025,Bus,Colombo - Ratnapura,20:00,30,300,9000,Sunday,Cash
P101843,6/24/2025,Bus,Colombo - Kandy,15:00,54,470,25380,Tuesday,Mobile Payment
P102498,3/13/2025,Train,Kurunegala - Dambulla,21:00,105,170,17850,Thursday,Cash
P104905,9/19/2025,Other,Colombo - Negombo,7:00,30,300,9000,Friday,Mobile Payment
P104324,9/11/2025,Bus,Kandy - Nuwara Eliya,16:00,30,290,8700,Thursday,Card
P100959,11/27/2025,Bus,Colombo - Ratnapura,11:00,35,330,11550,Thursday,Card
P101794,3/29/2025,Train,Colombo - Kalutara,17:30,94,140,13160,Saturday,Card
P102089,9/17/2025,Train,Colombo - Negombo,7:00,118,200,23600,Wednesday,Card
P102703,12/12/2025,Bus,Colombo - Kurunegala,18:00,60,330,19800,Friday,Cash
P100332,9/21/2025,Train,Colombo - Galle,7:00,197,290,57130,Sunday,Cash
P103335,8/7/2025,Train,Galle - Matara,8:30,61,140,8540,Thursday,Cash
P103882,8/11/2025,Train,Kandy - Colombo,6:30,136,330,44880,Monday,Cash
P102992,3/1/2025,Train,Galle - Matara,9:00,121,160,19360,Saturday,Cash
P102460,9/19/2025,Bus,Colombo - Ratnapura,10:00,45,290,13050,Friday,Cash
P101775,10/5/2025,Train,Colombo - Kandy,6:30,109,330,35970,Sunday,Cash
P104212,8/4/2025,Train,Colombo - Kalutara,7:30,81,140,11340,Monday,Cash
P104742,3/30/2025,Bus,Colombo - Negombo,8:00,58,230,13340,Sunday,Card
P104152,9/12/2025,Bus,Galle - Matara,6:30,66,210,13860,Friday,Mobile Payment
P104164,1/9/2025,Bus,Kurunegala - Dambulla,14:00,41,260,10660,Thursday,Cash
P104868,12/29/2025,Bus,Colombo - Ratnapura,6:30,31,290,8990,Monday,Card
P105291,7/15/2025,Bus,Colombo - Kandy,11:00,68,450,30600,Tuesday,Card
P103766,12/25/2025,Bus,Colombo - Galle,8:00,74,360,26640,Thursday,Mobile Payment
P102810,4/27/2025,Train,Kandy - Colombo,10:00,84,320,26880,Sunday,Mobile Payment
P101711,3/3/2025,Bus,Galle - Matara,19:00,71,220,15620,Monday,Cash
P104580,5/9/2025,Train,Colombo - Kurunegala,18:00,86,280,24080,Friday,Cash
P102479,1/11/2025,Bus,Colombo - Kurunegala,16:00,39,340,13260,Saturday,Cash
P101367,12/3/2025,Train,Kandy - Colombo,13:00,59,340,20060,Wednesday,Card
P100174,1/9/2025,Bus,Colombo - Kalutara,18:00,64,170,10880,Thursday,Card
P104040,5/16/2025,Train,Kandy - Colombo,6:30,116,350,40600,Friday,Card
P104420,4/22/2025,Bus,Colombo - Kurunegala,11:00,38,330,12540,Tuesday,Card
P104444,8/15/2025,Bus,Colombo - Ratnapura,16:00,36,290,10440,Friday,Mobile Payment
P105998,10/2/2025,Train,Colombo - Galle,18:30,165,300,49500,Thursday,Card
P104093,7/6/2025,Bus,Kandy - Colombo,8:00,64,460,29440,Sunday,Mobile Payment
P101953,10/2/2025,Train,Colombo - Kandy,17:30,154,350,53900,Thursday,Mobile Payment
P103204,5/26/2025,Train,Colombo - Kurunegala,7:00,127,250,31750,Monday,Mobile Payment
P103354,1/13/2025,Bus,Colombo - Kandy,15:00,45,490,22050,Monday,Card
P102037,12/2/2025,Bus,Kurunegala - Dambulla,7:30,53,240,12720,Tuesday,Card
P103879,1/28/2025,Train,Colombo - Galle,17:00,129,290,37410,Tuesday,Mobile Payment
P104401,6/5/2025,Bus,Kandy - Colombo,7:30,48,420,20160,Thursday,Card
P100019,10/20/2025,Bus,Kandy - Nuwara Eliya,13:00,62,280,17360,Monday,Card
P100001,11/3/2025,Bus,Colombo - Kandy,8:00,53,430,22790,Monday,Mobile Payment
P102175,1/24/2025,Bus,Colombo - Kurunegala,21:00,56,350,19600,Friday,Card
P101357,8/25/2025,Other,Kandy - Colombo,20:00,33,550,18150,Monday,Mobile Payment
P105577,9/7/2025,Train,Kandy - Nuwara Eliya,8:00,149,240,35760,Sunday,Card
P104773,6/28/2025,Bus,Colombo - Galle,17:30,51,410,20910,Saturday,Cash
P103160,11/17/2025,Bus,Kurunegala - Dambulla,9:00,46,260,11960,Monday,Cash
P100397,7/9/2025,Train,Kandy - Colombo,19:00,146,360,52560,Wednesday,Cash
P104508,10/2/2025,Bus,Colombo - Galle,10:00,34,420,14280,Thursday,Cash
P103342,7/3/2025,Train,Kurunegala - Dambulla,21:00,131,190,24890,Thursday,Cash
P101813,2/14/2025,Bus,Galle - Matara,15:00,50,190,9500,Friday,Card
P103897,8/16/2025,Bus,Colombo - Kalutara,7:00,59,180,10620,Saturday,Card
P104350,7/4/2025,Train,Kandy - Nuwara Eliya,14:00,61,230,14030,Friday,Mobile Payment
P100817,6/8/2025,Train,Colombo - Galle,18:30,75,290,21750,Sunday,Cash
P101573,8/17/2025,Train,Colombo - Negombo,18:30,147,200,29400,Sunday,Mobile Payment
P104731,3/2/2025,Bus,Colombo - Kalutara,8:30,93,190,17670,Sunday,Cash
P101801,7/1/2025,Other,Kandy - Colombo,13:00,21,560,11760,Tuesday,Cash
P102281,2/3/2025,Bus,Colombo - Ratnapura,7:30,32,310,9920,Monday,Mobile Payment
P105059,9/5/2025,Train,Kurunegala - Dambulla,8:30,119,190,22610,Friday,Mobile Payment
P105822,3/17/2025,Bus,Colombo - Ratnapura,17:00,60,310,18600,Monday,Card
P103911,11/2/2025,Bus,Colombo - Ratnapura,8:30,72,280,20160,Sunday,Card
P104536,3/19/2025,Train,Colombo - Ratnapura,15:00,108,240,25920,Wednesday,Cash
P105145,10/6/2025,Bus,Colombo - Kalutara,10:00,49,170,8330,Monday,Cash
P105172,8/4/2025,Train,Colombo - Kurunegala,16:00,141,270,38070,Monday,Card
P104396,5/8/2025,Train,Colombo - Kandy,8:00,179,370,66230,Thursday,Mobile Payment
P104156,4/14/2025,Bus,Colombo - Kurunegala,9:00,48,350,16800,Monday,Cash
P103836,3/12/2025,Bus,Kurunegala - Dambulla,20:00,45,250,11250,Wednesday,Card
P104732,10/21/2025,Bus,Colombo - Ratnapura,13:00,43,320,13760,Tuesday,Cash
P105338,5/16/2025,Train,Colombo - Negombo,7:00,187,200,37400,Friday,Cash
P100555,4/23/2025,Train,Colombo - Galle,21:00,180,320,57600,Wednesday,Card
P101160,7/10/2025,Bus,Kandy - Nuwara Eliya,8:00,61,270,16470,Thursday,Cash
P101214,9/8/2025,Train,Colombo - Ratnapura,11:00,64,250,16000,Monday,Mobile Payment
P104033,11/14/2025,Bus,Kurunegala - Dambulla,19:00,65,240,15600,Friday,Card
P101326,11/1/2025,Bus,Colombo - Galle,20:00,47,380,17860,Saturday,Mobile Payment
P103287,12/21/2025,Bus,Kandy - Nuwara Eliya,10:00,33,280,9240,Sunday,Cash
P103350,7/5/2025,Bus,Colombo - Kalutara,20:00,33,170,5610,Saturday,Mobile Payment
P100701,4/16/2025,Bus,Colombo - Galle,6:30,67,410,27470,Wednesday,Card
P102701,2/20/2025,Bus,Galle - Matara,11:00,34,210,7140,Thursday,Mobile Payment
P104294,11/30/2025,Other,Colombo - Kalutara,21:00,28,220,6160,Sunday,Cash
P101848,5/1/2025,Bus,Colombo - Kalutara,10:00,16,200,3200,Thursday,Cash
P104407,9/30/2025,Other,Colombo - Kalutara,16:00,28,230,6440,Tuesday,Cash
P105635,5/25/2025,Bus,Galle - Matara,17:30,55,200,11000,Sunday,Mobile Payment
P101456,8/3/2025,Other,Kurunegala - Dambulla,20:00,13,320,4160,Sunday,Cash
P105020,5/6/2025,Train,Kurunegala - Dambulla,11:00,135,200,27000,Tuesday,Card
P105615,5/16/2025,Bus,Colombo - Kandy,18:30,81,440,35640,Friday,Mobile Payment
P104128,6/5/2025,Other,Colombo - Kurunegala,21:00,6,450,2700,Thursday,Card
P100867,11/4/2025,Bus,Kandy - Colombo,18:00,71,420,29820,Tuesday,Card
P104585,10/6/2025,Train,Kandy - Nuwara Eliya,12:00,125,240,30000,Monday,Mobile Payment
P101645,7/6/2025,Bus,Galle - Matara,10:00,42,190,7980,Sunday,Mobile Payment
P102141,9/21/2025,Train,Galle - Matara,6:30,216,160,34560,Sunday,Cash
P104464,1/14/2025,Bus,Colombo - Kalutara,13:00,43,190,8170,Tuesday,Card
P103989,7/12/2025,Bus,Colombo - Negombo,7:00,32,240,7680,Saturday,Card
P101491,3/23/2025,Bus,Kurunegala - Dambulla,21:00,39,260,10140,Sunday,Card
P105507,8/27/2025,Bus,Colombo - Galle,18:00,53,420,22260,Wednesday,Card
P100730,6/15/2025,Bus,Colombo - Kandy,20:00,55,490,26950,Sunday,Card
P104583,10/24/2025,Train,Colombo - Kandy,7:30,208,350,72800,Friday,Cash
P103500,7/4/2025,Train,Galle - Matara,12:00,111,140,15540,Friday,Cash
P102621,7/8/2025,Train,Colombo - Negombo,21:00,101,190,19190,Tuesday,Cash
P101937,11/15/2025,Bus,Colombo - Galle,17:30,28,420,11760,Saturday,Card
P105552,7/12/2025,Bus,Colombo - Kurunegala,8:00,50,320,16000,Saturday,Cash
P101111,3/4/2025,Train,Kurunegala - Dambulla,15:00,139,200,27800,Tuesday,Mobile Payment
P104871,1/3/2025,Bus,Colombo - Kandy,8:00,34,440,14960,Friday,Card
P105361,8/10/2025,Train,Colombo - Galle,18:00,192,310,59520,Sunday,Card
P102395,2/25/2025,Train,Colombo - Kurunegala,11:00,127,260,33020,Tuesday,Mobile Payment
P101186,8/23/2025,Other,Colombo - Kandy,6:30,31,530,16430,Saturday,Mobile Payment
P102008,3/20/2025,Train,Galle - Matara,7:30,106,150,15900,Thursday,Card
P100194,7/16/2025,Train,Colombo - Ratnapura,6:30,83,220,18260,Wednesday,Card
P101516,5/28/2025,Bus,Colombo - Ratnapura,7:00,84,320,26880,Wednesday,Card
P100579,4/1/2025,Bus,Kandy - Colombo,11:00,48,440,21120,Tuesday,Mobile Payment
P102124,11/5/2025,Bus,Kandy - Nuwara Eliya,18:30,76,290,22040,Wednesday,Cash
P101430,6/21/2025,Train,Kandy - Nuwara Eliya,13:00,131,230,30130,Saturday,Cash
P100772,4/21/2025,Train,Kurunegala - Dambulla,19:00,97,180,17460,Monday,Cash
P105206,10/30/2025,Bus,Kandy - Nuwara Eliya,15:00,39,320,12480,Thursday,Mobile Payment
P102396,2/24/2025,Bus,Colombo - Kandy,17:30,69,430,29670,Monday,Cash
P105942,8/9/2025,Bus,Kandy - Nuwara Eliya,18:00,33,280,9240,Saturday,Mobile Payment
P101847,5/30/2025,Bus,Colombo - Kurunegala,17:00,41,320,13120,Friday,Cash
P100132,8/24/2025,Bus,Colombo - Kalutara,15:00,31,190,5890,Sunday,Mobile Payment
P100179,7/14/2025,Other,Kurunegala - Dambulla,9:00,8,290,2320,Monday,Cash
P105356,8/22/2025,Bus,Colombo - Kandy,9:00,39,410,15990,Friday,Mobile Payment
P103810,10/7/2025,Bus,Galle - Matara,11:00,37,200,7400,Tuesday,Cash
P103568,5/4/2025,Train,Colombo - Kandy,16:00,97,320,31040,Sunday,Card
P102581,10/26/2025,Bus,Colombo - Galle,8:00,80,360,28800,Sunday,Card
P103626,12/18/2025,Bus,Galle - Matara,18:30,78,210,16380,Thursday,Cash
P104280,9/26/2025,Bus,Colombo - Negombo,13:00,59,260,15340,Friday,Cash
P102653,5/3/2025,Bus,Kandy - Colombo,18:00,65,420,27300,Saturday,Card
P104220,8/30/2025,Bus,Kandy - Colombo,20:00,60,440,26400,Saturday,Mobile Payment
P102074,4/5/2025,Train,Kurunegala - Dambulla,11:00,139,170,23630,Saturday,Card
P100659,2/27/2025,Train,Kandy - Colombo,17:00,173,310,53630,Thursday,Cash
P101897,9/7/2025,Train,Kurunegala - Dambulla,10:00,98,190,18620,Sunday,Card
P104412,6/3/2025,Bus,Kandy - Colombo,16:00,44,490,21560,Tuesday,Cash
P104064,3/1/2025,Bus,Colombo - Negombo,15:00,41,260,10660,Saturday,Mobile Payment
P102222,7/17/2025,Bus,Colombo - Galle,18:30,18,420,7560,Thursday,Cash
P105679,11/29/2025,Train,Colombo - Ratnapura,6:30,79,240,18960,Saturday,Cash
P102380,11/19/2025,Train,Colombo - Kurunegala,18:30,5,260,1300,Wednesday,Card
P101448,3/26/2025,Train,Galle - Matara,20:00,40,150,6000,Wednesday,Cash
P100343,2/3/2025,Bus,Kurunegala - Dambulla,6:30,51,240,12240,Monday,Mobile Payment
P103605,3/18/2025,Bus,Kandy - Colombo,17:00,57,440,25080,Tuesday,Cash
P102528,6/8/2025,Other,Colombo - Galle,6:30,19,530,10070,Sunday,Card
P100728,7/25/2025,Train,Colombo - Ratnapura,15:00,116,220,25520,Friday,Mobile Payment
P104723,6/15/2025,Bus,Colombo - Ratnapura,7:00,35,310,10850,Sunday,Card
P100977,5/18/2025,Train,Colombo - Negombo,17:00,137,190,26030,Sunday,Mobile Payment
P103615,8/18/2025,Bus,Galle - Matara,17:00,41,200,8200,Monday,Card
P104162,6/7/2025,Bus,Kurunegala - Dambulla,17:30,60,240,14400,Saturday,Cash
P101929,7/27/2025,Train,Colombo - Kandy,13:00,107,340,36380,Sunday,Mobile Payment
P103695,1/19/2025,Bus,Colombo - Kandy,21:00,60,470,28200,Sunday,Cash
P105761,10/30/2025,Train,Colombo - Galle,21:00,77,270,20790,Thursday,Mobile Payment
P101300,7/8/2025,Train,Colombo - Negombo,8:30,129,200,25800,Tuesday,Card
P104174,2/27/2025,Bus,Colombo - Kalutara,12:00,34,190,6460,Thursday,Card
P105509,6/24/2025,Bus,Kandy - Nuwara Eliya,10:00,53,280,14840,Tuesday,Card
P100661,2/19/2025,Bus,Colombo - Ratnapura,18:30,71,320,22720,Wednesday,Cash
P101791,5/31/2025,Bus,Colombo - Kalutara,15:00,29,180,5220,Saturday,Card
P103391,10/21/2025,Bus,Kurunegala - Dambulla,14:00,35,250,8750,Tuesday,Cash
P105934,6/10/2025,Other,Kandy - Nuwara Eliya,9:00,16,360,5760,Tuesday,Card
P100494,2/20/2025,Bus,Colombo - Kandy,13:00,25,480,12000,Thursday,Cash
P103113,3/18/2025,Train,Colombo - Kandy,21:00,72,340,24480,Tuesday,Mobile Payment
P104903,7/23/2025,Bus,Kandy - Nuwara Eliya,12:00,33,320,10560,Wednesday,Card
P104990,9/26/2025,Train,Colombo - Kalutara,20:00,166,140,23240,Friday,Cash
P103827,6/25/2025,Bus,Kurunegala - Dambulla,10:00,33,240,7920,Wednesday,Cash
P105523,7/18/2025,Train,Galle - Matara,10:00,46,160,7360,Friday,Mobile Payment
P101086,2/16/2025,Bus,Colombo - Kalutara,12:00,35,170,5950,Sunday,Card
P105663,4/7/2025,Train,Colombo - Kalutara,16:00,106,130,13780,Monday,Card
P100695,3/28/2025,Bus,Kandy - Nuwara Eliya,16:00,43,300,12900,Friday,Cash
P101279,11/8/2025,Bus,Colombo - Kalutara,20:00,56,190,10640,Saturday,Mobile Payment
P104230,3/28/2025,Bus,Colombo - Galle,14:00,52,390,20280,Friday,Cash
P101622,1/14/2025,Bus,Colombo - Kurunegala,14:00,35,330,11550,Tuesday,Card
P102562,9/22/2025,Train,Colombo - Ratnapura,8:30,123,220,27060,Monday,Card
P105185,7/30/2025,Train,Colombo - Kurunegala,8:00,246,250,61500,Wednesday,Card
P104009,10/14/2025,Train,Kandy - Nuwara Eliya,6:30,139,230,31970,Tuesday,Card
P100068,2/25/2025,Train,Kandy - Colombo,6:30,146,350,51100,Tuesday,Card
P104083,10/31/2025,Train,Kandy - Colombo,15:00,169,320,54080,Friday,Cash
P104838,12/21/2025,Bus,Kandy - Colombo,18:30,53,420,22260,Sunday,Cash
P102270,6/29/2025,Bus,Colombo - Kandy,18:30,76,480,36480,Sunday,Card
P105780,10/5/2025,Bus,Colombo - Galle,9:00,34,380,12920,Sunday,Cash
P104726,12/5/2025,Bus,Colombo - Galle,21:00,57,360,20520,Friday,Cash
P100821,4/5/2025,Train,Colombo - Galle,19:00,110,280,30800,Saturday,Cash
P101227,9/14/2025,Bus,Colombo - Kalutara,7:00,30,170,5100,Sunday,Mobile Payment
P101678,9/16/2025,Bus,Colombo - Kurunegala,18:00,57,360,20520,Tuesday,Cash
P105012,4/26/2025,Train,Colombo - Negombo,17:30,236,180,42480,Saturday,Cash
P102868,12/31/2025,Train,Colombo - Galle,11:00,153,290,44370,Wednesday,Cash
P104377,11/11/2025,Bus,Kandy - Colombo,8:00,52,490,25480,Tuesday,Cash
P102368,10/24/2025,Train,Colombo - Kurunegala,20:00,80,260,20800,Friday,Card
P104026,8/21/2025,Train,Colombo - Ratnapura,8:00,120,230,27600,Thursday,Cash
P103922,2/25/2025,Bus,Kandy - Nuwara Eliya,20:00,46,270,12420,Tuesday,Cash
P102513,9/12/2025,Bus,Kandy - Colombo,7:30,43,450,19350,Friday,Cash
P102724,10/2/2025,Bus,Colombo - Kurunegala,8:30,75,320,24000,Thursday,Mobile Payment
P105344,10/17/2025,Bus,Colombo - Kurunegala,17:30,82,320,26240,Friday,Cash
P105452,9/26/2025,Bus,Kandy - Nuwara Eliya,18:00,93,330,30690,Friday,Cash
P104435,9/15/2025,Bus,Galle - Matara,16:00,23,190,4370,Monday,Mobile Payment
P101144,3/27/2025,Train,Galle - Matara,13:00,118,140,16520,Thursday,Cash
P100398,6/28/2025,Bus,Galle - Matara,18:30,58,190,11020,Saturday,Card
P100787,5/16/2025,Train,Kandy - Colombo,20:00,153,320,48960,Friday,Cash
P105140,12/2/2025,Other,Colombo - Ratnapura,6:30,35,320,11200,Tuesday,Mobile Payment
P103908,11/2/2025,Bus,Colombo - Kandy,6:30,73,480,35040,Sunday,Cash
P101399,8/29/2025,Train,Colombo - Galle,20:00,93,290,26970,Friday,Card
P101660,5/12/2025,Bus,Galle - Matara,6:30,41,200,8200,Monday,Cash
P105736,12/20/2025,Train,Kandy - Nuwara Eliya,7:30,92,220,20240,Saturday,Mobile Payment
P102221,7/9/2025,Train,Kandy - Colombo,8:30,181,320,57920,Wednesday,Card
P100980,1/30/2025,Train,Galle - Matara,17:00,152,160,24320,Thursday,Card
P102332,6/27/2025,Bus,Kurunegala - Dambulla,16:00,52,250,13000,Friday,Mobile Payment
P101299,10/9/2025,Train,Colombo - Kurunegala,18:00,146,280,40880,Thursday,Cash
P105420,4/16/2025,Bus,Colombo - Kalutara,10:00,35,180,6300,Wednesday,Cash
P100083,1/18/2025,Bus,Colombo - Kandy,8:00,69,480,33120,Saturday,Card
P103101,1/14/2025,Bus,Colombo - Kandy,21:00,40,480,19200,Tuesday,Cash
P103482,12/13/2025,Train,Kurunegala - Dambulla,14:00,63,170,10710,Saturday,Cash
P104794,11/17/2025,Bus,Colombo - Kalutara,21:00,35,190,6650,Monday,Cash
P104530,5/26/2025,Bus,Galle - Matara,21:00,19,200,3800,Monday,Card
P105634,6/24/2025,Bus,Kandy - Nuwara Eliya,17:30,46,320,14720,Tuesday,Card
P105515,9/7/2025,Bus,Kurunegala - Dambulla,11:00,37,230,8510,Sunday,Card
P102904,12/24/2025,Bus,Kandy - Nuwara Eliya,8:30,34,270,9180,Wednesday,Card
P100424,11/3/2025,Bus,Colombo - Kandy,10:00,47,470,22090,Monday,Cash
P105190,7/15/2025,Bus,Galle - Matara,18:30,32,210,6720,Tuesday,Cash
P101905,4/23/2025,Train,Colombo - Galle,9:00,106,280,29680,Wednesday,Mobile Payment
P105440,6/26/2025,Train,Colombo - Galle,8:00,105,300,31500,Thursday,Card
P101531,9/17/2025,Bus,Colombo - Kalutara,14:00,39,180,7020,Wednesday,Cash
P104252,12/29/2025,Bus,Colombo - Kalutara,16:00,24,160,3840,Monday,Card
P101566,11/4/2025,Bus,Galle - Matara,17:30,38,190,7220,Tuesday,Card
P104437,7/9/2025,Bus,Colombo - Kandy,17:30,52,440,22880,Wednesday,Cash
P102750,8/16/2025,Train,Kandy - Colombo,19:00,95,350,33250,Saturday,Cash
P100840,7/5/2025,Train,Kurunegala - Dambulla,16:00,111,190,21090,Saturday,Mobile Payment
P100501,1/10/2025,Train,Kurunegala - Dambulla,14:00,95,180,17100,Friday,Card
P104031,11/23/2025,Train,Colombo - Kurunegala,9:00,79,280,22120,Sunday,Mobile Payment
P100142,6/7/2025,Bus,Colombo - Ratnapura,14:00,51,270,13770,Saturday,Mobile Payment
P104950,9/1/2025,Train,Colombo - Kandy,17:00,117,330,38610,Monday,Card
P102606,11/4/2025,Bus,Galle - Matara,15:00,42,200,8400,Tuesday,Mobile Payment
P103506,10/26/2025,Train,Galle - Matara,20:00,70,140,9800,Sunday,Mobile Payment
P101378,1/5/2025,Bus,Colombo - Kurunegala,8:30,48,330,15840,Sunday,Cash
P104662,7/22/2025,Train,Colombo - Kalutara,21:00,125,130,16250,Tuesday,Card
P105883,3/19/2025,Bus,Colombo - Kandy,14:00,30,430,12900,Wednesday,Cash
P102267,4/17/2025,Train,Colombo - Kandy,19:00,69,360,24840,Thursday,Cash
P105341,1/4/2025,Train,Galle - Matara,17:30,157,150,23550,Saturday,Cash
P101139,9/26/2025,Bus,Colombo - Kurunegala,8:30,19,340,6460,Friday,Card
P102258,4/29/2025,Bus,Colombo - Kalutara,18:30,91,190,17290,Tuesday,Card
P105446,12/10/2025,Bus,Kandy - Nuwara Eliya,17:30,94,320,30080,Wednesday,Cash
P101788,6/16/2025,Train,Colombo - Kandy,6:30,158,310,48980,Monday,Card
P103635,11/4/2025,Bus,Colombo - Negombo,17:00,54,250,13500,Tuesday,Cash
P100551,6/11/2025,Bus,Galle - Matara,18:00,65,210,13650,Wednesday,Mobile Payment
P100460,11/1/2025,Bus,Colombo - Negombo,19:00,63,240,15120,Saturday,Card
P102020,4/25/2025,Train,Kurunegala - Dambulla,14:00,160,190,30400,Friday,Cash
P100949,3/12/2025,Train,Kandy - Nuwara Eliya,17:30,223,230,51290,Wednesday,Card
P103219,7/14/2025,Train,Colombo - Negombo,8:30,96,180,17280,Monday,Card
P105181,4/15/2025,Bus,Kurunegala - Dambulla,21:00,39,230,8970,Tuesday,Mobile Payment
P100533,1/24/2025,Other,Kurunegala - Dambulla,7:00,42,290,12180,Friday,Cash
P103843,3/30/2025,Bus,Colombo - Galle,12:00,13,380,4940,Sunday,Card
P101830,9/14/2025,Bus,Kandy - Colombo,7:30,61,470,28670,Sunday,Card
P105407,3/14/2025,Other,Colombo - Ratnapura,6:30,37,380,14060,Friday,Card
P105293,8/13/2025,Bus,Colombo - Kalutara,8:00,41,160,6560,Wednesday,Cash
P104775,3/14/2025,Bus,Colombo - Ratnapura,10:00,39,320,12480,Friday,Card
P103915,10/13/2025,Other,Kurunegala - Dambulla,16:00,22,310,6820,Monday,Cash
P101603,5/6/2025,Bus,Colombo - Ratnapura,9:00,19,280,5320,Tuesday,Card
P102239,11/24/2025,Bus,Colombo - Negombo,7:00,62,230,14260,Monday,Cash
P100640,9/4/2025,Bus,Colombo - Kalutara,14:00,47,170,7990,Thursday,Card
P105793,1/19/2025,Other,Kandy - Colombo,10:00,24,520,12480,Sunday,Mobile Payment
P100968,10/12/2025,Bus,Kandy - Nuwara Eliya,20:00,50,320,16000,Sunday,Cash
P105067,2/27/2025,Bus,Kurunegala - Dambulla,11:00,46,230,10580,Thursday,Mobile Payment
P103712,10/27/2025,Train,Colombo - Kandy,12:00,122,360,43920,Monday,Cash
P101684,5/5/2025,Train,Kandy - Colombo,17:30,120,320,38400,Monday,Cash
P102249,8/27/2025,Train,Kandy - Nuwara Eliya,18:30,149,230,34270,Wednesday,Card
P104127,9/14/2025,Train,Kurunegala - Dambulla,11:00,120,200,24000,Sunday,Card
P105360,11/16/2025,Bus,Kurunegala - Dambulla,18:00,46,270,12420,Sunday,Cash
P103320,7/18/2025,Train,Colombo - Kalutara,16:00,116,130,15080,Friday,Cash
P100156,4/10/2025,Bus,Kandy - Nuwara Eliya,17:00,50,270,13500,Thursday,Card
P102296,1/10/2025,Bus,Colombo - Kurunegala,15:00,59,370,21830,Friday,Mobile Payment
P103524,5/1/2025,Bus,Colombo - Galle,18:30,53,380,20140,Thursday,Cash
P104020,10/16/2025,Bus,Colombo - Kalutara,18:30,44,160,7040,Thursday,Mobile Payment
P101090,7/18/2025,Bus,Colombo - Ratnapura,12:00,58,320,18560,Friday,Cash
P105820,11/23/2025,Bus,Colombo - Kalutara,17:00,39,180,7020,Sunday,Mobile Payment
P102320,10/24/2025,Bus,Colombo - Ratnapura,8:30,44,280,12320,Friday,Mobile Payment
P102941,8/5/2025,Bus,Colombo - Ratnapura,17:00,70,300,21000,Tuesday,Cash
P105072,2/5/2025,Train,Colombo - Kandy,7:00,127,330,41910,Wednesday,Card
P100289,9/9/2025,Bus,Colombo - Kalutara,9:00,41,190,7790,Tuesday,Card
P100931,1/17/2025,Bus,Colombo - Ratnapura,8:00,54,300,16200,Friday,Card
P102910,3/2/2025,Bus,Galle - Matara,19:00,44,200,8800,Sunday,Mobile Payment
P103586,3/30/2025,Bus,Colombo - Kalutara,16:00,33,190,6270,Sunday,Cash
P104657,5/5/2025,Train,Colombo - Ratnapura,20:00,107,230,24610,Monday,Card
P102885,6/28/2025,Bus,Kandy - Colombo,15:00,47,460,21620,Saturday,Cash
P103378,8/25/2025,Bus,Colombo - Negombo,9:00,47,230,10810,Monday,Card
P103221,11/24/2025,Bus,Kandy - Nuwara Eliya,16:00,44,320,14080,Monday,Cash
P105445,8/3/2025,Bus,Colombo - Ratnapura,6:30,48,290,13920,Sunday,Mobile Payment
P103001,2/22/2025,Train,Kandy - Nuwara Eliya,7:00,187,230,43010,Saturday,Mobile Payment
P104451,8/28/2025,Bus,Colombo - Ratnapura,8:00,51,270,13770,Thursday,Cash
P104698,2/15/2025,Bus,Colombo - Negombo,11:00,48,270,12960,Saturday,Card
P105914,3/9/2025,Bus,Kandy - Colombo,11:00,43,450,19350,Sunday,Card
P100943,12/1/2025,Train,Colombo - Kandy,16:00,87,320,27840,Monday,Mobile Payment
P102355,7/31/2025,Train,Colombo - Kalutara,19:00,162,130,21060,Thursday,Card
P104765,10/21/2025,Bus,Kandy - Nuwara Eliya,8:30,44,270,11880,Tuesday,Mobile Payment
P105789,8/30/2025,Other,Colombo - Negombo,7:00,23,270,6210,Saturday,Cash
P105594,7/4/2025,Other,Colombo - Galle,8:00,43,430,18490,Friday,Mobile Payment
P101699,7/12/2025,Other,Colombo - Ratnapura,15:00,13,390,5070,Saturday,Cash
P105647,2/21/2025,Bus,Colombo - Ratnapura,8:00,39,270,10530,Friday,Card
P105200,2/1/2025,Bus,Kandy - Nuwara Eliya,20:00,38,300,11400,Saturday,Cash
P103546,3/21/2025,Bus,Kandy - Nuwara Eliya,8:00,50,280,14000,Friday,Cash
P103978,10/17/2025,Bus,Colombo - Kurunegala,17:00,53,380,20140,Friday,Cash
P105015,8/14/2025,Bus,Colombo - Kurunegala,13:00,41,330,13530,Thursday,Card
P100986,1/21/2025,Bus,Colombo - Galle,12:00,29,410,11890,Tuesday,Mobile Payment
P105279,7/12/2025,Other,Kandy - Nuwara Eliya,18:00,14,370,5180,Saturday,Mobile Payment
P103108,2/3/2025,Bus,Galle - Matara,17:00,57,190,10830,Monday,Cash
P103166,5/17/2025,Bus,Colombo - Kalutara,18:30,76,200,15200,Saturday,Cash
P105727,3/3/2025,Bus,Colombo - Ratnapura,11:00,18,320,5760,Monday,Mobile Payment
P100982,6/10/2025,Train,Kurunegala - Dambulla,8:30,142,180,25560,Tuesday,Cash
P103529,12/31/2025,Other,Colombo - Galle,16:00,30,480,14400,Wednesday,Card
P103263,2/4/2025,Bus,Kurunegala - Dambulla,12:00,31,270,8370,Tuesday,Cash
P105459,5/25/2025,Other,Colombo - Negombo,14:00,16,300,4800,Sunday,Cash
P103443,6/5/2025,Bus,Galle - Matara,10:00,40,220,8800,Thursday,Card
P104297,6/15/2025,Bus,Colombo - Ratnapura,17:00,56,280,15680,Sunday,Cash
P103498,7/19/2025,Train,Colombo - Kalutara,12:00,153,140,21420,Saturday,Cash
P101474,4/12/2025,Bus,Kurunegala - Dambulla,6:30,42,260,10920,Saturday,Card
P104551,3/18/2025,Other,Kurunegala - Dambulla,19:00,56,300,16800,Tuesday,Card
P104458,1/31/2025,Bus,Colombo - Kalutara,13:00,39,170,6630,Friday,Card
P104883,3/24/2025,Train,Kurunegala - Dambulla,7:00,205,200,41000,Monday,Card
P101458,1/30/2025,Train,Kurunegala - Dambulla,9:00,134,210,28140,Thursday,Cash
P101396,12/30/2025,Train,Galle - Matara,11:00,110,150,16500,Tuesday,Mobile Payment
P100265,3/3/2025,Train,Kurunegala - Dambulla,10:00,115,170,19550,Monday,Cash
P102749,11/21/2025,Train,Kandy - Nuwara Eliya,20:00,124,230,28520,Friday,Cash
P103394,11/22/2025,Bus,Colombo - Negombo,13:00,58,270,15660,Saturday,Card
P102693,5/22/2025,Bus,Kandy - Nuwara Eliya,8:30,41,320,13120,Thursday,Card
P100930,4/5/2025,Bus,Colombo - Negombo,11:00,47,230,10810,Saturday,Card
P104221,2/11/2025,Bus,Colombo - Kalutara,7:00,73,180,13140,Tuesday,Cash
P105704,8/4/2025,Bus,Colombo - Kandy,18:00,59,440,25960,Monday,Cash
P102401,2/22/2025,Bus,Kandy - Nuwara Eliya,11:00,43,290,12470,Saturday,Cash
P102179,9/12/2025,Train,Colombo - Ratnapura,8:30,111,220,24420,Friday,Cash
P103807,6/2/2025,Bus,Colombo - Kandy,17:30,60,490,29400,Monday,Card
P100247,9/28/2025,Bus,Colombo - Ratnapura,12:00,52,300,15600,Sunday,Cash
P101595,11/7/2025,Train,Colombo - Kandy,7:30,90,350,31500,Friday,Cash
P101759,9/16/2025,Bus,Kandy - Nuwara Eliya,17:30,39,290,11310,Tuesday,Card
P105837,11/12/2025,Train,Colombo - Galle,16:00,80,310,24800,Wednesday,Mobile Payment
P104055,5/19/2025,Train,Galle - Matara,8:00,42,160,6720,Monday,Cash
P100924,7/11/2025,Train,Colombo - Ratnapura,17:30,195,240,46800,Friday,Mobile Payment
P103323,9/7/2025,Train,Colombo - Kurunegala,7:30,178,290,51620,Sunday,Card
P100269,5/28/2025,Bus,Colombo - Kandy,18:00,69,420,28980,Wednesday,Card
P100670,10/26/2025,Bus,Galle - Matara,18:00,47,210,9870,Sunday,Card
P104257,2/1/2025,Other,Kandy - Nuwara Eliya,17:00,60,350,21000,Saturday,Card
P101911,9/3/2025,Bus,Colombo - Kandy,6:30,28,430,12040,Wednesday,Cash
P104397,8/2/2025,Bus,Kandy - Nuwara Eliya,20:00,64,290,18560,Saturday,Cash
P101153,3/27/2025,Train,Colombo - Kurunegala,10:00,64,240,15360,Thursday,Cash
P104919,5/7/2025,Train,Colombo - Galle,19:00,169,310,52390,Wednesday,Cash
P105773,3/19/2025,Bus,Kandy - Colombo,14:00,27,470,12690,Wednesday,Mobile Payment
P104501,3/1/2025,Train,Kurunegala - Dambulla,18:00,155,200,31000,Saturday,Mobile Payment
P102697,12/28/2025,Train,Colombo - Kandy,8:30,224,330,73920,Sunday,Cash
P102592,2/11/2025,Train,Colombo - Ratnapura,17:00,137,210,28770,Tuesday,Card
P105073,8/22/2025,Bus,Kandy - Colombo,7:30,40,440,17600,Friday,Cash
P101782,1/3/2025,Other,Colombo - Negombo,21:00,39,280,10920,Friday,Cash
P102414,6/30/2025,Bus,Kurunegala - Dambulla,17:00,56,250,14000,Monday,Card
P103014,5/25/2025,Bus,Colombo - Kurunegala,19:00,63,330,20790,Sunday,Card
P105239,5/23/2025,Bus,Colombo - Kandy,8:00,80,460,36800,Friday,Cash
P102308,8/5/2025,Train,Kurunegala - Dambulla,13:00,82,210,17220,Tuesday,Mobile Payment
P103823,10/31/2025,Train,Kandy - Nuwara Eliya,18:00,120,210,25200,Friday,Mobile Payment
P100688,5/22/2025,Bus,Colombo - Negombo,6:30,52,270,14040,Thursday,Card
P101916,7/13/2025,Train,Kandy - Colombo,10:00,86,330,28380,Sunday,Cash
P105646,4/20/2025,Bus,Colombo - Galle,17:00,37,420,15540,Sunday,Mobile Payment
P100613,10/22/2025,Train,Colombo - Negombo,13:00,92,180,16560,Wednesday,Cash
P103072,4/21/2025,Train,Galle - Matara,17:00,179,160,28640,Monday,Cash
P103406,9/1/2025,Train,Colombo - Ratnapura,6:30,142,210,29820,Monday,Cash
P102268,2/8/2025,Train,Colombo - Kalutara,12:00,82,120,9840,Saturday,Card
P105753,8/13/2025,Bus,Colombo - Kandy,18:00,81,470,38070,Wednesday,Cash
P102534,2/17/2025,Bus,Colombo - Kurunegala,7:00,35,380,13300,Monday,Mobile Payment
P100040,11/2/2025,Bus,Colombo - Negombo,7:00,37,230,8510,Sunday,Mobile Payment
P101899,6/26/2025,Bus,Colombo - Kurunegala,6:30,51,360,18360,Thursday,Cash
P101650,4/18/2025,Train,Kandy - Nuwara Eliya,10:00,31,240,7440,Friday,Cash
P103472,3/7/2025,Train,Colombo - Galle,17:00,97,280,27160,Friday,Card
P100259,11/27/2025,Train,Colombo - Galle,13:00,139,320,44480,Thursday,Card
P102925,1/27/2025,Bus,Kandy - Nuwara Eliya,10:00,68,280,19040,Monday,Card
P102435,6/24/2025,Other,Galle - Matara,7:00,39,240,9360,Tuesday,Cash
P100848,8/18/2025,Other,Colombo - Negombo,18:00,34,310,10540,Monday,Card
P102823,4/11/2025,Train,Kandy - Colombo,18:00,127,340,43180,Friday,Mobile Payment
P104402,1/8/2025,Bus,Colombo - Negombo,17:00,43,230,9890,Wednesday,Mobile Payment
P105085,4/13/2025,Bus,Colombo - Ratnapura,18:30,55,300,16500,Sunday,Cash
P103955,6/28/2025,Bus,Colombo - Ratnapura,10:00,38,290,11020,Saturday,Cash
P103642,5/15/2025,Other,Colombo - Kurunegala,20:00,27,450,12150,Thursday,Cash
P101234,12/3/2025,Bus,Colombo - Kurunegala,16:00,43,370,15910,Wednesday,Cash
P101128,1/30/2025,Bus,Colombo - Galle,18:30,35,440,15400,Thursday,Cash
P103490,3/17/2025,Bus,Colombo - Kalutara,15:00,33,170,5610,Monday,Cash
P101968,3/18/2025,Bus,Colombo - Negombo,19:00,66,230,15180,Tuesday,Mobile Payment
P100559,6/27/2025,Train,Colombo - Kandy,15:00,83,330,27390,Friday,Card
P100905,11/19/2025,Bus,Galle - Matara,12:00,29,220,6380,Wednesday,Cash
P102615,11/4/2025,Bus,Colombo - Kandy,7:30,56,420,23520,Tuesday,Cash
P100485,6/21/2025,Train,Kurunegala - Dambulla,8:30,204,190,38760,Saturday,Card
P102212,12/19/2025,Train,Kandy - Nuwara Eliya,7:00,133,210,27930,Friday,Cash
P101321,4/26/2025,Bus,Kandy - Colombo,17:00,57,480,27360,Saturday,Card
P103333,10/21/2025,Bus,Colombo - Negombo,9:00,42,230,9660,Tuesday,Cash
P102556,1/8/2025,Other,Colombo - Kandy,21:00,21,530,11130,Wednesday,Cash
P100008,1/25/2025,Train,Colombo - Kurunegala,17:00,114,240,27360,Saturday,Cash
P102316,10/6/2025,Bus,Colombo - Kalutara,8:00,40,170,6800,Monday,Card
P105079,5/4/2025,Bus,Colombo - Galle,8:00,70,400,28000,Sunday,Cash
P104385,5/9/2025,Train,Kandy - Nuwara Eliya,9:00,169,240,40560,Friday,Card
P104316,5/24/2025,Bus,Galle - Matara,18:30,34,200,6800,Saturday,Card
P105268,10/31/2025,Bus,Colombo - Negombo,21:00,43,250,10750,Friday,Mobile Payment
P101451,10/30/2025,Bus,Colombo - Kurunegala,19:00,54,380,20520,Thursday,Mobile Payment
P101202,4/3/2025,Bus,Colombo - Kandy,19:00,50,480,24000,Thursday,Cash
P102427,12/5/2025,Bus,Colombo - Galle,13:00,37,410,15170,Friday,Cash
P102649,8/27/2025,Bus,Colombo - Kalutara,7:00,58,200,11600,Wednesday,Cash
P101815,9/19/2025,Bus,Colombo - Ratnapura,14:00,29,320,9280,Friday,Card
P102727,1/15/2025,Bus,Kurunegala - Dambulla,20:00,45,230,10350,Wednesday,Cash
P100774,9/4/2025,Bus,Kandy - Colombo,10:00,12,480,5760,Thursday,Cash
P102275,5/6/2025,Other,Galle - Matara,8:00,6,240,1440,Tuesday,Mobile Payment
P101012,4/23/2025,Other,Colombo - Kandy,18:30,29,550,15950,Wednesday,Cash
P104060,1/15/2025,Other,Colombo - Negombo,14:00,33,290,9570,Wednesday,Card
P103468,7/8/2025,Train,Colombo - Negombo,6:30,169,170,28730,Tuesday,Mobile Payment
P101992,4/23/2025,Bus,Kurunegala - Dambulla,13:00,52,240,12480,Wednesday,Cash
P101278,5/12/2025,Other,Kurunegala - Dambulla,6:30,39,320,12480,Monday,Card
P101784,12/4/2025,Train,Kandy - Colombo,8:00,154,370,56980,Thursday,Cash
P104254,7/24/2025,Bus,Colombo - Ratnapura,8:30,48,310,14880,Thursday,Card
P100447,3/31/2025,Other,Colombo - Ratnapura,11:00,35,360,12600,Monday,Cash
P100881,10/24/2025,Bus,Colombo - Kandy,7:30,75,430,32250,Friday,Cash
P104054,5/13/2025,Train,Colombo - Negombo,20:00,174,200,34800,Tuesday,Cash
P105347,3/4/2025,Bus,Colombo - Galle,15:00,46,380,17480,Tuesday,Card
P102728,3/26/2025,Bus,Colombo - Kandy,19:00,56,430,24080,Wednesday,Cash
P103049,5/15/2025,Bus,Kurunegala - Dambulla,18:00,57,250,14250,Thursday,Cash
P100782,2/7/2025,Bus,Kandy - Colombo,7:30,46,480,22080,Friday,Cash
P102652,2/1/2025,Bus,Colombo - Ratnapura,14:00,42,290,12180,Saturday,Cash
P105828,11/30/2025,Bus,Colombo - Kandy,17:30,37,480,17760,Sunday,Card
P101750,7/13/2025,Bus,Colombo - Galle,9:00,36,410,14760,Sunday,Cash
P102127,4/16/2025,Train,Colombo - Negombo,18:00,201,180,36180,Wednesday,Mobile Payment
P104422,2/16/2025,Other,Kandy - Nuwara Eliya,10:00,9,340,3060,Sunday,Cash
P102792,10/30/2025,Other,Colombo - Kurunegala,15:00,35,390,13650,Thursday,Mobile Payment
P102424,11/13/2025,Bus,Kandy - Colombo,7:00,51,430,21930,Thursday,Cash
P105858,10/12/2025,Bus,Colombo - Kandy,7:00,37,470,17390,Sunday,Cash
P105169,11/3/2025,Bus,Galle - Matara,13:00,38,200,7600,Monday,Card
P100884,4/23/2025,Bus,Colombo - Kalutara,9:00,40,170,6800,Wednesday,Cash
P103358,5/21/2025,Bus,Galle - Matara,9:00,51,180,9180,Wednesday,Mobile Payment
P101092,9/5/2025,Train,Kandy - Colombo,20:00,159,370,58830,Friday,Cash
P105623,6/7/2025,Train,Galle - Matara,20:00,116,150,17400,Saturday,Cash
P105129,9/15/2025,Bus,Kurunegala - Dambulla,18:30,42,230,9660,Monday,Mobile Payment
P100532,6/27/2025,Other,Kandy - Colombo,15:00,21,550,11550,Friday,Card
P103591,3/8/2025,Other,Colombo - Negombo,7:30,30,280,8400,Saturday,Cash
P102439,7/15/2025,Bus,Colombo - Kalutara,8:00,48,170,8160,Tuesday,Mobile Payment
P104862,12/4/2025,Train,Colombo - Kandy,15:00,81,360,29160,Thursday,Card
P105065,12/7/2025,Train,Colombo - Kurunegala,8:30,93,270,25110,Sunday,Mobile Payment
P103956,10/10/2025,Train,Galle - Matara,19:00,128,160,20480,Friday,Cash
P104967,3/12/2025,Other,Colombo - Kurunegala,10:00,36,420,15120,Wednesday,Card
P102291,1/5/2025,Train,Galle - Matara,12:00,131,150,19650,Sunday,Cash
P101728,12/15/2025,Other,Colombo - Kandy,14:00,21,580,12180,Monday,Cash
P100611,7/28/2025,Bus,Kandy - Nuwara Eliya,7:00,55,270,14850,Monday,Mobile Payment
P100571,9/11/2025,Bus,Colombo - Kandy,11:00,47,460,21620,Thursday,Card
P103775,1/28/2025,Train,Kurunegala - Dambulla,7:30,120,190,22800,Tuesday,Card
P101318,10/2/2025,Train,Kandy - Colombo,20:00,112,310,34720,Thursday,Card
P100344,10/7/2025,Bus,Kandy - Nuwara Eliya,17:00,84,280,23520,Tuesday,Card
P100588,9/24/2025,Bus,Kurunegala - Dambulla,16:00,51,250,12750,Wednesday,Card
P104678,7/30/2025,Other,Kurunegala - Dambulla,7:00,32,310,9920,Wednesday,Cash
P100637,5/2/2025,Bus,Colombo - Galle,19:00,62,410,25420,Friday,Cash
P100435,12/8/2025,Bus,Colombo - Kalutara,16:00,33,170,5610,Monday,Cash
P101904,3/11/2025,Bus,Colombo - Ratnapura,10:00,34,310,10540,Tuesday,Cash
P100098,6/7/2025,Bus,Colombo - Kandy,21:00,48,470,22560,Saturday,Cash
P104929,8/28/2025,Train,Colombo - Galle,17:00,150,290,43500,Thursday,Mobile Payment
P103426,9/25/2025,Train,Colombo - Kalutara,10:00,86,150,12900,Thursday,Cash
P104421,7/11/2025,Bus,Colombo - Ratnapura,18:00,62,280,17360,Friday,Cash
P102070,10/5/2025,Bus,Kandy - Nuwara Eliya,17:30,51,290,14790,Sunday,Card
P101538,12/6/2025,Train,Kandy - Colombo,9:00,70,340,23800,Saturday,Cash
P103207,5/14/2025,Train,Colombo - Kandy,12:00,63,370,23310,Wednesday,Card
P104547,5/15/2025,Bus,Kandy - Colombo,7:30,37,410,15170,Thursday,Cash
P104772,7/30/2025,Bus,Colombo - Ratnapura,21:00,58,300,17400,Wednesday,Cash
P103324,3/28/2025,Train,Colombo - Kandy,16:00,131,360,47160,Friday,Mobile Payment
P101518,3/8/2025,Train,Colombo - Negombo,11:00,47,190,8930,Saturday,Cash
P100966,6/22/2025,Bus,Colombo - Kurunegala,8:00,57,330,18810,Sunday,Cash
P105276,10/8/2025,Bus,Colombo - Ratnapura,18:30,39,270,10530,Wednesday,Cash
P100529,9/2/2025,Bus,Kandy - Colombo,16:00,64,490,31360,Tuesday,Cash
P100177,6/26/2025,Train,Kurunegala - Dambulla,8:30,117,210,24570,Thursday,Card
P102471,9/4/2025,Bus,Colombo - Ratnapura,10:00,53,270,14310,Thursday,Mobile Payment
P104522,7/15/2025,Train,Kurunegala - Dambulla,16:00,74,190,14060,Tuesday,Cash
P103600,7/18/2025,Train,Colombo - Galle,8:30,170,320,54400,Friday,Card
P103002,3/3/2025,Train,Colombo - Galle,8:30,129,310,39990,Monday,Card
P105866,7/24/2025,Bus,Colombo - Ratnapura,13:00,44,270,11880,Thursday,Cash
P100573,7/19/2025,Bus,Colombo - Kurunegala,6:30,82,380,31160,Saturday,Card
P103266,10/28/2025,Bus,Kandy - Colombo,21:00,32,420,13440,Tuesday,Cash
P100593,3/8/2025,Bus,Colombo - Kurunegala,18:00,82,340,27880,Saturday,Cash
P104975,8/12/2025,Bus,Kurunegala - Dambulla,8:30,29,260,7540,Tuesday,Cash
P103063,10/20/2025,Train,Colombo - Kalutara,19:00,130,140,18200,Monday,Cash
P103483,11/24/2025,Bus,Colombo - Negombo,18:30,72,240,17280,Monday,Cash
P102375,1/22/2025,Train,Colombo - Ratnapura,10:00,118,220,25960,Wednesday,Cash
P103065,10/29/2025,Train,Galle - Matara,19:00,162,140,22680,Wednesday,Mobile Payment
P105628,5/8/2025,Bus,Colombo - Negombo,8:00,42,240,10080,Thursday,Cash
P104333,10/10/2025,Bus,Colombo - Galle,7:00,71,420,29820,Friday,Cash
P103657,9/10/2025,Bus,Galle - Matara,7:30,85,220,18700,Wednesday,Cash
P102209,9/9/2025,Bus,Galle - Matara,16:00,73,190,13870,Tuesday,Cash
P104417,7/27/2025,Bus,Kandy - Colombo,11:00,37,480,17760,Sunday,Cash
P102493,7/25/2025,Train,Colombo - Kalutara,20:00,133,150,19950,Friday,Cash
P103902,3/22/2025,Bus,Colombo - Negombo,12:00,39,230,8970,Saturday,Mobile Payment
P100384,4/14/2025,Train,Kurunegala - Dambulla,18:30,145,200,29000,Monday,Mobile Payment
P100853,10/7/2025,Bus,Kurunegala - Dambulla,13:00,50,260,13000,Tuesday,Cash
P101881,2/7/2025,Train,Colombo - Kalutara,10:00,76,130,9880,Friday,Mobile Payment
P100371,9/22/2025,Bus,Colombo - Kurunegala,7:00,51,360,18360,Monday,Cash
P103363,11/6/2025,Train,Galle - Matara,7:00,174,150,26100,Thursday,Cash
P104232,8/14/2025,Train,Colombo - Ratnapura,7:30,130,240,31200,Thursday,Cash
P105205,5/31/2025,Other,Colombo - Negombo,19:00,35,290,10150,Saturday,Card
P105171,1/12/2025,Bus,Colombo - Galle,18:30,48,400,19200,Sunday,Cash
P105958,6/7/2025,Bus,Galle - Matara,17:00,48,200,9600,Saturday,Card
P101106,3/10/2025,Bus,Kurunegala - Dambulla,13:00,33,260,8580,Monday,Card
P104685,8/10/2025,Train,Kandy - Colombo,10:00,94,310,29140,Sunday,Mobile Payment
P102362,4/5/2025,Bus,Colombo - Ratnapura,15:00,40,320,12800,Saturday,Card
P105154,8/31/2025,Train,Colombo - Kandy,7:00,101,330,33330,Sunday,Cash
P101337,11/1/2025,Bus,Colombo - Kandy,6:30,65,410,26650,Saturday,Card
P102190,5/27/2025,Train,Colombo - Kandy,16:00,76,370,28120,Tuesday,Mobile Payment
P105503,1/28/2025,Bus,Colombo - Ratnapura,11:00,35,290,10150,Tuesday,Cash
P105404,8/13/2025,Bus,Colombo - Negombo,16:00,46,230,10580,Wednesday,Card
P104849,5/20/2025,Train,Colombo - Kandy,10:00,186,330,61380,Tuesday,Card
P102247,7/8/2025,Bus,Colombo - Kandy,14:00,36,490,17640,Tuesday,Card
P105975,9/2/2025,Bus,Kandy - Colombo,14:00,50,490,24500,Tuesday,Mobile Payment
P105812,9/2/2025,Other,Colombo - Negombo,17:00,52,290,15080,Tuesday,Cash
P101172,9/4/2025,Other,Colombo - Kurunegala,8:00,39,450,17550,Thursday,Cash
P103993,11/27/2025,Train,Galle - Matara,8:30,109,150,16350,Thursday,Card
P103809,7/21/2025,Bus,Colombo - Kalutara,15:00,35,200,7000,Monday,Card
P101423,12/13/2025,Bus,Kurunegala - Dambulla,7:00,99,230,22770,Saturday,Card
P102687,2/28/2025,Bus,Colombo - Negombo,21:00,33,240,7920,Friday,Mobile Payment
P105381,8/2/2025,Bus,Kurunegala - Dambulla,7:00,72,240,17280,Saturday,Cash
P103319,5/14/2025,Train,Colombo - Kurunegala,18:30,100,250,25000,Wednesday,Cash
P105814,1/4/2025,Bus,Kurunegala - Dambulla,19:00,80,230,18400,Saturday,Card
P105708,12/9/2025,Bus,Colombo - Kalutara,11:00,54,170,9180,Tuesday,Card
P101465,1/7/2025,Other,Kandy - Colombo,17:30,36,490,17640,Tuesday,Cash
P100875,11/20/2025,Bus,Colombo - Kurunegala,16:00,42,330,13860,Thursday,Cash
P102298,8/3/2025,Bus,Kurunegala - Dambulla,17:00,23,270,6210,Sunday,Card
P102644,11/13/2025,Train,Colombo - Ratnapura,11:00,154,240,36960,Thursday,Card
P103946,7/18/2025,Bus,Colombo - Kurunegala,9:00,44,360,15840,Friday,Cash
P105191,9/26/2025,Bus,Kurunegala - Dambulla,19:00,82,250,20500,Friday,Cash
P101252,11/9/2025,Bus,Kurunegala - Dambulla,17:00,73,240,17520,Sunday,Cash
P103327,3/29/2025,Train,Colombo - Kalutara,13:00,88,130,11440,Saturday,Cash
P100841,9/18/2025,Bus,Colombo - Negombo,6:30,47,260,12220,Thursday,Cash
P104229,6/10/2025,Bus,Colombo - Kalutara,16:00,37,190,7030,Tuesday,Card
P100582,1/29/2025,Other,Colombo - Ratnapura,21:00,24,390,9360,Wednesday,Card
P100205,10/15/2025,Train,Kurunegala - Dambulla,16:00,144,190,27360,Wednesday,Card
P101642,3/28/2025,Train,Colombo - Kandy,20:00,114,330,37620,Friday,Cash
P102015,11/12/2025,Bus,Colombo - Negombo,18:00,53,240,12720,Wednesday,Cash
P100906,3/20/2025,Train,Colombo - Kurunegala,17:30,96,280,26880,Thursday,Mobile Payment
P100632,4/11/2025,Train,Kandy - Colombo,7:30,99,370,36630,Friday,Card
P104245,1/4/2025,Bus,Galle - Matara,16:00,47,190,8930,Saturday,Cash
P101975,8/6/2025,Bus,Colombo - Ratnapura,9:00,31,300,9300,Wednesday,Cash
P100163,4/3/2025,Train,Kandy - Nuwara Eliya,16:00,78,210,16380,Thursday,Card
P104305,10/14/2025,Train,Galle - Matara,21:00,71,140,9940,Tuesday,Cash
P104056,6/6/2025,Bus,Kandy - Nuwara Eliya,8:00,66,300,19800,Friday,Cash
P105389,4/24/2025,Train,Galle - Matara,15:00,114,140,15960,Thursday,Card
P103514,2/1/2025,Train,Galle - Matara,8:00,246,160,39360,Saturday,Cash
P100618,9/6/2025,Bus,Kandy - Colombo,7:30,72,410,29520,Saturday,Card
P100876,8/17/2025,Bus,Colombo - Kandy,7:30,65,480,31200,Sunday,Cash
P101432,9/21/2025,Bus,Colombo - Galle,13:00,35,370,12950,Sunday,Cash
P102974,10/22/2025,Train,Colombo - Kandy,6:30,60,310,18600,Wednesday,Mobile Payment
P105363,7/29/2025,Bus,Kandy - Nuwara Eliya,19:00,38,320,12160,Tuesday,Cash
P100548,11/6/2025,Train,Kandy - Nuwara Eliya,11:00,160,220,35200,Thursday,Cash
P104872,7/30/2025,Bus,Colombo - Kalutara,6:30,24,160,3840,Wednesday,Cash
P105450,11/28/2025,Bus,Kandy - Nuwara Eliya,17:30,43,330,14190,Friday,Cash
P105049,11/13/2025,Bus,Colombo - Kalutara,16:00,48,190,9120,Thursday,Mobile Payment
P103382,3/27/2025,Bus,Colombo - Galle,13:00,47,380,17860,Thursday,Cash
P105810,1/25/2025,Bus,Kurunegala - Dambulla,21:00,43,230,9890,Saturday,Mobile Payment
P105703,1/16/2025,Train,Kandy - Colombo,11:00,202,370,74740,Thursday,Cash
P104891,6/14/2025,Bus,Colombo - Galle,11:00,57,430,24510,Saturday,Cash
P102857,2/10/2025,Bus,Colombo - Negombo,13:00,41,260,10660,Monday,Cash
P101862,8/13/2025,Train,Colombo - Galle,9:00,91,290,26390,Wednesday,Card
P102660,8/8/2025,Train,Galle - Matara,18:00,135,160,21600,Friday,Cash
P105506,9/10/2025,Bus,Colombo - Kalutara,11:00,37,190,7030,Wednesday,Mobile Payment
P100641,9/4/2025,Bus,Colombo - Ratnapura,12:00,43,300,12900,Thursday,Cash
P105108,10/23/2025,Bus,Colombo - Kandy,14:00,72,450,32400,Thursday,Cash
P101010,6/13/2025,Bus,Colombo - Kandy,7:00,48,480,23040,Friday,Cash
P105863,7/31/2025,Bus,Galle - Matara,7:00,46,190,8740,Thursday,Cash
P100638,5/24/2025,Bus,Colombo - Kalutara,15:00,30,170,5100,Saturday,Cash
P104900,6/16/2025,Other,Kandy - Colombo,8:00,28,500,14000,Monday,Mobile Payment
P104505,7/19/2025,Bus,Colombo - Galle,21:00,45,370,16650,Saturday,Cash
P102309,8/28/2025,Bus,Colombo - Kurunegala,21:00,45,380,17100,Thursday,Cash
P104169,5/16/2025,Bus,Colombo - Negombo,13:00,47,250,11750,Friday,Mobile Payment
P103146,1/31/2025,Bus,Colombo - Kandy,7:00,60,460,27600,Friday,Cash
P103782,4/29/2025,Bus,Colombo - Kandy,7:30,89,440,39160,Tuesday,Mobile Payment
P102097,4/9/2025,Train,Colombo - Kurunegala,19:00,113,280,31640,Wednesday,Mobile Payment
P105520,7/21/2025,Train,Colombo - Kalutara,16:00,104,140,14560,Monday,Cash
P101957,2/2/2025,Train,Colombo - Ratnapura,12:00,105,250,26250,Sunday,Cash
P101373,2/3/2025,Train,Kandy - Colombo,8:30,121,340,41140,Monday,Cash
P104023,1/21/2025,Train,Colombo - Negombo,9:00,187,190,35530,Tuesday,Cash
P100922,6/16/2025,Bus,Colombo - Negombo,12:00,17,230,3910,Monday,Cash
P100547,1/16/2025,Bus,Colombo - Kalutara,12:00,61,170,10370,Thursday,Mobile Payment
P101450,6/14/2025,Train,Kurunegala - Dambulla,8:30,148,180,26640,Saturday,Card
P102805,10/17/2025,Bus,Colombo - Kurunegala,11:00,38,340,12920,Friday,Mobile Payment
P102611,3/30/2025,Train,Kurunegala - Dambulla,7:00,161,200,32200,Sunday,Card
P101901,1/17/2025,Train,Colombo - Kandy,19:00,139,350,48650,Friday,Card
P102758,9/14/2025,Train,Kandy - Colombo,7:30,178,350,62300,Sunday,Cash
P102029,10/21/2025,Bus,Kurunegala - Dambulla,9:00,18,230,4140,Tuesday,Cash
P102302,3/29/2025,Train,Colombo - Kalutara,7:00,151,150,22650,Saturday,Mobile Payment
P101886,11/17/2025,Bus,Colombo - Negombo,21:00,49,250,12250,Monday,Card
P101643,2/2/2025,Bus,Colombo - Ratnapura,19:00,49,310,15190,Sunday,Card
P100973,6/27/2025,Train,Colombo - Negombo,18:00,92,200,18400,Friday,Cash
P105765,11/16/2025,Train,Galle - Matara,20:00,133,140,18620,Sunday,Mobile Payment
P102098,8/29/2025,Train,Colombo - Kurunegala,17:00,162,240,38880,Friday,Card
P105209,3/7/2025,Train,Kandy - Nuwara Eliya,14:00,115,230,26450,Friday,Mobile Payment
P104576,7/23/2025,Bus,Colombo - Kurunegala,13:00,61,330,20130,Wednesday,Cash
P105491,2/13/2025,Bus,Colombo - Galle,21:00,28,390,10920,Thursday,Mobile Payment
P105959,3/17/2025,Train,Colombo - Ratnapura,17:30,134,250,33500,Monday,Mobile Payment
P100837,7/17/2025,Other,Colombo - Negombo,8:00,36,270,9720,Thursday,Cash
P100602,2/12/2025,Bus,Colombo - Kalutara,20:00,48,170,8160,Wednesday,Card
P102185,6/18/2025,Train,Colombo - Ratnapura,17:30,169,230,38870,Wednesday,Cash
P104769,2/25/2025,Train,Colombo - Ratnapura,17:00,103,230,23690,Tuesday,Cash
P103517,3/4/2025,Bus,Colombo - Kalutara,16:00,31,170,5270,Tuesday,Cash
P105150,10/28/2025,Bus,Kurunegala - Dambulla,9:00,34,230,7820,Tuesday,Cash
P101583,9/25/2025,Train,Colombo - Kandy,8:30,115,360,41400,Thursday,Cash
P105102,6/25/2025,Train,Colombo - Kandy,20:00,92,310,28520,Wednesday,Card
P103584,2/11/2025,Train,Kurunegala - Dambulla,18:30,157,170,26690,Tuesday,Card
P103859,4/20/2025,Bus,Colombo - Galle,15:00,36,380,13680,Sunday,Mobile Payment
P101071,4/21/2025,Bus,Colombo - Kurunegala,14:00,28,320,8960,Monday,Cash
P101776,1/26/2025,Bus,Colombo - Kurunegala,10:00,18,370,6660,Sunday,Cash
P105764,5/1/2025,Bus,Colombo - Ratnapura,7:30,56,280,15680,Thursday,Cash
P101284,8/15/2025,Bus,Colombo - Kurunegala,18:30,74,370,27380,Friday,Cash
P104988,9/29/2025,Train,Colombo - Galle,20:00,94,330,31020,Monday,Cash
P104885,2/3/2025,Bus,Kurunegala - Dambulla,18:00,43,270,11610,Monday,Cash
P105700,9/20/2025,Bus,Colombo - Kandy,21:00,57,470,26790,Saturday,Mobile Payment
P101837,5/9/2025,Bus,Colombo - Galle,17:00,69,420,28980,Friday,Card
P105453,2/8/2025,Bus,Colombo - Kalutara,7:00,86,170,14620,Saturday,Card
P101020,7/29/2025,Bus,Kurunegala - Dambulla,7:00,74,230,17020,Tuesday,Cash
P100971,5/31/2025,Train,Kandy - Colombo,13:00,95,310,29450,Saturday,Card
P101327,11/17/2025,Bus,Colombo - Galle,14:00,43,370,15910,Monday,Card
P103334,11/6/2025,Bus,Galle - Matara,13:00,39,220,8580,Thursday,Card
P100476,7/26/2025,Other,Colombo - Kalutara,6:30,43,220,9460,Saturday,Card
P102811,4/28/2025,Bus,Colombo - Negombo,14:00,46,270,12420,Monday,Card
P105609,10/4/2025,Bus,Colombo - Kalutara,7:00,57,180,10260,Saturday,Cash
P101652,8/4/2025,Bus,Kandy - Colombo,10:00,44,430,18920,Monday,Cash
P105570,2/1/2025,Other,Colombo - Negombo,6:30,23,280,6440,Saturday,Cash
P105122,10/22/2025,Other,Colombo - Negombo,8:30,28,270,7560,Wednesday,Card
P102529,6/3/2025,Bus,Colombo - Kurunegala,10:00,68,320,21760,Tuesday,Cash
P103692,6/10/2025,Bus,Kandy - Nuwara Eliya,10:00,32,320,10240,Tuesday,Cash
P104510,3/26/2025,Other,Colombo - Kalutara,8:00,39,230,8970,Wednesday,Cash
P104087,11/1/2025,Bus,Colombo - Kalutara,8:30,84,180,15120,Saturday,Cash
P101374,10/31/2025,Bus,Kandy - Colombo,6:30,34,460,15640,Friday,Cash
P100740,11/11/2025,Bus,Colombo - Ratnapura,16:00,40,320,12800,Tuesday,Card
P104609,12/5/2025,Other,Kandy - Colombo,8:00,36,490,17640,Friday,Cash
P105803,10/12/2025,Bus,Kurunegala - Dambulla,8:30,85,240,20400,Sunday,Cash
P100868,9/19/2025,Bus,Colombo - Kurunegala,18:00,61,360,21960,Friday,Card
P102975,1/25/2025,Bus,Galle - Matara,17:30,58,190,11020,Saturday,Cash
P101141,3/14/2025,Train,Kurunegala - Dambulla,7:00,198,200,39600,Friday,Card
P100998,9/8/2025,Bus,Colombo - Kalutara,10:00,49,170,8330,Monday,Cash
P101338,7/15/2025,Train,Colombo - Negombo,6:30,154,200,30800,Tuesday,Cash
P100542,3/10/2025,Train,Galle - Matara,18:30,140,160,22400,Monday,Mobile Payment
P101100,1/14/2025,Bus,Colombo - Ratnapura,8:00,59,290,17110,Tuesday,Card
P101133,4/21/2025,Bus,Kandy - Colombo,8:30,58,480,27840,Monday,Cash
P105817,12/1/2025,Bus,Colombo - Negombo,13:00,56,240,13440,Monday,Card
P105928,6/18/2025,Train,Kurunegala - Dambulla,9:00,130,190,24700,Wednesday,Cash
P102259,3/6/2025,Bus,Colombo - Kandy,15:00,50,430,21500,Thursday,Card
P105974,6/15/2025,Train,Galle - Matara,8:30,94,140,13160,Sunday,Cash
P102963,1/3/2025,Bus,Colombo - Galle,9:00,44,360,15840,Friday,Mobile Payment
P100060,6/11/2025,Bus,Colombo - Kandy,11:00,46,460,21160,Wednesday,Cash
P103260,6/19/2025,Train,Colombo - Ratnapura,8:00,283,240,67920,Thursday,Mobile Payment
P104084,10/6/2025,Train,Colombo - Galle,16:00,101,270,27270,Monday,Card
P101939,4/15/2025,Bus,Kurunegala - Dambulla,15:00,32,260,8320,Tuesday,Card
P103651,1/2/2025,Train,Colombo - Kalutara,12:00,99,120,11880,Thursday,Card
P105924,3/19/2025,Train,Kurunegala - Dambulla,15:00,131,190,24890,Wednesday,Card
P103396,10/8/2025,Other,Colombo - Ratnapura,18:30,36,350,12600,Wednesday,Cash
P102814,5/9/2025,Bus,Kandy - Colombo,8:30,66,480,31680,Friday,Cash
P105997,4/25/2025,Bus,Kandy - Colombo,14:00,34,450,15300,Friday,Mobile Payment
P105657,1/28/2025,Train,Colombo - Kurunegala,7:30,51,270,13770,Tuesday,Cash
P101079,1/6/2025,Bus,Colombo - Kandy,7:00,40,440,17600,Monday,Cash
P104533,8/2/2025,Bus,Kandy - Colombo,21:00,58,480,27840,Saturday,Cash
P105832,7/21/2025,Bus,Colombo - Kandy,11:00,33,480,15840,Monday,Card
P104273,8/11/2025,Bus,Kandy - Colombo,14:00,44,430,18920,Monday,Mobile Payment
P104284,4/24/2025,Bus,Colombo - Negombo,8:30,60,230,13800,Thursday,Mobile Payment
P105100,10/25/2025,Bus,Colombo - Galle,15:00,55,380,20900,Saturday,Cash
P102631,9/12/2025,Train,Colombo - Galle,8:00,132,310,40920,Friday,Mobile Payment
P104802,7/23/2025,Bus,Colombo - Galle,11:00,29,430,12470,Wednesday,Cash
P103525,12/12/2025,Bus,Colombo - Negombo,9:00,50,230,11500,Friday,Cash
P103564,6/20/2025,Bus,Kandy - Colombo,11:00,63,440,27720,Friday,Mobile Payment
P100941,9/10/2025,Bus,Colombo - Kalutara,19:00,55,180,9900,Wednesday,Cash
P101081,10/26/2025,Train,Colombo - Kurunegala,12:00,69,280,19320,Sunday,Card
P100188,6/2/2025,Train,Colombo - Kurunegala,15:00,149,260,38740,Monday,Card
P103723,9/15/2025,Other,Colombo - Kurunegala,11:00,9,450,4050,Monday,Card
P105614,5/3/2025,Bus,Kandy - Colombo,21:00,39,420,16380,Saturday,Cash
P102086,2/5/2025,Bus,Kurunegala - Dambulla,20:00,50,230,11500,Wednesday,Card
P102250,12/26/2025,Bus,Colombo - Ratnapura,10:00,63,290,18270,Friday,Mobile Payment
P103689,3/28/2025,Bus,Kandy - Colombo,16:00,61,450,27450,Friday,Cash
P105869,9/3/2025,Train,Colombo - Ratnapura,11:00,110,240,26400,Wednesday,Cash
P102024,5/19/2025,Bus,Colombo - Kurunegala,6:30,21,330,6930,Monday,Cash
P103795,4/21/2025,Bus,Colombo - Galle,14:00,30,420,12600,Monday,Cash
P101493,1/24/2025,Bus,Colombo - Kalutara,7:30,65,170,11050,Friday,Cash
P104602,12/28/2025,Train,Galle - Matara,12:00,120,140,16800,Sunday,Cash
P104041,7/1/2025,Train,Kurunegala - Dambulla,7:30,138,190,26220,Tuesday,Card
P100227,4/5/2025,Other,Colombo - Kandy,7:00,29,560,16240,Saturday,Card
P101014,10/28/2025,Bus,Colombo - Galle,21:00,61,360,21960,Tuesday,Cash
P102584,8/10/2025,Bus,Colombo - Galle,6:30,86,420,36120,Sunday,Cash
P101930,9/3/2025,Bus,Colombo - Ratnapura,18:30,35,290,10150,Wednesday,Card
P104216,4/8/2025,Train,Colombo - Ratnapura,18:30,159,220,34980,Tuesday,Mobile Payment
P105383,6/28/2025,Bus,Colombo - Kurunegala,7:00,65,330,21450,Saturday,Mobile Payment
P101405,11/11/2025,Train,Galle - Matara,8:00,139,140,19460,Tuesday,Cash
P102180,2/28/2025,Bus,Colombo - Negombo,21:00,30,240,7200,Friday,Cash
P100698,12/23/2025,Train,Colombo - Kandy,17:30,230,350,80500,Tuesday,Cash
P101125,3/16/2025,Train,Colombo - Galle,6:30,130,330,42900,Sunday,Mobile Payment
P103283,4/9/2025,Train,Kandy - Nuwara Eliya,17:30,195,210,40950,Wednesday,Card
P103961,7/7/2025,Train,Kandy - Colombo,11:00,109,310,33790,Monday,Cash
P104111,5/10/2025,Train,Colombo - Kalutara,8:00,164,130,21320,Saturday,Card
P101779,2/20/2025,Bus,Colombo - Kurunegala,17:30,49,320,15680,Thursday,Mobile Payment
P102635,5/10/2025,Train,Colombo - Kandy,16:00,98,320,31360,Saturday,Cash
P103092,9/8/2025,Other,Kandy - Nuwara Eliya,15:00,30,400,12000,Monday,Card
P104048,7/31/2025,Train,Colombo - Negombo,11:00,93,180,16740,Thursday,Card
P101038,1/24/2025,Train,Galle - Matara,18:00,210,140,29400,Friday,Cash
P104995,8/13/2025,Bus,Colombo - Kandy,18:30,58,440,25520,Wednesday,Cash
P102257,2/4/2025,Bus,Colombo - Ratnapura,7:30,56,320,17920,Tuesday,Cash
P103774,8/19/2025,Train,Colombo - Galle,10:00,117,310,36270,Tuesday,Cash
P105930,9/19/2025,Train,Colombo - Kurunegala,8:00,84,260,21840,Friday,Mobile Payment
P100314,6/21/2025,Other,Colombo - Ratnapura,8:00,46,390,17940,Saturday,Mobile Payment
P102650,3/9/2025,Bus,Colombo - Ratnapura,18:30,45,320,14400,Sunday,Mobile Payment
P102282,8/28/2025,Bus,Colombo - Negombo,20:00,69,230,15870,Thursday,Cash
P103694,3/17/2025,Bus,Colombo - Kurunegala,16:00,52,340,17680,Monday,Cash
P104288,11/6/2025,Train,Kandy - Nuwara Eliya,18:00,118,220,25960,Thursday,Cash
P102548,10/3/2025,Bus,Colombo - Kurunegala,18:00,34,350,11900,Friday,Cash
P101417,8/4/2025,Bus,Colombo - Kandy,8:00,55,460,25300,Monday,Card
P101037,8/30/2025,Bus,Colombo - Ratnapura,20:00,54,290,15660,Saturday,Mobile Payment
P102160,6/24/2025,Train,Kurunegala - Dambulla,20:00,135,180,24300,Tuesday,Cash
P102985,5/17/2025,Bus,Colombo - Ratnapura,16:00,43,300,12900,Saturday,Card
P103138,5/1/2025,Train,Colombo - Negombo,6:30,67,190,12730,Thursday,Card
P104982,11/5/2025,Bus,Kandy - Colombo,18:30,50,480,24000,Wednesday,Mobile Payment
P101755,12/18/2025,Other,Kurunegala - Dambulla,21:00,16,330,5280,Thursday,Card
P104263,7/1/2025,Bus,Galle - Matara,17:30,61,210,12810,Tuesday,Card
P103981,8/28/2025,Train,Kurunegala - Dambulla,8:00,83,210,17430,Thursday,Mobile Payment
P103818,11/18/2025,Train,Kandy - Nuwara Eliya,13:00,141,250,35250,Tuesday,Mobile Payment
P105346,9/22/2025,Bus,Kandy - Colombo,8:30,64,490,31360,Monday,Cash
P102521,1/14/2025,Train,Colombo - Kurunegala,18:00,120,240,28800,Tuesday,Card
P100874,9/8/2025,Bus,Kandy - Colombo,18:00,86,440,37840,Monday,Mobile Payment
P105230,3/1/2025,Train,Colombo - Kandy,17:00,149,340,50660,Saturday,Cash
P104490,10/1/2025,Train,Kandy - Colombo,7:30,144,330,47520,Wednesday,Cash
P101507,6/1/2025,Train,Colombo - Galle,20:00,126,320,40320,Sunday,Cash
P103892,1/19/2025,Bus,Kurunegala - Dambulla,7:00,52,250,13000,Sunday,Card
P101924,10/29/2025,Bus,Colombo - Negombo,18:00,46,240,11040,Wednesday,Cash
P100449,12/18/2025,Bus,Colombo - Galle,17:00,71,430,30530,Thursday,Mobile Payment
P103461,12/10/2025,Bus,Colombo - Kurunegala,9:00,33,380,12540,Wednesday,Mobile Payment
P103576,12/12/2025,Bus,Kurunegala - Dambulla,8:30,49,240,11760,Friday,Card
P105961,7/22/2025,Bus,Kurunegala - Dambulla,16:00,41,240,9840,Tuesday,Card
P103633,2/28/2025,Bus,Colombo - Kandy,17:00,39,430,16770,Friday,Cash
P103258,2/1/2025,Bus,Colombo - Negombo,12:00,20,230,4600,Saturday,Cash
P100362,10/15/2025,Train,Colombo - Kalutara,8:00,179,140,25060,Wednesday,Mobile Payment
P102184,12/23/2025,Bus,Colombo - Negombo,17:30,89,270,24030,Tuesday,Cash
P101135,7/20/2025,Train,Kandy - Colombo,20:00,109,360,39240,Sunday,Card
P104831,6/26/2025,Train,Colombo - Ratnapura,17:00,186,240,44640,Thursday,Cash
P103200,7/10/2025,Bus,Colombo - Negombo,13:00,55,240,13200,Thursday,Cash
P105818,12/12/2025,Train,Colombo - Kalutara,20:00,127,130,16510,Friday,Card
P103439,1/10/2025,Other,Colombo - Kalutara,6:30,33,200,6600,Friday,Cash
P102156,8/9/2025,Bus,Colombo - Kurunegala,8:00,39,350,13650,Saturday,Mobile Payment
P101831,5/22/2025,Other,Kurunegala - Dambulla,20:00,27,280,7560,Thursday,Card
P101054,4/13/2025,Train,Kurunegala - Dambulla,21:00,111,200,22200,Sunday,Cash
P102461,12/16/2025,Other,Kandy - Colombo,8:00,19,510,9690,Tuesday,Cash
P100023,9/20/2025,Bus,Colombo - Kandy,8:30,26,430,11180,Saturday,Mobile Payment
P102067,10/30/2025,Bus,Colombo - Kandy,8:30,52,430,22360,Thursday,Card
P101654,2/22/2025,Bus,Colombo - Negombo,18:30,48,230,11040,Saturday,Card
P103662,1/2/2025,Bus,Galle - Matara,7:30,51,190,9690,Thursday,Card
P104332,10/25/2025,Bus,Colombo - Kalutara,19:00,44,180,7920,Saturday,Cash
P102744,4/21/2025,Bus,Kurunegala - Dambulla,18:00,59,270,15930,Monday,Cash
P105245,1/23/2025,Train,Kurunegala - Dambulla,11:00,165,200,33000,Thursday,Mobile Payment
P104873,1/25/2025,Bus,Colombo - Galle,14:00,36,370,13320,Saturday,Mobile Payment
P102469,8/11/2025,Bus,Galle - Matara,15:00,36,200,7200,Monday,Mobile Payment
P102326,6/27/2025,Other,Colombo - Ratnapura,18:00,30,390,11700,Friday,Cash
P100461,2/3/2025,Bus,Kandy - Colombo,11:00,56,440,24640,Monday,Cash
P101068,12/6/2025,Bus,Colombo - Galle,15:00,20,370,7400,Saturday,Card
P100088,2/20/2025,Train,Kandy - Nuwara Eliya,17:00,141,220,31020,Thursday,Card
P101431,6/29/2025,Bus,Galle - Matara,10:00,60,200,12000,Sunday,Cash
P103740,5/21/2025,Train,Colombo - Ratnapura,17:00,137,220,30140,Wednesday,Card
P100283,2/16/2025,Bus,Colombo - Galle,17:30,72,380,27360,Sunday,Cash
P102484,2/7/2025,Bus,Colombo - Galle,20:00,48,380,18240,Friday,Card
P100463,6/21/2025,Train,Colombo - Ratnapura,17:30,124,240,29760,Saturday,Cash
P100213,12/3/2025,Train,Colombo - Galle,8:00,182,310,56420,Wednesday,Cash
P102589,8/19/2025,Bus,Colombo - Galle,19:00,55,420,23100,Tuesday,Mobile Payment
P104292,9/7/2025,Bus,Galle - Matara,6:30,51,200,10200,Sunday,Mobile Payment
P102908,12/3/2025,Bus,Kurunegala - Dambulla,16:00,37,240,8880,Wednesday,Card
P102582,8/24/2025,Train,Colombo - Kandy,20:00,96,330,31680,Sunday,Mobile Payment
P101369,11/21/2025,Bus,Colombo - Negombo,12:00,47,250,11750,Friday,Card
P100235,11/22/2025,Bus,Kurunegala - Dambulla,17:30,61,270,16470,Saturday,Mobile Payment
P103923,8/17/2025,Train,Colombo - Negombo,12:00,121,200,24200,Sunday,Cash
P100598,7/30/2025,Bus,Galle - Matara,15:00,40,210,8400,Wednesday,Mobile Payment
P105296,9/18/2025,Bus,Galle - Matara,12:00,32,190,6080,Thursday,Cash
P102251,3/22/2025,Bus,Kandy - Colombo,14:00,50,450,22500,Saturday,Cash
P105875,10/4/2025,Bus,Kandy - Colombo,14:00,45,410,18450,Saturday,Mobile Payment
P102284,2/18/2025,Bus,Colombo - Negombo,19:00,66,250,16500,Tuesday,Cash
P100663,2/21/2025,Train,Colombo - Kurunegala,19:00,202,240,48480,Friday,Card
P105955,1/21/2025,Bus,Colombo - Negombo,8:00,56,240,13440,Tuesday,Cash
P102286,5/5/2025,Bus,Galle - Matara,21:00,41,220,9020,Monday,Cash
P103432,10/24/2025,Other,Kandy - Nuwara Eliya,13:00,33,360,11880,Friday,Cash
P105656,2/15/2025,Bus,Kandy - Colombo,6:30,83,430,35690,Saturday,Card
P104321,8/15/2025,Train,Colombo - Galle,9:00,87,280,24360,Friday,Card
P103685,11/16/2025,Train,Kurunegala - Dambulla,20:00,129,210,27090,Sunday,Cash
P105474,6/8/2025,Train,Colombo - Kurunegala,19:00,131,280,36680,Sunday,Cash
P103469,10/29/2025,Train,Kurunegala - Dambulla,7:30,138,170,23460,Wednesday,Cash
P103542,7/25/2025,Train,Colombo - Ratnapura,18:00,172,250,43000,Friday,Card
P102991,8/7/2025,Bus,Kandy - Nuwara Eliya,8:30,58,270,15660,Thursday,Mobile Payment
P105334,7/27/2025,Bus,Colombo - Galle,13:00,40,390,15600,Sunday,Cash
P100780,12/1/2025,Train,Galle - Matara,18:30,77,160,12320,Monday,Cash
P102545,11/3/2025,Bus,Colombo - Kurunegala,18:00,87,380,33060,Monday,Cash
P105699,11/29/2025,Other,Colombo - Galle,8:30,24,490,11760,Saturday,Cash
P104619,11/11/2025,Bus,Galle - Matara,7:30,59,190,11210,Tuesday,Cash
P105777,7/28/2025,Train,Colombo - Ratnapura,8:00,206,240,49440,Monday,Cash
P105651,7/20/2025,Train,Colombo - Negombo,11:00,118,180,21240,Sunday,Mobile Payment
P105784,12/15/2025,Bus,Kandy - Colombo,9:00,22,450,9900,Monday,Cash
P105797,1/21/2025,Bus,Colombo - Kandy,20:00,61,470,28670,Tuesday,Mobile Payment
P100686,8/31/2025,Train,Colombo - Negombo,21:00,130,180,23400,Sunday,Mobile Payment
P103821,3/13/2025,Bus,Kurunegala - Dambulla,17:00,21,260,5460,Thursday,Cash
P104702,11/16/2025,Bus,Galle - Matara,17:00,59,210,12390,Sunday,Cash
P103244,12/21/2025,Train,Kandy - Nuwara Eliya,20:00,123,220,27060,Sunday,Cash
P101749,8/3/2025,Train,Colombo - Negombo,13:00,170,190,32300,Sunday,Mobile Payment
P104304,4/15/2025,Train,Colombo - Kurunegala,20:00,71,270,19170,Tuesday,Cash
P104639,4/7/2025,Train,Kandy - Nuwara Eliya,18:30,61,230,14030,Monday,Cash
P102838,4/24/2025,Bus,Kandy - Colombo,20:00,45,470,21150,Thursday,Mobile Payment
P103033,12/27/2025,Train,Colombo - Negombo,20:00,103,190,19570,Saturday,Mobile Payment
P102172,1/31/2025,Bus,Kurunegala - Dambulla,7:00,73,240,17520,Friday,Cash
P103768,5/26/2025,Bus,Colombo - Kurunegala,12:00,49,350,17150,Monday,Mobile Payment
P101851,11/26/2025,Bus,Colombo - Kalutara,19:00,67,180,12060,Wednesday,Mobile Payment
P100488,6/17/2025,Bus,Colombo - Kandy,11:00,45,490,22050,Tuesday,Cash
P101689,9/20/2025,Train,Colombo - Galle,19:00,162,270,43740,Saturday,Cash
P102231,11/8/2025,Train,Galle - Matara,19:00,141,140,19740,Saturday,Mobile Payment
P103474,9/18/2025,Train,Kandy - Colombo,8:00,124,360,44640,Thursday,Cash
P104375,9/18/2025,Bus,Galle - Matara,19:00,52,200,10400,Thursday,Cash
P102321,8/8/2025,Other,Galle - Matara,17:30,40,250,10000,Friday,Cash
P100783,6/10/2025,Bus,Colombo - Kandy,8:30,32,420,13440,Tuesday,Cash
P100522,5/2/2025,Bus,Kurunegala - Dambulla,19:00,49,240,11760,Friday,Cash
P100523,4/18/2025,Other,Galle - Matara,18:00,49,260,12740,Friday,Mobile Payment
P104018,9/25/2025,Train,Colombo - Ratnapura,21:00,129,220,28380,Thursday,Cash
P102940,4/8/2025,Bus,Galle - Matara,11:00,59,180,10620,Tuesday,Mobile Payment
P104681,1/30/2025,Bus,Colombo - Negombo,17:00,56,230,12880,Thursday,Card
P104827,2/18/2025,Train,Colombo - Galle,6:30,97,280,27160,Tuesday,Cash
P102399,12/6/2025,Train,Colombo - Kandy,9:00,102,310,31620,Saturday,Cash
P102208,7/19/2025,Train,Colombo - Kalutara,17:30,167,130,21710,Saturday,Cash
P104519,4/14/2025,Bus,Kurunegala - Dambulla,17:30,66,250,16500,Monday,Cash
P100781,4/9/2025,Train,Colombo - Kurunegala,15:00,101,280,28280,Wednesday,Mobile Payment
P104688,6/21/2025,Bus,Colombo - Galle,6:30,64,440,28160,Saturday,Card
P103997,1/10/2025,Bus,Colombo - Ratnapura,18:30,53,320,16960,Friday,Card
P101512,10/12/2025,Train,Galle - Matara,6:30,197,140,27580,Sunday,Mobile Payment
P101883,11/14/2025,Train,Kandy - Colombo,19:00,202,360,72720,Friday,Mobile Payment
P100652,10/3/2025,Bus,Galle - Matara,19:00,64,190,12160,Friday,Cash
P103948,7/3/2025,Train,Colombo - Ratnapura,12:00,82,240,19680,Thursday,Cash
P101802,7/28/2025,Train,Colombo - Kurunegala,10:00,153,250,38250,Monday,Cash
P100370,12/5/2025,Bus,Colombo - Ratnapura,18:00,55,310,17050,Friday,Cash
P105235,10/28/2025,Bus,Colombo - Kalutara,19:00,50,170,8500,Tuesday,Cash
P103732,7/23/2025,Other,Colombo - Kurunegala,13:00,34,420,14280,Wednesday,Cash
P100119,10/24/2025,Train,Colombo - Negombo,16:00,136,170,23120,Friday,Card
P100378,9/22/2025,Bus,Colombo - Kurunegala,7:30,21,320,6720,Monday,Cash
P100217,9/7/2025,Bus,Colombo - Kandy,18:00,47,440,20680,Sunday,Card
P102217,10/4/2025,Train,Colombo - Kurunegala,17:30,176,240,42240,Saturday,Cash
P104559,3/31/2025,Other,Colombo - Ratnapura,17:30,28,380,10640,Monday,Cash
P101614,4/1/2025,Bus,Colombo - Ratnapura,7:30,67,270,18090,Tuesday,Cash
P102884,7/15/2025,Bus,Colombo - Galle,9:00,61,380,23180,Tuesday,Cash
P104296,2/12/2025,Bus,Colombo - Kandy,7:00,70,420,29400,Wednesday,Card
P105382,1/17/2025,Bus,Colombo - Galle,18:30,39,370,14430,Friday,Cash
P100963,8/14/2025,Bus,Colombo - Ratnapura,12:00,31,300,9300,Thursday,Cash
P105398,1/8/2025,Bus,Kandy - Colombo,12:00,50,470,23500,Wednesday,Card
P102511,8/28/2025,Bus,Kandy - Colombo,10:00,41,490,20090,Thursday,Cash
P105630,11/13/2025,Bus,Colombo - Galle,7:30,52,390,20280,Thursday,Card
P104564,11/16/2025,Bus,Colombo - Galle,17:30,5,410,2050,Sunday,Card
P103998,2/20/2025,Bus,Kandy - Colombo,7:30,31,460,14260,Thursday,Mobile Payment
P100360,8/7/2025,Train,Colombo - Ratnapura,18:00,108,230,24840,Thursday,Cash
P101247,6/21/2025,Bus,Colombo - Kandy,18:30,101,410,41410,Saturday,Card
P103409,9/14/2025,Bus,Colombo - Kurunegala,8:30,74,350,25900,Sunday,Cash
P105084,4/11/2025,Bus,Colombo - Kalutara,8:30,65,180,11700,Friday,Cash
P102416,5/19/2025,Other,Kandy - Colombo,10:00,13,550,7150,Monday,Cash
P105580,6/2/2025,Bus,Kandy - Colombo,12:00,20,440,8800,Monday,Cash
P105320,11/27/2025,Train,Kandy - Colombo,7:00,66,310,20460,Thursday,Mobile Payment
P102186,1/12/2025,Other,Colombo - Ratnapura,19:00,31,380,11780,Sunday,Cash
P103996,9/8/2025,Bus,Colombo - Ratnapura,18:30,21,270,5670,Monday,Card
P102568,9/3/2025,Bus,Colombo - Negombo,15:00,35,240,8400,Wednesday,Cash
P103424,2/10/2025,Bus,Colombo - Ratnapura,9:00,44,320,14080,Monday,Mobile Payment
P102038,10/8/2025,Bus,Colombo - Galle,15:00,56,410,22960,Wednesday,Cash
P105097,6/17/2025,Train,Colombo - Kurunegala,8:00,170,280,47600,Tuesday,Cash
P100773,11/10/2025,Bus,Colombo - Ratnapura,16:00,39,310,12090,Monday,Cash
P101285,5/25/2025,Bus,Colombo - Ratnapura,17:00,46,330,15180,Sunday,Mobile Payment
P105513,8/3/2025,Train,Colombo - Galle,8:30,82,270,22140,Sunday,Card
P103563,8/9/2025,Bus,Kandy - Colombo,18:30,84,470,39480,Saturday,Cash
P105680,7/7/2025,Bus,Colombo - Ratnapura,7:00,50,280,14000,Monday,Cash
P102588,8/4/2025,Train,Kandy - Colombo,15:00,75,320,24000,Monday,Card
P105482,2/12/2025,Bus,Colombo - Ratnapura,17:00,62,290,17980,Wednesday,Card
P101415,12/16/2025,Bus,Colombo - Kurunegala,7:30,35,350,12250,Tuesday,Card
P101235,9/16/2025,Train,Galle - Matara,15:00,131,140,18340,Tuesday,Card
P105201,6/26/2025,Bus,Colombo - Kandy,17:30,40,480,19200,Thursday,Card
P100436,10/17/2025,Train,Galle - Matara,13:00,94,150,14100,Friday,Cash
P101675,9/3/2025,Train,Kandy - Colombo,8:30,61,310,18910,Wednesday,Card
P103300,5/20/2025,Train,Colombo - Kurunegala,8:00,139,240,33360,Tuesday,Cash
P100366,8/14/2025,Bus,Kandy - Nuwara Eliya,12:00,64,270,17280,Thursday,Card
P104509,10/24/2025,Train,Kandy - Nuwara Eliya,16:00,112,210,23520,Friday,Cash
P100232,6/4/2025,Bus,Kurunegala - Dambulla,6:30,56,250,14000,Wednesday,Cash
P105103,1/11/2025,Train,Colombo - Galle,8:00,108,290,31320,Saturday,Card
P100148,5/28/2025,Bus,Colombo - Ratnapura,13:00,41,280,11480,Wednesday,Card
P105267,6/7/2025,Bus,Kandy - Colombo,6:30,46,420,19320,Saturday,Card
P103089,1/20/2025,Train,Kurunegala - Dambulla,20:00,93,180,16740,Monday,Mobile Payment
P104036,10/7/2025,Other,Kandy - Nuwara Eliya,6:30,14,340,4760,Tuesday,Card
P103555,4/23/2025,Bus,Kurunegala - Dambulla,13:00,71,260,18460,Wednesday,Card
P100408,6/6/2025,Bus,Colombo - Kandy,12:00,26,480,12480,Friday,Card
P105539,11/2/2025,Bus,Kandy - Colombo,8:30,41,430,17630,Sunday,Cash
P103457,1/9/2025,Bus,Kandy - Nuwara Eliya,19:00,26,280,7280,Thursday,Mobile Payment
P102091,7/21/2025,Train,Kandy - Colombo,7:00,67,340,22780,Monday,Cash
P100087,6/21/2025,Train,Kurunegala - Dambulla,13:00,77,170,13090,Saturday,Cash
P103577,4/30/2025,Bus,Colombo - Negombo,17:30,39,250,9750,Wednesday,Card
P103272,8/26/2025,Bus,Colombo - Kurunegala,17:00,42,380,15960,Tuesday,Card
P100845,10/24/2025,Bus,Colombo - Kandy,18:00,66,450,29700,Friday,Card
P101032,8/12/2025,Train,Colombo - Negombo,6:30,159,210,33390,Tuesday,Cash
P103719,9/14/2025,Bus,Galle - Matara,13:00,38,200,7600,Sunday,Mobile Payment
P104330,2/15/2025,Train,Kandy - Nuwara Eliya,18:30,131,220,28820,Saturday,Card
P103856,11/20/2025,Bus,Colombo - Kurunegala,8:00,36,350,12600,Thursday,Card
P102988,7/20/2025,Bus,Kurunegala - Dambulla,18:00,60,270,16200,Sunday,Cash
P104351,11/23/2025,Train,Kandy - Colombo,17:30,191,360,68760,Sunday,Card
P102629,6/11/2025,Bus,Kandy - Colombo,18:00,63,420,26460,Wednesday,Cash
P103754,7/9/2025,Train,Colombo - Negombo,8:00,186,170,31620,Wednesday,Cash
P105305,3/18/2025,Bus,Kandy - Nuwara Eliya,15:00,45,300,13500,Tuesday,Cash
P100856,12/29/2025,Bus,Colombo - Galle,12:00,45,420,18900,Monday,Mobile Payment
P103004,2/13/2025,Train,Galle - Matara,6:30,102,140,14280,Thursday,Cash
P100079,3/24/2025,Bus,Colombo - Galle,18:30,44,390,17160,Monday,Mobile Payment
P102993,5/27/2025,Train,Kandy - Colombo,13:00,98,320,31360,Tuesday,Mobile Payment
P102248,1/12/2025,Train,Kurunegala - Dambulla,7:30,101,190,19190,Sunday,Cash
P104057,12/1/2025,Train,Colombo - Ratnapura,7:30,76,210,15960,Monday,Mobile Payment
P105476,7/20/2025,Bus,Colombo - Galle,14:00,28,420,11760,Sunday,Card
P105516,12/28/2025,Train,Kurunegala - Dambulla,6:30,100,180,18000,Sunday,Mobile Payment
P100759,11/5/2025,Train,Colombo - Negombo,6:30,179,170,30430,Wednesday,Card
P104697,4/13/2025,Bus,Colombo - Ratnapura,10:00,34,270,9180,Sunday,Card
P103356,4/29/2025,Bus,Kandy - Colombo,19:00,61,480,29280,Tuesday,Card
P100789,10/21/2025,Bus,Colombo - Kalutara,13:00,31,180,5580,Tuesday,Card
P102280,10/26/2025,Bus,Colombo - Negombo,6:30,82,260,21320,Sunday,Card
P103675,10/17/2025,Train,Colombo - Kandy,10:00,118,330,38940,Friday,Cash
P104248,9/16/2025,Bus,Galle - Matara,8:30,39,200,7800,Tuesday,Cash
P104978,3/10/2025,Bus,Galle - Matara,18:00,50,200,10000,Monday,Card
P104774,2/27/2025,Train,Colombo - Kalutara,19:00,252,130,32760,Thursday,Cash
P104487,9/26/2025,Bus,Colombo - Galle,10:00,63,380,23940,Friday,Card
P104961,3/29/2025,Bus,Colombo - Galle,15:00,45,410,18450,Saturday,Card
P102177,7/30/2025,Bus,Colombo - Ratnapura,16:00,45,300,13500,Wednesday,Cash
P100425,1/21/2025,Bus,Kurunegala - Dambulla,10:00,23,260,5980,Tuesday,Cash
P100393,11/3/2025,Bus,Kandy - Nuwara Eliya,13:00,36,300,10800,Monday,Card
P105891,10/4/2025,Train,Colombo - Ratnapura,8:30,166,220,36520,Saturday,Cash
P105666,7/19/2025,Train,Colombo - Kalutara,18:00,187,140,26180,Saturday,Cash
P102240,3/6/2025,Bus,Colombo - Ratnapura,10:00,38,280,10640,Thursday,Mobile Payment
P100105,11/26/2025,Other,Kandy - Nuwara Eliya,9:00,16,370,5920,Wednesday,Cash
P102673,10/2/2025,Train,Kandy - Colombo,7:30,137,350,47950,Thursday,Cash
P105486,6/21/2025,Other,Colombo - Negombo,13:00,28,290,8120,Saturday,Mobile Payment
P105024,7/1/2025,Train,Galle - Matara,8:30,105,160,16800,Tuesday,Cash
P102069,11/1/2025,Bus,Colombo - Negombo,18:30,34,260,8840,Saturday,Card
P103976,11/17/2025,Other,Colombo - Ratnapura,7:30,39,380,14820,Monday,Card
P103494,9/22/2025,Train,Kandy - Nuwara Eliya,17:00,148,220,32560,Monday,Cash
P101949,11/10/2025,Bus,Kurunegala - Dambulla,13:00,49,250,12250,Monday,Cash
P101460,11/26/2025,Train,Colombo - Negombo,13:00,93,190,17670,Wednesday,Cash
P101769,10/29/2025,Bus,Colombo - Kalutara,14:00,46,190,8740,Wednesday,Mobile Payment
P103299,10/6/2025,Bus,Colombo - Kurunegala,6:30,65,370,24050,Monday,Cash
P105483,11/15/2025,Bus,Colombo - Kalutara,8:30,63,200,12600,Saturday,Cash
P103832,10/29/2025,Train,Colombo - Kalutara,7:00,144,140,20160,Wednesday,Mobile Payment
P105742,3/16/2025,Train,Colombo - Galle,17:30,97,320,31040,Sunday,Card
P101588,3/28/2025,Bus,Galle - Matara,20:00,28,220,6160,Friday,Card
P104640,2/2/2025,Train,Colombo - Galle,7:30,157,320,50240,Sunday,Mobile Payment
P101732,1/14/2025,Train,Kandy - Nuwara Eliya,16:00,136,210,28560,Tuesday,Cash
P105713,6/16/2025,Bus,Colombo - Kurunegala,7:30,40,380,15200,Monday,Cash
P104673,11/2/2025,Train,Kandy - Nuwara Eliya,6:30,103,210,21630,Sunday,Cash
P100183,8/23/2025,Other,Colombo - Galle,12:00,27,480,12960,Saturday,Mobile Payment
P101792,9/25/2025,Train,Kandy - Nuwara Eliya,12:00,91,230,20930,Thursday,Cash
P102356,3/28/2025,Bus,Colombo - Kurunegala,18:30,59,380,22420,Friday,Mobile Payment
P101941,3/18/2025,Bus,Kurunegala - Dambulla,13:00,39,240,9360,Tuesday,Cash
P100703,4/14/2025,Bus,Galle - Matara,14:00,52,200,10400,Monday,Cash
P102443,8/7/2025,Train,Colombo - Kalutara,14:00,132,130,17160,Thursday,Card
P105231,7/7/2025,Train,Galle - Matara,17:00,190,160,30400,Monday,Mobile Payment
P100497,3/6/2025,Train,Colombo - Kandy,7:30,146,320,46720,Thursday,Cash
P104664,11/7/2025,Train,Kandy - Nuwara Eliya,10:00,116,220,25520,Friday,Cash
P100465,10/14/2025,Other,Kurunegala - Dambulla,18:00,19,330,6270,Tuesday,Card
P103801,8/5/2025,Bus,Galle - Matara,13:00,49,190,9310,Tuesday,Mobile Payment
P105184,6/25/2025,Other,Colombo - Galle,17:00,42,500,21000,Wednesday,Cash
P100173,11/5/2025,Bus,Galle - Matara,17:00,34,190,6460,Wednesday,Cash
P102021,4/10/2025,Other,Kandy - Nuwara Eliya,13:00,24,340,8160,Thursday,Mobile Payment
P105751,9/20/2025,Bus,Colombo - Kalutara,21:00,44,180,7920,Saturday,Cash
P105339,10/7/2025,Other,Colombo - Kandy,8:00,35,580,20300,Tuesday,Cash
P102541,12/22/2025,Train,Colombo - Kandy,6:30,178,360,64080,Monday,Card
P105948,8/24/2025,Bus,Colombo - Kurunegala,18:00,53,350,18550,Sunday,Mobile Payment
P102010,12/4/2025,Bus,Colombo - Kalutara,20:00,56,190,10640,Thursday,Mobile Payment
P102261,8/30/2025,Train,Colombo - Galle,21:00,92,320,29440,Saturday,Cash
P103085,4/23/2025,Train,Colombo - Ratnapura,21:00,98,220,21560,Wednesday,Mobile Payment
P102113,6/1/2025,Bus,Colombo - Kurunegala,21:00,42,330,13860,Sunday,Cash
P100901,12/31/2025,Bus,Colombo - Galle,14:00,61,380,23180,Wednesday,Cash
P101447,7/2/2025,Train,Kurunegala - Dambulla,19:00,178,200,35600,Wednesday,Cash
P101912,10/10/2025,Train,Kandy - Nuwara Eliya,16:00,197,220,43340,Friday,Mobile Payment
P103543,11/10/2025,Bus,Kurunegala - Dambulla,17:00,78,240,18720,Monday,Card
P102698,9/3/2025,Bus,Colombo - Ratnapura,9:00,42,290,12180,Wednesday,Mobile Payment
P105633,11/29/2025,Bus,Kandy - Nuwara Eliya,6:30,45,320,14400,Saturday,Cash
P103663,12/27/2025,Bus,Colombo - Ratnapura,8:30,62,300,18600,Saturday,Card
P100742,12/17/2025,Bus,Colombo - Kurunegala,6:30,58,360,20880,Wednesday,Cash
P102294,11/11/2025,Bus,Colombo - Kurunegala,18:30,58,340,19720,Tuesday,Cash
P102453,12/1/2025,Train,Colombo - Kurunegala,6:30,194,290,56260,Monday,Cash
P103706,9/7/2025,Train,Colombo - Galle,12:00,79,270,21330,Sunday,Cash
P104898,2/9/2025,Bus,Kurunegala - Dambulla,9:00,51,240,12240,Sunday,Card
P101207,9/23/2025,Train,Kurunegala - Dambulla,10:00,115,190,21850,Tuesday,Mobile Payment
P100510,8/27/2025,Train,Colombo - Ratnapura,10:00,163,220,35860,Wednesday,Card
P105289,6/29/2025,Bus,Galle - Matara,14:00,50,210,10500,Sunday,Mobile Payment
P103704,10/19/2025,Train,Kandy - Colombo,14:00,58,340,19720,Sunday,Mobile Payment
P103969,12/24/2025,Train,Colombo - Kurunegala,10:00,104,240,24960,Wednesday,Card
P105432,11/29/2025,Bus,Galle - Matara,17:00,92,220,20240,Saturday,Mobile Payment
P101550,7/7/2025,Train,Colombo - Kandy,7:00,144,360,51840,Monday,Cash
P103030,2/13/2025,Train,Kurunegala - Dambulla,17:00,268,200,53600,Thursday,Cash
P104523,11/3/2025,Train,Kandy - Colombo,16:00,62,350,21700,Monday,Card
P102203,8/10/2025,Bus,Colombo - Galle,9:00,37,380,14060,Sunday,Cash
P102567,2/5/2025,Bus,Colombo - Negombo,10:00,43,240,10320,Wednesday,Cash
P103790,11/21/2025,Other,Kandy - Nuwara Eliya,14:00,32,370,11840,Friday,Cash
P102045,8/20/2025,Train,Colombo - Kalutara,8:00,149,130,19370,Wednesday,Cash
P100768,4/1/2025,Train,Galle - Matara,16:00,104,140,14560,Tuesday,Card
P105881,6/2/2025,Bus,Kurunegala - Dambulla,10:00,43,250,10750,Monday,Card
P103700,1/12/2025,Bus,Kandy - Nuwara Eliya,12:00,31,300,9300,Sunday,Mobile Payment
P101509,9/17/2025,Train,Colombo - Kalutara,6:30,84,130,10920,Wednesday,Card
P103135,8/24/2025,Bus,Kandy - Colombo,21:00,33,470,15510,Sunday,Cash
P105834,4/3/2025,Bus,Kurunegala - Dambulla,17:00,68,250,17000,Thursday,Cash
P100422,5/29/2025,Train,Kurunegala - Dambulla,17:00,105,210,22050,Thursday,Cash
P100124,12/23/2025,Bus,Colombo - Kandy,8:00,48,460,22080,Tuesday,Mobile Payment
P105425,5/20/2025,Bus,Galle - Matara,20:00,48,200,9600,Tuesday,Cash
P103716,8/26/2025,Bus,Kandy - Nuwara Eliya,6:30,45,290,13050,Tuesday,Cash
P103293,8/19/2025,Bus,Colombo - Negombo,12:00,40,270,10800,Tuesday,Cash
P100820,11/5/2025,Bus,Kurunegala - Dambulla,10:00,38,240,9120,Wednesday,Cash
P101404,3/12/2025,Train,Kurunegala - Dambulla,7:30,170,200,34000,Wednesday,Cash
P101383,11/14/2025,Other,Kurunegala - Dambulla,17:30,53,290,15370,Friday,Card
P102149,11/16/2025,Bus,Galle - Matara,11:00,44,200,8800,Sunday,Cash
P105045,11/4/2025,Train,Galle - Matara,8:30,159,140,22260,Tuesday,Mobile Payment
P101576,2/27/2025,Bus,Kandy - Colombo,13:00,44,410,18040,Thursday,Card
P101639,12/13/2025,Other,Kurunegala - Dambulla,12:00,35,320,11200,Saturday,Mobile Payment
P101796,8/30/2025,Bus,Kandy - Nuwara Eliya,12:00,48,320,15360,Saturday,Mobile Payment
P103332,8/11/2025,Train,Colombo - Kurunegala,13:00,129,280,36120,Monday,Card
P105771,5/25/2025,Train,Kurunegala - Dambulla,15:00,90,200,18000,Sunday,Cash
P105337,3/11/2025,Bus,Colombo - Kalutara,16:00,55,170,9350,Tuesday,Cash
P100400,3/9/2025,Train,Colombo - Kurunegala,10:00,121,260,31460,Sunday,Cash
P103152,10/3/2025,Bus,Kandy - Nuwara Eliya,9:00,46,300,13800,Friday,Mobile Payment
P102311,8/20/2025,Bus,Colombo - Galle,8:00,39,420,16380,Wednesday,Mobile Payment
P100883,8/25/2025,Bus,Colombo - Kalutara,15:00,48,170,8160,Monday,Cash
P103566,8/1/2025,Train,Kandy - Colombo,17:00,196,330,64680,Friday,Card
P105965,3/13/2025,Bus,Colombo - Kandy,10:00,52,490,25480,Thursday,Cash
P101180,12/3/2025,Bus,Galle - Matara,15:00,45,180,8100,Wednesday,Mobile Payment
P101353,12/31/2025,Bus,Colombo - Ratnapura,9:00,48,270,12960,Wednesday,Cash
P103883,3/21/2025,Other,Kandy - Colombo,6:30,29,510,14790,Friday,Cash
P105456,4/17/2025,Bus,Colombo - Galle,10:00,40,370,14800,Thursday,Card
P102131,5/6/2025,Bus,Galle - Matara,7:30,57,220,12540,Tuesday,Cash
P100983,3/19/2025,Bus,Galle - Matara,21:00,30,200,6000,Wednesday,Mobile Payment
P100457,5/8/2025,Bus,Colombo - Galle,12:00,46,400,18400,Thursday,Card
P101487,5/8/2025,Bus,Kurunegala - Dambulla,15:00,57,250,14250,Thursday,Card
P101080,9/17/2025,Other,Colombo - Kurunegala,10:00,16,400,6400,Wednesday,Card
P101951,2/18/2025,Bus,Kandy - Nuwara Eliya,10:00,31,300,9300,Tuesday,Cash
P105159,11/29/2025,Bus,Colombo - Kalutara,10:00,37,170,6290,Saturday,Mobile Payment
P100690,3/30/2025,Bus,Colombo - Galle,12:00,29,420,12180,Sunday,Cash
P102430,4/10/2025,Train,Colombo - Kalutara,11:00,114,130,14820,Thursday,Card
P100642,2/14/2025,Bus,Colombo - Galle,17:30,40,410,16400,Friday,Mobile Payment
P102393,8/14/2025,Bus,Colombo - Negombo,21:00,38,230,8740,Thursday,Cash
P102826,8/3/2025,Train,Colombo - Kalutara,8:00,84,130,10920,Sunday,Cash
P101954,5/9/2025,Train,Colombo - Kalutara,20:00,38,120,4560,Friday,Card
P103539,8/20/2025,Train,Galle - Matara,14:00,147,140,20580,Wednesday,Cash
P103890,8/16/2025,Bus,Galle - Matara,20:00,49,200,9800,Saturday,Card
P103059,6/30/2025,Bus,Galle - Matara,20:00,28,210,5880,Monday,Cash
P103916,12/29/2025,Bus,Colombo - Kandy,8:00,53,430,22790,Monday,Cash
P104801,4/29/2025,Bus,Kandy - Colombo,13:00,40,430,17200,Tuesday,Card
P102711,1/31/2025,Train,Colombo - Kalutara,17:30,163,120,19560,Friday,Mobile Payment
P101084,9/16/2025,Train,Colombo - Ratnapura,20:00,72,240,17280,Tuesday,Cash
P104449,4/22/2025,Bus,Colombo - Galle,6:30,44,420,18480,Tuesday,Mobile Payment
P105715,1/28/2025,Train,Colombo - Ratnapura,8:00,101,220,22220,Tuesday,Cash
P104119,2/19/2025,Bus,Kandy - Nuwara Eliya,14:00,46,280,12880,Wednesday,Card
P101885,10/28/2025,Bus,Colombo - Galle,9:00,35,360,12600,Tuesday,Cash
P104511,3/30/2025,Bus,Kurunegala - Dambulla,16:00,51,250,12750,Sunday,Mobile Payment
P100390,10/29/2025,Train,Colombo - Ratnapura,10:00,134,240,32160,Wednesday,Cash
P102495,7/4/2025,Bus,Colombo - Negombo,17:00,46,240,11040,Friday,Cash
P101852,4/30/2025,Train,Colombo - Galle,9:00,40,320,12800,Wednesday,Card
P103037,5/4/2025,Bus,Kandy - Colombo,18:30,45,480,21600,Sunday,Mobile Payment
P105796,7/28/2025,Train,Kandy - Colombo,18:00,172,330,56760,Monday,Cash
P103604,5/2/2025,Bus,Galle - Matara,16:00,31,200,6200,Friday,Mobile Payment
P100846,1/10/2025,Bus,Colombo - Kandy,21:00,50,490,24500,Friday,Cash
P100543,1/31/2025,Bus,Galle - Matara,7:30,101,180,18180,Friday,Cash
P103725,9/2/2025,Bus,Colombo - Kandy,6:30,61,470,28670,Tuesday,Cash
P100092,8/13/2025,Train,Colombo - Negombo,19:00,131,190,24890,Wednesday,Cash
P103680,12/24/2025,Bus,Colombo - Kandy,7:00,79,420,33180,Wednesday,Cash
P105642,11/30/2025,Train,Kandy - Nuwara Eliya,18:00,107,220,23540,Sunday,Cash
P103905,10/4/2025,Train,Kandy - Colombo,7:30,41,370,15170,Saturday,Cash
P101980,4/3/2025,Train,Colombo - Kandy,12:00,92,340,31280,Thursday,Cash
P103245,6/22/2025,Train,Colombo - Kandy,21:00,88,320,28160,Sunday,Card
P103979,10/24/2025,Bus,Colombo - Kurunegala,11:00,56,360,20160,Friday,Card
P103151,4/20/2025,Train,Colombo - Negombo,11:00,136,200,27200,Sunday,Cash
P104901,9/17/2025,Bus,Kandy - Colombo,16:00,41,410,16810,Wednesday,Cash
P104105,12/12/2025,Bus,Colombo - Galle,19:00,66,390,25740,Friday,Card
P104623,4/11/2025,Bus,Galle - Matara,16:00,35,210,7350,Friday,Card
P102965,1/21/2025,Train,Kurunegala - Dambulla,18:30,115,180,20700,Tuesday,Cash
P103464,11/2/2025,Train,Colombo - Kandy,16:00,84,330,27720,Sunday,Mobile Payment
P102530,3/23/2025,Other,Kandy - Colombo,15:00,31,540,16740,Sunday,Cash
P104109,4/25/2025,Train,Galle - Matara,14:00,140,140,19600,Friday,Cash
P101677,3/2/2025,Bus,Colombo - Negombo,8:00,56,240,13440,Sunday,Cash
P101049,5/13/2025,Train,Colombo - Kandy,16:00,88,320,28160,Tuesday,Mobile Payment
P102950,3/29/2025,Other,Colombo - Galle,15:00,13,500,6500,Saturday,Cash
P101961,5/13/2025,Bus,Colombo - Kurunegala,16:00,36,330,11880,Tuesday,Card
P102531,2/26/2025,Train,Colombo - Ratnapura,21:00,119,240,28560,Wednesday,Cash
P104413,8/9/2025,Train,Colombo - Galle,8:00,134,300,40200,Saturday,Mobile Payment
P104904,6/25/2025,Bus,Colombo - Ratnapura,7:30,44,270,11880,Wednesday,Card
P103940,12/8/2025,Bus,Kandy - Colombo,20:00,41,430,17630,Monday,Cash
P100238,12/13/2025,Bus,Kurunegala - Dambulla,8:00,55,270,14850,Saturday,Cash
P104150,3/4/2025,Train,Colombo - Kurunegala,13:00,146,260,37960,Tuesday,Mobile Payment
P104858,6/28/2025,Other,Colombo - Galle,18:30,37,520,19240,Saturday,Mobile Payment
P101134,12/26/2025,Bus,Kurunegala - Dambulla,10:00,49,240,11760,Friday,Mobile Payment
P102881,2/18/2025,Bus,Colombo - Kurunegala,13:00,29,340,9860,Tuesday,Cash
P101806,9/15/2025,Train,Colombo - Kalutara,21:00,155,140,21700,Monday,Card
P104959,2/10/2025,Bus,Colombo - Kalutara,20:00,43,180,7740,Monday,Cash
P100164,1/7/2025,Bus,Kandy - Nuwara Eliya,17:30,33,300,9900,Tuesday,Cash
P104528,8/8/2025,Other,Colombo - Kurunegala,7:00,63,450,28350,Friday,Cash
P105705,4/26/2025,Other,Kandy - Nuwara Eliya,19:00,39,390,15210,Saturday,Cash
P105648,4/13/2025,Train,Colombo - Kalutara,17:30,57,130,7410,Sunday,Cash
P104429,3/31/2025,Bus,Galle - Matara,18:30,49,220,10780,Monday,Mobile Payment
P104499,11/3/2025,Bus,Colombo - Kurunegala,15:00,32,330,10560,Monday,Cash
P104327,8/3/2025,Bus,Colombo - Galle,17:30,23,360,8280,Sunday,Cash
P100266,5/26/2025,Train,Colombo - Negombo,15:00,100,210,21000,Monday,Card
P102002,2/19/2025,Bus,Colombo - Galle,14:00,42,420,17640,Wednesday,Card
P101812,10/29/2025,Train,Colombo - Kandy,21:00,123,360,44280,Wednesday,Mobile Payment
P103278,7/20/2025,Bus,Colombo - Ratnapura,11:00,60,290,17400,Sunday,Card
P105610,5/18/2025,Bus,Kandy - Nuwara Eliya,7:00,69,310,21390,Sunday,Cash
P102979,3/31/2025,Train,Galle - Matara,8:00,144,150,21600,Monday,Cash
P104261,10/18/2025,Bus,Kurunegala - Dambulla,13:00,50,230,11500,Saturday,Cash
P102907,12/13/2025,Other,Colombo - Negombo,18:30,23,310,7130,Saturday,Card
P104291,5/6/2025,Bus,Colombo - Kalutara,18:00,47,170,7990,Tuesday,Mobile Payment
P105498,3/24/2025,Train,Galle - Matara,12:00,156,150,23400,Monday,Card
P101429,9/12/2025,Train,Colombo - Kandy,14:00,139,330,45870,Friday,Cash
P100399,3/4/2025,Train,Kurunegala - Dambulla,9:00,84,180,15120,Tuesday,Card
P103965,10/23/2025,Bus,Colombo - Kurunegala,17:30,47,350,16450,Thursday,Card
P105006,4/26/2025,Bus,Kandy - Colombo,11:00,43,460,19780,Saturday,Cash
P100948,12/31/2025,Other,Colombo - Ratnapura,11:00,33,360,11880,Wednesday,Cash
P103079,8/12/2025,Bus,Kurunegala - Dambulla,10:00,55,270,14850,Tuesday,Card
P103139,10/2/2025,Bus,Kandy - Nuwara Eliya,17:30,83,310,25730,Thursday,Card
P105348,9/23/2025,Bus,Colombo - Ratnapura,10:00,43,290,12470,Tuesday,Cash
P104924,11/22/2025,Train,Kandy - Nuwara Eliya,9:00,98,240,23520,Saturday,Card
P105574,7/10/2025,Train,Colombo - Kurunegala,19:00,112,270,30240,Thursday,Card
P105149,12/27/2025,Train,Kurunegala - Dambulla,11:00,126,170,21420,Saturday,Cash
P103230,11/30/2025,Bus,Kandy - Colombo,6:30,49,420,20580,Sunday,Cash
P103995,4/3/2025,Bus,Galle - Matara,18:30,30,210,6300,Thursday,Card
P101453,8/26/2025,Train,Kandy - Nuwara Eliya,8:00,147,220,32340,Tuesday,Mobile Payment
P100594,3/3/2025,Bus,Colombo - Galle,8:30,64,380,24320,Monday,Card
P102726,3/1/2025,Bus,Kandy - Colombo,13:00,49,460,22540,Saturday,Cash
P100042,10/30/2025,Bus,Kandy - Nuwara Eliya,7:30,46,280,12880,Thursday,Card
P100561,9/16/2025,Train,Colombo - Kalutara,21:00,117,140,16380,Tuesday,Card
P104832,3/31/2025,Train,Kandy - Colombo,17:00,212,300,63600,Monday,Card
P105151,3/31/2025,Bus,Kandy - Nuwara Eliya,8:00,5,320,1600,Monday,Cash
P100490,3/27/2025,Train,Kandy - Colombo,19:00,112,360,40320,Thursday,Cash
P100244,9/20/2025,Bus,Kurunegala - Dambulla,8:00,58,230,13340,Saturday,Cash
P103173,9/17/2025,Bus,Colombo - Ratnapura,15:00,54,300,16200,Wednesday,Cash
P101340,10/28/2025,Bus,Colombo - Kandy,13:00,28,460,12880,Tuesday,Cash
P103937,6/5/2025,Bus,Colombo - Ratnapura,20:00,37,290,10730,Thursday,Card
P105990,3/19/2025,Train,Kandy - Nuwara Eliya,21:00,43,200,8600,Wednesday,Cash
P100406,1/6/2025,Train,Kandy - Colombo,18:30,186,360,66960,Monday,Cash
P101443,6/15/2025,Train,Colombo - Kalutara,12:00,143,140,20020,Sunday,Cash
P100262,4/17/2025,Other,Kandy - Colombo,12:00,28,500,14000,Thursday,Mobile Payment
P103913,9/14/2025,Bus,Colombo - Galle,18:00,41,440,18040,Sunday,Card
P103538,2/20/2025,Bus,Colombo - Kandy,17:30,64,490,31360,Thursday,Cash
P105469,1/7/2025,Train,Kurunegala - Dambulla,10:00,83,180,14940,Tuesday,Card
P101690,12/26/2025,Train,Colombo - Kandy,16:00,47,320,15040,Friday,Card
P103479,9/29/2025,Bus,Colombo - Galle,19:00,79,420,33180,Monday,Cash
P101726,1/16/2025,Bus,Colombo - Ratnapura,8:30,55,330,18150,Thursday,Cash
P101204,10/12/2025,Bus,Colombo - Negombo,9:00,38,230,8740,Sunday,Card
P100835,1/18/2025,Bus,Colombo - Galle,12:00,28,370,10360,Saturday,Cash
P101867,12/29/2025,Bus,Galle - Matara,18:00,87,210,18270,Monday,Card
P102497,1/8/2025,Train,Colombo - Galle,13:00,68,310,21080,Wednesday,Card
P103017,3/5/2025,Train,Kandy - Colombo,13:00,120,370,44400,Wednesday,Cash
P104512,2/11/2025,Bus,Colombo - Kurunegala,11:00,50,340,17000,Tuesday,Cash
P102011,7/9/2025,Bus,Kandy - Nuwara Eliya,6:30,36,290,10440,Wednesday,Card
P103932,11/7/2025,Bus,Kandy - Colombo,21:00,41,460,18860,Friday,Mobile Payment
P100341,6/13/2025,Bus,Colombo - Galle,14:00,56,420,23520,Friday,Cash
P104173,12/18/2025,Bus,Colombo - Kalutara,20:00,25,170,4250,Thursday,Cash
P101602,9/26/2025,Bus,Galle - Matara,16:00,38,200,7600,Friday,Card
P102797,9/14/2025,Bus,Kurunegala - Dambulla,8:00,62,270,16740,Sunday,Cash
P105368,7/7/2025,Bus,Colombo - Kandy,9:00,34,480,16320,Monday,Cash
P105760,9/8/2025,Bus,Kandy - Nuwara Eliya,13:00,32,300,9600,Monday,Cash
P100481,6/25/2025,Train,Kandy - Nuwara Eliya,18:30,82,240,19680,Wednesday,Cash
P103726,9/8/2025,Other,Galle - Matara,18:00,35,220,7700,Monday,Cash
P105906,7/16/2025,Train,Galle - Matara,17:30,131,140,18340,Wednesday,Cash
P102786,11/21/2025,Bus,Colombo - Ratnapura,8:00,58,280,16240,Friday,Cash
P101524,12/19/2025,Bus,Colombo - Ratnapura,7:30,41,320,13120,Friday,Card
P103622,7/14/2025,Bus,Colombo - Negombo,8:00,57,250,14250,Monday,Card
P104468,1/25/2025,Bus,Kandy - Nuwara Eliya,21:00,37,310,11470,Saturday,Cash
P105321,7/24/2025,Bus,Colombo - Negombo,17:30,34,270,9180,Thursday,Cash
P105561,5/5/2025,Bus,Kurunegala - Dambulla,8:30,41,270,11070,Monday,Cash
P105645,7/13/2025,Train,Colombo - Kurunegala,11:00,104,270,28080,Sunday,Cash
P100800,9/25/2025,Other,Colombo - Kalutara,9:00,17,200,3400,Thursday,Mobile Payment
P101767,7/9/2025,Train,Kandy - Colombo,16:00,113,320,36160,Wednesday,Cash
P105364,3/12/2025,Train,Colombo - Kandy,16:00,82,310,25420,Wednesday,Cash
P103026,8/8/2025,Bus,Kandy - Nuwara Eliya,18:30,80,300,24000,Friday,Cash
P102454,7/31/2025,Bus,Kandy - Colombo,20:00,46,410,18860,Thursday,Cash
P104074,4/6/2025,Train,Colombo - Kurunegala,12:00,135,260,35100,Sunday,Cash
P104740,1/23/2025,Train,Galle - Matara,20:00,119,160,19040,Thursday,Cash
P104856,4/24/2025,Bus,Galle - Matara,16:00,8,210,1680,Thursday,Card
P103705,11/17/2025,Other,Kandy - Nuwara Eliya,17:30,33,380,12540,Monday,Cash
P105611,12/28/2025,Bus,Kurunegala - Dambulla,14:00,31,230,7130,Sunday,Cash
P100364,3/24/2025,Bus,Colombo - Galle,6:30,50,440,22000,Monday,Cash
P101272,5/30/2025,Train,Galle - Matara,8:30,115,160,18400,Friday,Card
P102004,6/24/2025,Bus,Colombo - Kandy,12:00,36,450,16200,Tuesday,Cash
P105395,9/24/2025,Train,Colombo - Kandy,20:00,86,320,27520,Wednesday,Mobile Payment
P104246,6/27/2025,Other,Kandy - Nuwara Eliya,6:30,11,390,4290,Friday,Cash
P105624,2/25/2025,Train,Kandy - Colombo,12:00,66,350,23100,Tuesday,Card
P104958,1/1/2025,Train,Colombo - Kalutara,17:00,98,150,14700,Wednesday,Cash
P100348,12/14/2025,Bus,Kurunegala - Dambulla,8:00,59,270,15930,Sunday,Cash
P103351,10/14/2025,Bus,Kurunegala - Dambulla,15:00,27,260,7020,Tuesday,Cash
P105896,11/7/2025,Bus,Colombo - Kurunegala,18:00,47,340,15980,Friday,Card
P103614,11/25/2025,Train,Colombo - Ratnapura,19:00,113,210,23730,Tuesday,Cash
P105719,11/20/2025,Bus,Colombo - Negombo,9:00,26,240,6240,Thursday,Mobile Payment
P102563,5/28/2025,Bus,Galle - Matara,8:30,71,210,14910,Wednesday,Card
P103028,2/16/2025,Train,Colombo - Ratnapura,15:00,125,240,30000,Sunday,Card
P104181,4/10/2025,Bus,Kurunegala - Dambulla,7:00,77,230,17710,Thursday,Card
P105499,1/31/2025,Train,Colombo - Kurunegala,16:00,109,280,30520,Friday,Mobile Payment
P101424,10/12/2025,Bus,Galle - Matara,13:00,48,190,9120,Sunday,Mobile Payment
P100657,10/15/2025,Bus,Kurunegala - Dambulla,7:30,38,260,9880,Wednesday,Cash
P103084,5/11/2025,Train,Kandy - Nuwara Eliya,14:00,150,200,30000,Sunday,Card
P105525,11/12/2025,Bus,Kurunegala - Dambulla,7:00,67,250,16750,Wednesday,Cash
P102103,8/22/2025,Bus,Colombo - Kurunegala,9:00,63,360,22680,Friday,Card
P100633,1/30/2025,Bus,Kandy - Nuwara Eliya,17:00,79,290,22910,Thursday,Mobile Payment
P104861,11/7/2025,Train,Kurunegala - Dambulla,16:00,144,200,28800,Friday,Cash
P102494,5/22/2025,Bus,Kurunegala - Dambulla,14:00,36,250,9000,Thursday,Cash
P102666,8/16/2025,Bus,Colombo - Negombo,14:00,35,240,8400,Saturday,Mobile Payment
P104339,3/20/2025,Bus,Colombo - Kandy,10:00,27,480,12960,Thursday,Cash
P105669,10/16/2025,Bus,Colombo - Kalutara,10:00,41,170,6970,Thursday,Cash
P104404,12/28/2025,Bus,Colombo - Kandy,19:00,65,470,30550,Sunday,Cash
P105541,8/12/2025,Bus,Galle - Matara,10:00,38,220,8360,Tuesday,Card
P102335,1/20/2025,Bus,Colombo - Galle,11:00,28,410,11480,Monday,Cash
P103549,1/10/2025,Bus,Colombo - Kalutara,7:30,54,200,10800,Friday,Card
P104594,4/12/2025,Bus,Galle - Matara,16:00,52,190,9880,Saturday,Card
P102501,6/6/2025,Train,Colombo - Negombo,18:00,71,170,12070,Friday,Cash
P103620,6/21/2025,Bus,Colombo - Ratnapura,14:00,52,270,14040,Saturday,Mobile Payment
P101466,7/16/2025,Bus,Colombo - Ratnapura,13:00,37,310,11470,Wednesday,Mobile Payment
P103941,4/27/2025,Train,Colombo - Kandy,18:00,136,340,46240,Sunday,Mobile Payment
P104014,7/3/2025,Bus,Kandy - Nuwara Eliya,16:00,33,300,9900,Thursday,Card
P105406,7/27/2025,Train,Colombo - Ratnapura,10:00,124,220,27280,Sunday,Mobile Payment
P100116,9/17/2025,Train,Kandy - Nuwara Eliya,10:00,106,240,25440,Wednesday,Cash
P101822,7/21/2025,Bus,Colombo - Kalutara,17:30,30,170,5100,Monday,Cash
P101495,9/27/2025,Train,Galle - Matara,11:00,104,150,15600,Saturday,Card
P102402,4/21/2025,Bus,Kurunegala - Dambulla,14:00,49,270,13230,Monday,Card
P103875,4/8/2025,Bus,Kandy - Colombo,19:00,59,410,24190,Tuesday,Cash
P101233,7/6/2025,Bus,Galle - Matara,9:00,47,200,9400,Sunday,Cash
P102662,9/9/2025,Train,Kandy - Nuwara Eliya,17:00,198,210,41580,Tuesday,Cash
P102818,11/10/2025,Bus,Colombo - Kalutara,14:00,48,180,8640,Monday,Cash
P105701,10/20/2025,Bus,Colombo - Negombo,8:30,64,270,17280,Monday,Card
P105479,10/20/2025,Train,Galle - Matara,11:00,146,150,21900,Monday,Cash
P101154,8/4/2025,Train,Kandy - Nuwara Eliya,6:30,127,240,30480,Monday,Card
P103910,5/14/2025,Bus,Colombo - Galle,16:00,44,420,18480,Wednesday,Cash
P104761,7/15/2025,Bus,Colombo - Kurunegala,18:30,50,320,16000,Tuesday,Cash
P105327,5/15/2025,Bus,Galle - Matara,8:30,63,210,13230,Thursday,Card
P100058,10/2/2025,Bus,Colombo - Kalutara,7:30,64,170,10880,Thursday,Cash
P105583,6/29/2025,Train,Kandy - Colombo,13:00,137,320,43840,Sunday,Cash
P103884,2/20/2025,Bus,Kandy - Colombo,17:30,36,430,15480,Thursday,Cash
P103062,4/6/2025,Bus,Kandy - Nuwara Eliya,8:00,85,310,26350,Sunday,Cash
P105180,10/13/2025,Other,Kandy - Colombo,8:30,35,540,18900,Monday,Cash
P105935,5/2/2025,Bus,Colombo - Ratnapura,11:00,37,300,11100,Friday,Card
P101736,7/14/2025,Train,Kandy - Colombo,8:30,132,330,43560,Monday,Cash
P105402,12/26/2025,Other,Colombo - Kandy,17:30,32,510,16320,Friday,Card
P102824,7/5/2025,Bus,Colombo - Kurunegala,20:00,34,350,11900,Saturday,Cash
P102197,6/29/2025,Bus,Colombo - Negombo,13:00,49,230,11270,Sunday,Card
P100160,11/11/2025,Train,Colombo - Negombo,20:00,113,200,22600,Tuesday,Mobile Payment
P104101,11/30/2025,Train,Colombo - Galle,7:00,92,280,25760,Sunday,Cash
P102476,1/26/2025,Train,Colombo - Ratnapura,17:30,86,240,20640,Sunday,Mobile Payment
P102565,8/15/2025,Bus,Colombo - Kalutara,13:00,43,170,7310,Friday,Cash
P104295,2/22/2025,Bus,Colombo - Kurunegala,13:00,67,340,22780,Saturday,Mobile Payment
P105050,5/24/2025,Bus,Colombo - Kalutara,17:30,69,170,11730,Saturday,Mobile Payment
P104140,10/14/2025,Train,Kandy - Colombo,18:00,151,320,48320,Tuesday,Mobile Payment
P102609,6/12/2025,Train,Galle - Matara,21:00,164,150,24600,Thursday,Mobile Payment
P105856,11/23/2025,Train,Colombo - Galle,7:30,135,290,39150,Sunday,Mobile Payment
P100708,11/4/2025,Train,Colombo - Negombo,16:00,114,180,20520,Tuesday,Card
P103047,8/29/2025,Bus,Colombo - Ratnapura,7:30,58,330,19140,Friday,Card
P105555,8/29/2025,Train,Kurunegala - Dambulla,14:00,136,180,24480,Friday,Mobile Payment
P101094,2/8/2025,Bus,Colombo - Ratnapura,15:00,25,290,7250,Saturday,Cash
P104575,3/18/2025,Train,Colombo - Kurunegala,8:00,106,280,29680,Tuesday,Card
P101377,9/11/2025,Bus,Colombo - Kalutara,8:30,49,190,9310,Thursday,Cash
P105898,3/5/2025,Bus,Kandy - Nuwara Eliya,19:00,75,310,23250,Wednesday,Card
P100073,7/27/2025,Bus,Kurunegala - Dambulla,8:30,79,270,21330,Sunday,Card
P101923,9/27/2025,Train,Colombo - Kurunegala,20:00,83,250,20750,Saturday,Cash
P104439,6/22/2025,Other,Colombo - Kalutara,14:00,37,230,8510,Sunday,Cash
P104306,7/5/2025,Bus,Colombo - Kalutara,7:30,65,170,11050,Saturday,Card
P101765,11/19/2025,Bus,Colombo - Kurunegala,9:00,48,340,16320,Wednesday,Card
P100744,9/29/2025,Bus,Colombo - Kandy,8:00,60,430,25800,Monday,Mobile Payment
P104075,6/14/2025,Train,Colombo - Negombo,20:00,121,170,20570,Saturday,Card
P101006,9/1/2025,Train,Colombo - Negombo,7:00,183,170,31110,Monday,Cash
P102669,7/31/2025,Train,Kandy - Colombo,12:00,162,370,59940,Thursday,Cash
P101191,4/13/2025,Bus,Colombo - Negombo,7:00,59,240,14160,Sunday,Cash
P104317,12/14/2025,Train,Kandy - Nuwara Eliya,6:30,195,230,44850,Sunday,Card
P102602,6/9/2025,Bus,Colombo - Kalutara,18:30,38,180,6840,Monday,Card
P101126,10/25/2025,Train,Colombo - Ratnapura,21:00,81,220,17820,Saturday,Cash
P101242,12/16/2025,Train,Kandy - Colombo,9:00,138,310,42780,Tuesday,Cash
P104038,8/28/2025,Train,Kandy - Colombo,17:30,167,310,51770,Thursday,Card
P105373,5/7/2025,Bus,Kandy - Colombo,7:00,35,490,17150,Wednesday,Cash
P104945,5/30/2025,Train,Colombo - Ratnapura,9:00,164,250,41000,Friday,Cash
P105652,11/15/2025,Train,Colombo - Kandy,14:00,95,330,31350,Saturday,Cash
P103352,4/2/2025,Bus,Colombo - Negombo,7:00,27,240,6480,Wednesday,Cash
P100999,10/6/2025,Other,Colombo - Ratnapura,17:30,24,390,9360,Monday,Card
P104462,6/8/2025,Bus,Kurunegala - Dambulla,17:30,38,230,8740,Sunday,Card
P103825,3/19/2025,Bus,Kandy - Colombo,18:30,73,430,31390,Wednesday,Cash
P104032,5/15/2025,Bus,Kandy - Colombo,6:30,39,490,19110,Thursday,Cash
P102685,8/20/2025,Bus,Kurunegala - Dambulla,14:00,57,230,13110,Wednesday,Mobile Payment
P105195,12/2/2025,Bus,Colombo - Kurunegala,21:00,34,320,10880,Tuesday,Cash
P101578,4/18/2025,Train,Colombo - Galle,8:30,203,320,64960,Friday,Cash
P103907,8/19/2025,Bus,Colombo - Ratnapura,7:30,52,320,16640,Tuesday,Cash
P103730,6/24/2025,Train,Colombo - Kalutara,7:30,97,130,12610,Tuesday,Mobile Payment
P103669,10/6/2025,Bus,Kandy - Nuwara Eliya,18:00,70,300,21000,Monday,Cash
P105743,12/17/2025,Train,Colombo - Ratnapura,21:00,59,210,12390,Wednesday,Cash
P101827,10/4/2025,Bus,Colombo - Ratnapura,21:00,44,290,12760,Saturday,Cash
P101344,7/20/2025,Train,Colombo - Kalutara,6:30,164,150,24600,Sunday,Mobile Payment
P105984,1/16/2025,Bus,Kandy - Nuwara Eliya,7:00,44,320,14080,Thursday,Cash
P105147,2/20/2025,Train,Galle - Matara,17:30,160,150,24000,Thursday,Cash
P104952,3/5/2025,Bus,Kurunegala - Dambulla,8:30,58,260,15080,Wednesday,Cash
P100441,1/6/2025,Bus,Colombo - Kalutara,15:00,57,180,10260,Monday,Cash
P105941,5/25/2025,Bus,Kandy - Nuwara Eliya,6:30,79,320,25280,Sunday,Cash
P101101,6/5/2025,Bus,Colombo - Kurunegala,9:00,46,360,16560,Thursday,Cash
P102638,7/17/2025,Train,Colombo - Kurunegala,18:00,153,250,38250,Thursday,Cash
P104218,9/14/2025,Bus,Colombo - Kandy,10:00,58,490,28420,Sunday,Cash
P100650,11/3/2025,Bus,Colombo - Kurunegala,17:30,56,320,17920,Monday,Mobile Payment
P101547,5/17/2025,Train,Galle - Matara,7:00,126,140,17640,Saturday,Card
P103232,5/5/2025,Train,Kandy - Colombo,8:30,169,370,62530,Monday,Cash
P104491,3/19/2025,Bus,Colombo - Kurunegala,17:00,57,380,21660,Wednesday,Cash
P104557,3/9/2025,Train,Colombo - Kandy,8:00,96,340,32640,Sunday,Cash
P104574,3/28/2025,Train,Kandy - Colombo,18:00,96,320,30720,Friday,Mobile Payment
P104146,8/13/2025,Train,Kandy - Colombo,17:00,88,330,29040,Wednesday,Card
P102853,5/25/2025,Bus,Kandy - Colombo,6:30,53,470,24910,Sunday,Cash
P103504,4/9/2025,Bus,Colombo - Kalutara,16:00,40,180,7200,Wednesday,Card
P105385,9/27/2025,Train,Colombo - Galle,9:00,186,290,53940,Saturday,Mobile Payment
P104691,3/9/2025,Bus,Colombo - Negombo,8:30,68,230,15640,Sunday,Mobile Payment
P100631,3/19/2025,Train,Colombo - Kurunegala,20:00,109,280,30520,Wednesday,Cash
P100673,7/24/2025,Bus,Kandy - Nuwara Eliya,8:30,44,280,12320,Thursday,Cash
P101250,7/9/2025,Train,Colombo - Kurunegala,10:00,139,240,33360,Wednesday,Cash
P104088,7/1/2025,Train,Colombo - Negombo,18:00,169,170,28730,Tuesday,Cash
P100483,9/28/2025,Bus,Colombo - Galle,11:00,54,370,19980,Sunday,Cash
P101585,10/17/2025,Other,Colombo - Kandy,11:00,29,540,15660,Friday,Card
P104234,12/11/2025,Other,Kandy - Nuwara Eliya,11:00,27,360,9720,Thursday,Cash
P105544,3/17/2025,Train,Colombo - Ratnapura,8:00,144,210,30240,Monday,Card
P104205,9/26/2025,Bus,Kandy - Colombo,17:30,69,430,29670,Friday,Mobile Payment
P101463,6/3/2025,Bus,Colombo - Negombo,21:00,54,230,12420,Tuesday,Cash
P103041,8/16/2025,Bus,Colombo - Galle,9:00,49,420,20580,Saturday,Cash
P104471,6/18/2025,Other,Colombo - Ratnapura,18:00,50,380,19000,Wednesday,Card
P104811,11/5/2025,Bus,Colombo - Kandy,14:00,41,440,18040,Wednesday,Mobile Payment
P104611,11/14/2025,Bus,Kandy - Nuwara Eliya,19:00,50,280,14000,Friday,Cash
P105973,1/1/2025,Train,Kandy - Nuwara Eliya,17:00,180,240,43200,Wednesday,Card
P103274,3/6/2025,Bus,Kandy - Colombo,13:00,64,420,26880,Thursday,Mobile Payment
P103239,11/30/2025,Train,Kandy - Colombo,13:00,176,320,56320,Sunday,Card
P103132,1/4/2025,Train,Galle - Matara,7:30,159,160,25440,Saturday,Cash
P103684,11/4/2025,Bus,Colombo - Kalutara,13:00,33,190,6270,Tuesday,Cash
P102579,3/25/2025,Bus,Colombo - Kalutara,10:00,29,200,5800,Tuesday,Card
P105411,9/13/2025,Train,Galle - Matara,17:30,126,150,18900,Saturday,Cash
P100050,9/18/2025,Bus,Colombo - Kalutara,10:00,54,190,10260,Thursday,Cash
P105126,7/28/2025,Train,Colombo - Ratnapura,15:00,138,240,33120,Monday,Cash
P104217,8/18/2025,Bus,Colombo - Negombo,14:00,49,260,12740,Monday,Card
P100859,12/7/2025,Train,Colombo - Kandy,12:00,76,320,24320,Sunday,Cash
P103226,5/27/2025,Train,Colombo - Kandy,21:00,124,360,44640,Tuesday,Card
P101073,7/4/2025,Bus,Colombo - Kalutara,6:30,45,180,8100,Friday,Cash
P100720,8/21/2025,Train,Colombo - Negombo,17:30,78,200,15600,Thursday,Cash
P102200,5/18/2025,Bus,Colombo - Ratnapura,12:00,28,300,8400,Sunday,Mobile Payment
P102632,10/21/2025,Train,Kandy - Colombo,17:00,130,310,40300,Tuesday,Cash
P105849,7/15/2025,Bus,Colombo - Kurunegala,18:00,97,370,35890,Tuesday,Card
P101661,6/28/2025,Train,Galle - Matara,8:00,87,160,13920,Saturday,Mobile Payment
P101657,4/24/2025,Train,Colombo - Ratnapura,19:00,93,220,20460,Thursday,Cash
P102426,11/30/2025,Other,Colombo - Kurunegala,18:30,19,460,8740,Sunday,Cash
P105527,6/28/2025,Train,Colombo - Kalutara,13:00,181,130,23530,Saturday,Card
P105055,12/8/2025,Bus,Colombo - Kandy,11:00,53,430,22790,Monday,Cash
P105966,8/13/2025,Train,Kandy - Colombo,9:00,52,300,15600,Wednesday,Card
P104405,7/1/2025,Other,Colombo - Galle,8:30,25,500,12500,Tuesday,Cash
P103098,6/29/2025,Bus,Kandy - Nuwara Eliya,8:00,76,290,22040,Sunday,Card
P103977,10/3/2025,Bus,Colombo - Kandy,7:00,41,460,18860,Friday,Cash
P105367,9/19/2025,Train,Kandy - Nuwara Eliya,13:00,155,230,35650,Friday,Mobile Payment
P105878,4/4/2025,Train,Kandy - Colombo,10:00,45,320,14400,Friday,Cash
P105698,5/26/2025,Bus,Colombo - Ratnapura,7:00,33,270,8910,Monday,Card
P103190,1/26/2025,Train,Colombo - Negombo,18:30,141,170,23970,Sunday,Cash
P103990,6/18/2025,Train,Colombo - Kandy,20:00,148,300,44400,Wednesday,Cash
P102935,5/23/2025,Train,Colombo - Kandy,7:30,158,360,56880,Friday,Mobile Payment
P104941,5/25/2025,Bus,Colombo - Kurunegala,17:30,48,370,17760,Sunday,Card
P104258,7/31/2025,Bus,Colombo - Negombo,10:00,52,270,14040,Thursday,Cash
P102607,12/17/2025,Bus,Galle - Matara,14:00,18,210,3780,Wednesday,Cash
P101386,10/3/2025,Bus,Colombo - Kalutara,16:00,37,160,5920,Friday,Cash
P105572,9/4/2025,Bus,Colombo - Kurunegala,12:00,43,340,14620,Thursday,Cash
P101400,5/25/2025,Train,Colombo - Galle,11:00,134,290,38860,Sunday,Cash
P101196,11/9/2025,Train,Colombo - Kandy,16:00,50,370,18500,Sunday,Card
P101409,1/11/2025,Train,Kandy - Colombo,21:00,92,310,28520,Saturday,Cash
P101846,9/20/2025,Bus,Kurunegala - Dambulla,18:00,42,270,11340,Saturday,Cash
P101799,11/29/2025,Bus,Kandy - Colombo,16:00,52,450,23400,Saturday,Card
P103958,3/16/2025,Bus,Colombo - Negombo,8:30,60,240,14400,Sunday,Mobile Payment
P101476,12/1/2025,Train,Colombo - Ratnapura,16:00,50,210,10500,Monday,Card
P105219,7/29/2025,Bus,Colombo - Kurunegala,10:00,66,370,24420,Tuesday,Cash
P100036,8/2/2025,Train,Colombo - Galle,6:30,191,320,61120,Saturday,Cash
P104865,8/21/2025,Bus,Colombo - Kurunegala,11:00,40,360,14400,Thursday,Card
P102346,5/3/2025,Train,Colombo - Kandy,20:00,173,370,64010,Saturday,Cash
P100445,9/15/2025,Train,Kandy - Colombo,8:00,352,360,126720,Monday,Mobile Payment
P105357,12/17/2025,Bus,Kandy - Nuwara Eliya,7:30,23,320,7360,Wednesday,Cash
P103313,4/17/2025,Train,Colombo - Kurunegala,15:00,122,260,31720,Thursday,Mobile Payment
P102360,3/2/2025,Bus,Colombo - Kalutara,10:00,62,170,10540,Sunday,Cash
P103007,5/27/2025,Other,Colombo - Kurunegala,10:00,33,460,15180,Tuesday,Cash
P103655,11/29/2025,Bus,Colombo - Galle,15:00,35,390,13650,Saturday,Card
P102207,9/22/2025,Bus,Colombo - Ratnapura,13:00,37,290,10730,Monday,Cash
P104328,6/18/2025,Other,Galle - Matara,20:00,14,240,3360,Wednesday,Mobile Payment
P105133,6/20/2025,Bus,Galle - Matara,17:00,71,190,13490,Friday,Mobile Payment
P103658,8/18/2025,Bus,Kandy - Nuwara Eliya,13:00,60,330,19800,Monday,Cash
P103180,3/17/2025,Train,Colombo - Negombo,18:00,130,200,26000,Monday,Mobile Payment
P103423,3/30/2025,Train,Kurunegala - Dambulla,17:00,171,170,29070,Sunday,Mobile Payment
P101287,9/27/2025,Bus,Colombo - Negombo,16:00,44,270,11880,Saturday,Cash
P104446,5/6/2025,Other,Colombo - Kalutara,16:00,18,240,4320,Tuesday,Cash
P100350,5/5/2025,Train,Colombo - Kandy,20:00,141,330,46530,Monday,Cash
P103417,2/24/2025,Bus,Colombo - Kandy,10:00,55,410,22550,Monday,Card
P102138,1/5/2025,Train,Kandy - Colombo,12:00,186,350,65100,Sunday,Card
P102692,10/30/2025,Train,Galle - Matara,17:30,151,160,24160,Thursday,Card
P102637,2/4/2025,Other,Colombo - Negombo,8:30,39,290,11310,Tuesday,Mobile Payment
P104017,11/11/2025,Train,Kandy - Nuwara Eliya,11:00,72,230,16560,Tuesday,Mobile Payment
P101682,8/19/2025,Other,Galle - Matara,14:00,48,230,11040,Tuesday,Cash
P105433,3/17/2025,Train,Colombo - Ratnapura,18:00,191,210,40110,Monday,Cash
P101693,8/19/2025,Bus,Kandy - Nuwara Eliya,13:00,59,280,16520,Tuesday,Mobile Payment
P104425,2/19/2025,Bus,Galle - Matara,10:00,51,190,9690,Wednesday,Cash
P104777,9/23/2025,Bus,Kandy - Colombo,12:00,45,490,22050,Tuesday,Card
P103636,12/3/2025,Bus,Colombo - Ratnapura,21:00,58,270,15660,Wednesday,Card
P100373,6/7/2025,Bus,Kurunegala - Dambulla,19:00,49,260,12740,Saturday,Mobile Payment
P104605,1/30/2025,Train,Colombo - Negombo,14:00,100,200,20000,Thursday,Cash
P100141,1/2/2025,Other,Galle - Matara,9:00,17,230,3910,Thursday,Cash
P105591,6/9/2025,Bus,Kandy - Nuwara Eliya,17:00,60,280,16800,Monday,Card
P100715,1/31/2025,Bus,Colombo - Kalutara,13:00,44,190,8360,Friday,Cash
P103189,3/8/2025,Train,Galle - Matara,7:30,175,140,24500,Saturday,Card
P105400,4/3/2025,Train,Colombo - Galle,21:00,130,310,40300,Thursday,Mobile Payment
P104190,3/2/2025,Train,Colombo - Ratnapura,14:00,64,220,14080,Sunday,Card
P100407,7/26/2025,Bus,Colombo - Ratnapura,6:30,33,330,10890,Saturday,Cash
P100021,9/22/2025,Train,Kurunegala - Dambulla,13:00,109,190,20710,Monday,Card
P101005,9/4/2025,Train,Galle - Matara,11:00,110,140,15400,Thursday,Cash
P102412,6/7/2025,Bus,Colombo - Kurunegala,8:00,80,360,28800,Saturday,Cash
P102546,5/25/2025,Bus,Colombo - Kandy,13:00,46,480,22080,Sunday,Cash
P102391,7/9/2025,Bus,Colombo - Kalutara,18:30,67,180,12060,Wednesday,Cash
P104819,8/18/2025,Train,Kandy - Nuwara Eliya,14:00,97,240,23280,Monday,Card
P100043,9/27/2025,Bus,Galle - Matara,18:30,53,200,10600,Saturday,Card
P102831,5/3/2025,Bus,Colombo - Negombo,18:30,47,270,12690,Saturday,Cash
P103372,2/7/2025,Train,Colombo - Kurunegala,9:00,71,280,19880,Friday,Cash
P103023,12/8/2025,Train,Kandy - Nuwara Eliya,15:00,129,220,28380,Monday,Cash
P103365,6/12/2025,Other,Kandy - Nuwara Eliya,15:00,34,350,11900,Thursday,Mobile Payment
P100012,2/10/2025,Other,Galle - Matara,19:00,31,220,6820,Monday,Mobile Payment
P101178,10/21/2025,Bus,Colombo - Galle,7:30,47,400,18800,Tuesday,Cash
P101948,4/25/2025,Bus,Kandy - Colombo,10:00,66,460,30360,Friday,Mobile Payment
P102502,2/10/2025,Train,Colombo - Kandy,17:00,199,320,63680,Monday,Card
P102864,7/15/2025,Train,Colombo - Kurunegala,18:30,154,290,44660,Tuesday,Mobile Payment
P103866,7/29/2025,Bus,Kurunegala - Dambulla,9:00,39,230,8970,Tuesday,Card
P101027,9/23/2025,Train,Colombo - Ratnapura,17:30,93,240,22320,Tuesday,Cash
P103849,5/8/2025,Train,Colombo - Ratnapura,17:00,78,200,15600,Thursday,Cash
P102990,12/12/2025,Train,Kandy - Nuwara Eliya,18:30,232,220,51040,Friday,Card
P100962,5/12/2025,Train,Colombo - Galle,17:00,231,270,62370,Monday,Cash
P102890,11/5/2025,Train,Colombo - Kalutara,10:00,164,140,22960,Wednesday,Cash
P103016,6/23/2025,Bus,Colombo - Negombo,9:00,66,270,17820,Monday,Cash
P103339,1/15/2025,Train,Colombo - Galle,18:00,151,280,42280,Wednesday,Cash
P104231,11/5/2025,Train,Colombo - Kandy,15:00,124,330,40920,Wednesday,Mobile Payment
P100736,6/5/2025,Train,Colombo - Kandy,9:00,133,310,41230,Thursday,Cash
P101441,4/22/2025,Other,Kandy - Colombo,11:00,15,590,8850,Tuesday,Card
P102876,10/1/2025,Bus,Galle - Matara,17:00,48,190,9120,Wednesday,Card
P103987,10/13/2025,Bus,Kandy - Colombo,18:00,89,420,37380,Monday,Card
P100917,1/28/2025,Bus,Kandy - Colombo,14:00,45,440,19800,Tuesday,Cash
P105003,12/6/2025,Train,Colombo - Kandy,7:00,125,340,42500,Saturday,Mobile Payment
P104090,11/20/2025,Bus,Galle - Matara,6:30,42,210,8820,Thursday,Mobile Payment
P105542,11/24/2025,Train,Galle - Matara,12:00,61,150,9150,Monday,Cash
P104686,3/31/2025,Bus,Colombo - Negombo,12:00,47,230,10810,Monday,Cash
P102773,5/7/2025,Train,Colombo - Kalutara,7:00,183,130,23790,Wednesday,Mobile Payment
P101625,10/31/2025,Bus,Colombo - Negombo,12:00,40,240,9600,Friday,Cash
P105670,11/28/2025,Train,Colombo - Galle,8:00,173,320,55360,Friday,Card
P100822,9/10/2025,Bus,Kurunegala - Dambulla,9:00,49,230,11270,Wednesday,Card
P101368,12/29/2025,Other,Galle - Matara,8:00,48,260,12480,Monday,Mobile Payment
P103713,6/28/2025,Train,Colombo - Ratnapura,18:30,150,240,36000,Saturday,Cash
P105999,7/17/2025,Bus,Colombo - Negombo,12:00,33,260,8580,Thursday,Cash
P100851,7/12/2025,Bus,Colombo - Kalutara,13:00,57,190,10830,Saturday,Cash
P101001,7/2/2025,Bus,Colombo - Kandy,10:00,25,470,11750,Wednesday,Card
P104653,5/15/2025,Bus,Colombo - Ratnapura,10:00,55,310,17050,Thursday,Cash
P104115,5/27/2025,Train,Colombo - Kandy,7:00,52,340,17680,Tuesday,Mobile Payment
P101638,3/7/2025,Bus,Kurunegala - Dambulla,14:00,42,250,10500,Friday,Mobile Payment
P101668,3/26/2025,Other,Kandy - Nuwara Eliya,8:00,25,340,8500,Wednesday,Cash
P103174,3/28/2025,Bus,Kandy - Nuwara Eliya,15:00,49,300,14700,Friday,Card
P104561,1/10/2025,Train,Colombo - Kurunegala,8:30,222,240,53280,Friday,Card
P101348,11/6/2025,Bus,Kurunegala - Dambulla,19:00,44,270,11880,Thursday,Cash
P105721,5/1/2025,Bus,Colombo - Galle,19:00,61,370,22570,Thursday,Card
P103231,6/25/2025,Bus,Colombo - Kalutara,8:30,46,190,8740,Wednesday,Cash
P104211,7/11/2025,Bus,Kandy - Nuwara Eliya,15:00,44,310,13640,Friday,Card
P104607,6/10/2025,Train,Colombo - Negombo,19:00,144,200,28800,Tuesday,Cash
P103233,9/8/2025,Bus,Kurunegala - Dambulla,10:00,37,240,8880,Monday,Mobile Payment
P104902,5/23/2025,Bus,Colombo - Kalutara,17:30,34,180,6120,Friday,Mobile Payment
P100704,12/27/2025,Bus,Kandy - Nuwara Eliya,18:30,58,290,16820,Saturday,Mobile Payment
P104782,11/15/2025,Bus,Colombo - Galle,11:00,38,410,15580,Saturday,Card
P103292,12/3/2025,Train,Colombo - Ratnapura,18:30,169,220,37180,Wednesday,Card
P103674,3/5/2025,Bus,Colombo - Kalutara,17:30,69,200,13800,Wednesday,Card
P102409,6/15/2025,Other,Galle - Matara,7:30,33,220,7260,Sunday,Card
P101328,12/5/2025,Train,Kandy - Colombo,21:00,134,370,49580,Friday,Cash
P105587,1/23/2025,Bus,Colombo - Kurunegala,17:00,43,330,14190,Thursday,Card
P105697,11/11/2025,Bus,Kurunegala - Dambulla,7:30,39,260,10140,Tuesday,Card
P105009,10/7/2025,Bus,Colombo - Kurunegala,7:00,39,370,14430,Tuesday,Cash
P100987,12/29/2025,Train,Kandy - Colombo,7:30,99,370,36630,Monday,Cash
P105441,10/15/2025,Bus,Colombo - Kandy,9:00,37,420,15540,Wednesday,Cash
P105157,3/30/2025,Bus,Colombo - Kurunegala,7:30,53,360,19080,Sunday,Card
P105308,1/13/2025,Bus,Colombo - Ratnapura,14:00,49,310,15190,Monday,Cash
P104050,7/21/2025,Bus,Kurunegala - Dambulla,17:00,56,270,15120,Monday,Cash
P103486,8/23/2025,Train,Colombo - Ratnapura,17:00,203,250,50750,Saturday,Mobile Payment
P102475,7/8/2025,Bus,Colombo - Galle,8:00,99,400,39600,Tuesday,Mobile Payment
P103874,8/11/2025,Train,Colombo - Negombo,7:30,126,180,22680,Monday,Cash
P101199,8/26/2025,Train,Colombo - Kandy,19:00,131,340,44540,Tuesday,Mobile Payment
P104182,8/1/2025,Train,Colombo - Kurunegala,13:00,113,240,27120,Friday,Card
P101519,12/23/2025,Bus,Colombo - Kalutara,21:00,28,180,5040,Tuesday,Mobile Payment
P101800,2/9/2025,Bus,Colombo - Ratnapura,13:00,31,310,9610,Sunday,Card
P101015,1/16/2025,Train,Kandy - Colombo,18:30,153,360,55080,Thursday,Cash
P100129,7/7/2025,Bus,Colombo - Ratnapura,7:00,56,320,17920,Monday,Cash
P101365,10/1/2025,Train,Kandy - Nuwara Eliya,9:00,138,240,33120,Wednesday,Cash
P105508,11/10/2025,Bus,Colombo - Negombo,21:00,31,260,8060,Monday,Cash
P100892,8/7/2025,Train,Colombo - Negombo,7:00,83,170,14110,Thursday,Cash
P102794,5/31/2025,Bus,Colombo - Galle,20:00,46,370,17020,Saturday,Cash
P105034,4/26/2025,Train,Kurunegala - Dambulla,15:00,120,180,21600,Saturday,Mobile Payment
P105716,9/29/2025,Bus,Colombo - Ratnapura,14:00,66,300,19800,Monday,Card
P105142,9/12/2025,Bus,Colombo - Negombo,18:30,46,250,11500,Friday,Cash
P103250,6/17/2025,Train,Galle - Matara,17:00,144,150,21600,Tuesday,Card
P101209,8/21/2025,Bus,Galle - Matara,17:30,86,210,18060,Thursday,Cash
P103869,4/1/2025,Train,Colombo - Kandy,13:00,109,310,33790,Tuesday,Cash
P104066,1/2/2025,Bus,Colombo - Galle,21:00,44,440,19360,Thursday,Cash
P105130,5/14/2025,Train,Kurunegala - Dambulla,17:00,219,180,39420,Wednesday,Cash
P101240,12/17/2025,Bus,Colombo - Galle,8:30,55,410,22550,Wednesday,Card
P102290,4/19/2025,Bus,Kandy - Nuwara Eliya,12:00,40,310,12400,Saturday,Card
P102741,12/1/2025,Bus,Galle - Matara,9:00,58,210,12180,Monday,Cash
P100276,5/29/2025,Bus,Kandy - Nuwara Eliya,21:00,20,280,5600,Thursday,Cash
P101036,4/18/2025,Train,Colombo - Kurunegala,13:00,26,270,7020,Friday,Mobile Payment
P101230,6/27/2025,Bus,Galle - Matara,18:00,36,220,7920,Friday,Cash
P101009,3/12/2025,Bus,Kandy - Nuwara Eliya,11:00,44,310,13640,Wednesday,Mobile Payment
P103829,6/21/2025,Train,Colombo - Ratnapura,21:00,148,240,35520,Saturday,Cash
P102533,4/22/2025,Bus,Kandy - Nuwara Eliya,13:00,42,320,13440,Tuesday,Card
P101059,9/1/2025,Bus,Galle - Matara,7:30,88,200,17600,Monday,Cash
P105518,3/16/2025,Train,Kandy - Colombo,18:30,126,360,45360,Sunday,Cash
P100282,1/13/2025,Bus,Kandy - Nuwara Eliya,9:00,69,320,22080,Monday,Mobile Payment
P101044,11/23/2025,Train,Galle - Matara,8:00,126,140,17640,Sunday,Cash
P101317,1/21/2025,Bus,Colombo - Kandy,7:00,55,490,26950,Tuesday,Mobile Payment
P100969,11/5/2025,Train,Colombo - Galle,18:00,223,280,62440,Wednesday,Cash
P102382,3/7/2025,Train,Colombo - Kalutara,18:00,169,150,25350,Friday,Cash
P104788,6/11/2025,Other,Colombo - Ratnapura,8:00,17,370,6290,Wednesday,Mobile Payment
P101940,2/28/2025,Bus,Colombo - Negombo,10:00,26,270,7020,Friday,Cash
P105202,3/6/2025,Other,Colombo - Negombo,18:00,31,320,9920,Thursday,Cash
P101275,3/28/2025,Bus,Colombo - Galle,14:00,38,410,15580,Friday,Cash
P100620,1/30/2025,Train,Colombo - Kalutara,16:00,111,130,14430,Thursday,Mobile Payment
P104355,11/26/2025,Bus,Colombo - Ratnapura,7:00,78,290,22620,Wednesday,Mobile Payment
P101743,6/4/2025,Train,Colombo - Negombo,8:00,139,200,27800,Wednesday,Mobile Payment
P101391,4/18/2025,Bus,Kurunegala - Dambulla,15:00,40,250,10000,Friday,Cash
P104881,2/8/2025,Bus,Kurunegala - Dambulla,21:00,41,270,11070,Saturday,Mobile Payment
P101580,8/17/2025,Bus,Kandy - Colombo,18:30,69,480,33120,Sunday,Cash
P101656,2/18/2025,Other,Colombo - Kalutara,20:00,26,200,5200,Tuesday,Mobile Payment
P103569,5/8/2025,Train,Colombo - Kandy,6:30,200,350,70000,Thursday,Cash
P102353,9/20/2025,Train,Colombo - Kandy,8:30,156,360,56160,Saturday,Mobile Payment
P102213,4/15/2025,Bus,Kandy - Colombo,18:00,68,420,28560,Tuesday,Cash
P105964,9/20/2025,Train,Kandy - Colombo,20:00,165,340,56100,Saturday,Card
P103179,8/20/2025,Train,Kurunegala - Dambulla,17:00,203,190,38570,Wednesday,Cash
P103193,3/1/2025,Other,Colombo - Galle,15:00,20,460,9200,Saturday,Mobile Payment
P101308,10/14/2025,Train,Colombo - Ratnapura,18:30,100,200,20000,Tuesday,Cash
P100576,5/31/2025,Other,Colombo - Kandy,17:30,16,570,9120,Saturday,Card
P102361,10/12/2025,Bus,Galle - Matara,18:00,43,200,8600,Sunday,Mobile Payment
P101281,4/8/2025,Train,Colombo - Kandy,17:00,175,340,59500,Tuesday,Cash
P104878,2/24/2025,Train,Colombo - Kalutara,7:00,200,130,26000,Monday,Card
P104962,4/8/2025,Bus,Kandy - Nuwara Eliya,12:00,45,300,13500,Tuesday,Cash
P101994,1/7/2025,Bus,Kandy - Colombo,18:30,40,430,17200,Tuesday,Cash
P102640,4/20/2025,Train,Colombo - Kalutara,20:00,129,130,16770,Sunday,Mobile Payment
P100270,7/5/2025,Bus,Colombo - Kandy,20:00,50,410,20500,Saturday,Card
P100630,3/18/2025,Bus,Colombo - Kalutara,17:30,67,170,11390,Tuesday,Card
P104445,3/10/2025,Bus,Colombo - Negombo,11:00,18,250,4500,Monday,Cash
P103082,9/6/2025,Train,Colombo - Kalutara,18:30,103,130,13390,Saturday,Cash
P103467,6/26/2025,Bus,Colombo - Negombo,17:30,36,240,8640,Thursday,Card
P105234,6/11/2025,Bus,Colombo - Galle,19:00,69,370,25530,Wednesday,Cash
P104024,11/12/2025,Train,Galle - Matara,9:00,130,150,19500,Wednesday,Card
P102047,7/14/2025,Bus,Kandy - Colombo,20:00,50,450,22500,Monday,Cash
P104711,12/9/2025,Bus,Colombo - Negombo,12:00,55,230,12650,Tuesday,Cash
P102114,12/13/2025,Train,Colombo - Negombo,10:00,78,180,14040,Saturday,Mobile Payment
P100028,12/26/2025,Bus,Colombo - Galle,8:00,50,410,20500,Friday,Card
P102041,5/7/2025,Train,Colombo - Kurunegala,17:00,143,240,34320,Wednesday,Card
P103929,5/30/2025,Train,Colombo - Negombo,17:30,167,200,33400,Friday,Card
P105422,9/25/2025,Bus,Kurunegala - Dambulla,21:00,58,240,13920,Thursday,Card
P103217,1/2/2025,Bus,Colombo - Kurunegala,17:30,40,380,15200,Thursday,Card
P103815,6/13/2025,Bus,Kandy - Nuwara Eliya,16:00,27,290,7830,Friday,Mobile Payment
P100130,10/8/2025,Bus,Kandy - Colombo,18:30,61,490,29890,Wednesday,Cash
P104448,2/22/2025,Train,Galle - Matara,6:30,196,140,27440,Saturday,Cash
P105889,2/23/2025,Train,Colombo - Kalutara,17:00,186,130,24180,Sunday,Cash
P100014,4/27/2025,Bus,Colombo - Ratnapura,9:00,22,320,7040,Sunday,Cash
P105143,2/10/2025,Train,Kandy - Nuwara Eliya,7:30,199,230,45770,Monday,Cash
P101526,12/3/2025,Bus,Colombo - Negombo,17:00,21,230,4830,Wednesday,Cash
P102366,9/3/2025,Bus,Kandy - Colombo,7:00,49,430,21070,Wednesday,Cash
P103053,10/25/2025,Bus,Kurunegala - Dambulla,14:00,33,250,8250,Saturday,Cash
P104006,7/10/2025,Bus,Kurunegala - Dambulla,17:00,47,260,12220,Thursday,Mobile Payment
P102341,8/26/2025,Train,Colombo - Negombo,18:00,157,170,26690,Tuesday,Cash
P100375,7/26/2025,Bus,Galle - Matara,18:00,68,210,14280,Saturday,Cash
P104373,12/26/2025,Bus,Colombo - Kalutara,20:00,55,170,9350,Friday,Cash
P105153,5/30/2025,Other,Colombo - Kurunegala,18:30,30,450,13500,Friday,Cash
P100940,8/8/2025,Train,Colombo - Ratnapura,16:00,124,230,28520,Friday,Mobile Payment
P105745,7/6/2025,Bus,Colombo - Negombo,15:00,43,250,10750,Sunday,Mobile Payment
P102148,3/9/2025,Bus,Kurunegala - Dambulla,18:00,83,230,19090,Sunday,Cash
P103592,9/8/2025,Bus,Colombo - Negombo,18:30,77,260,20020,Monday,Cash
P105444,7/26/2025,Other,Galle - Matara,11:00,19,230,4370,Saturday,Mobile Payment
P105042,8/16/2025,Train,Kandy - Nuwara Eliya,14:00,125,240,30000,Saturday,Cash
P103624,1/19/2025,Train,Colombo - Galle,18:30,161,280,45080,Sunday,Mobile Payment
P100530,7/22/2025,Train,Colombo - Negombo,10:00,79,190,15010,Tuesday,Mobile Payment
P103715,10/9/2025,Other,Colombo - Ratnapura,17:30,29,330,9570,Thursday,Cash
P101270,6/12/2025,Bus,Colombo - Negombo,7:00,12,270,3240,Thursday,Card
P104282,9/9/2025,Train,Colombo - Ratnapura,16:00,75,210,15750,Tuesday,Cash
P101395,10/13/2025,Bus,Colombo - Kandy,6:30,51,420,21420,Monday,Cash
P104010,10/4/2025,Bus,Colombo - Galle,10:00,16,430,6880,Saturday,Mobile Payment
P101798,11/25/2025,Bus,Kandy - Nuwara Eliya,16:00,51,300,15300,Tuesday,Cash
P102980,11/16/2025,Other,Kurunegala - Dambulla,8:30,41,270,11070,Sunday,Mobile Payment
P101442,11/4/2025,Bus,Colombo - Galle,9:00,44,380,16720,Tuesday,Mobile Payment
P105297,4/26/2025,Bus,Colombo - Negombo,18:30,57,240,13680,Saturday,Mobile Payment
P105850,6/7/2025,Bus,Colombo - Kandy,6:30,31,460,14260,Saturday,Cash
P103812,4/27/2025,Bus,Colombo - Kurunegala,6:30,97,350,33950,Sunday,Cash
P101274,9/12/2025,Bus,Colombo - Kandy,17:30,30,440,13200,Friday,Cash
P101713,6/3/2025,Train,Colombo - Kalutara,14:00,60,130,7800,Tuesday,Cash
P100956,1/15/2025,Bus,Kurunegala - Dambulla,18:00,42,240,10080,Wednesday,Card
P104443,2/18/2025,Bus,Kurunegala - Dambulla,13:00,39,230,8970,Tuesday,Cash
P104795,2/12/2025,Bus,Colombo - Ratnapura,11:00,45,280,12600,Wednesday,Cash
P105377,5/19/2025,Train,Colombo - Negombo,15:00,40,190,7600,Monday,Card
P100404,11/9/2025,Train,Colombo - Ratnapura,19:00,129,250,32250,Sunday,Mobile Payment
P102072,1/26/2025,Bus,Colombo - Kalutara,11:00,55,190,10450,Sunday,Card
P105702,3/27/2025,Bus,Kandy - Nuwara Eliya,16:00,23,330,7590,Thursday,Card
P101978,6/17/2025,Bus,Kurunegala - Dambulla,13:00,51,230,11730,Tuesday,Cash
P100159,1/8/2025,Bus,Colombo - Kalutara,11:00,66,190,12540,Wednesday,Mobile Payment
P103889,4/10/2025,Train,Kurunegala - Dambulla,12:00,188,200,37600,Thursday,Cash
P100903,3/30/2025,Bus,Colombo - Kalutara,8:30,42,170,7140,Sunday,Card
P100353,12/23/2025,Train,Kurunegala - Dambulla,21:00,78,170,13260,Tuesday,Card
P104131,2/16/2025,Bus,Colombo - Kandy,13:00,29,480,13920,Sunday,Mobile Payment
P100755,7/14/2025,Bus,Colombo - Galle,20:00,38,430,16340,Monday,Card
P102972,5/17/2025,Bus,Colombo - Kurunegala,12:00,65,360,23400,Saturday,Mobile Payment
P105971,4/7/2025,Train,Galle - Matara,18:00,125,140,17500,Monday,Cash
P102921,10/26/2025,Bus,Colombo - Ratnapura,9:00,44,280,12320,Sunday,Card
P100312,12/8/2025,Bus,Colombo - Ratnapura,12:00,31,290,8990,Monday,Mobile Payment
P100662,7/26/2025,Other,Colombo - Kalutara,8:00,34,230,7820,Saturday,Cash
P101990,11/3/2025,Train,Colombo - Kurunegala,18:00,83,270,22410,Monday,Card
P103666,9/21/2025,Bus,Colombo - Ratnapura,17:00,22,320,7040,Sunday,Card
P100307,10/9/2025,Bus,Colombo - Ratnapura,17:00,68,290,19720,Thursday,Card
P102336,6/13/2025,Bus,Colombo - Galle,18:30,27,430,11610,Friday,Cash
P102357,6/2/2025,Other,Colombo - Negombo,10:00,5,330,1650,Monday,Card
P103703,1/28/2025,Bus,Colombo - Negombo,21:00,19,270,5130,Tuesday,Cash
P103805,11/27/2025,Bus,Colombo - Galle,11:00,47,420,19740,Thursday,Card
P101928,9/29/2025,Bus,Galle - Matara,7:30,49,190,9310,Monday,Cash
P103428,1/6/2025,Train,Colombo - Ratnapura,18:30,117,230,26910,Monday,Card
P100750,3/16/2025,Train,Colombo - Ratnapura,17:00,145,220,31900,Sunday,Card
P103639,5/1/2025,Bus,Colombo - Kalutara,20:00,46,180,8280,Thursday,Cash
P105244,6/29/2025,Other,Kandy - Nuwara Eliya,20:00,30,340,10200,Sunday,Cash
P101267,12/16/2025,Bus,Kandy - Nuwara Eliya,18:30,36,310,11160,Tuesday,Cash
P105918,3/26/2025,Train,Kandy - Colombo,8:30,189,370,69930,Wednesday,Cash
P105300,6/14/2025,Bus,Colombo - Ratnapura,17:00,53,320,16960,Saturday,Card
P103596,12/26/2025,Train,Colombo - Ratnapura,18:30,140,230,32200,Friday,Cash
P102135,1/23/2025,Train,Kandy - Nuwara Eliya,17:00,138,220,30360,Thursday,Cash
P104110,6/3/2025,Train,Colombo - Kurunegala,12:00,116,240,27840,Tuesday,Cash
P100515,6/1/2025,Bus,Colombo - Galle,11:00,43,360,15480,Sunday,Cash
P105362,8/14/2025,Bus,Kurunegala - Dambulla,12:00,51,250,12750,Thursday,Mobile Payment
P100410,11/26/2025,Bus,Colombo - Kurunegala,7:00,54,370,19980,Wednesday,Cash
P104476,11/16/2025,Bus,Colombo - Ratnapura,7:00,60,310,18600,Sunday,Card
P105976,8/7/2025,Other,Colombo - Kalutara,15:00,29,220,6380,Thursday,Cash
P105931,8/3/2025,Bus,Colombo - Kalutara,8:30,61,200,12200,Sunday,Card
P105194,11/19/2025,Other,Colombo - Kurunegala,16:00,33,430,14190,Wednesday,Card
P100208,6/15/2025,Train,Colombo - Kurunegala,20:00,107,290,31030,Sunday,Cash
P100459,2/24/2025,Bus,Colombo - Kandy,7:30,63,450,28350,Monday,Mobile Payment
P102055,10/5/2025,Train,Colombo - Kalutara,8:00,186,130,24180,Sunday,Mobile Payment
P102431,6/21/2025,Train,Kandy - Colombo,7:30,171,320,54720,Saturday,Cash
P100251,5/14/2025,Bus,Kandy - Nuwara Eliya,14:00,22,310,6820,Wednesday,Cash
P105120,2/21/2025,Bus,Colombo - Ratnapura,6:30,50,320,16000,Friday,Card
P101108,8/30/2025,Train,Colombo - Galle,17:00,92,320,29440,Saturday,Cash
P104863,12/29/2025,Bus,Colombo - Ratnapura,21:00,51,300,15300,Monday,Card
P101714,10/1/2025,Bus,Colombo - Galle,7:00,59,400,23600,Wednesday,Cash
P103912,7/27/2025,Bus,Galle - Matara,18:00,69,210,14490,Sunday,Card
P100716,11/13/2025,Other,Colombo - Kalutara,8:00,30,200,6000,Thursday,Cash
P100553,5/31/2025,Train,Colombo - Kandy,18:00,89,310,27590,Saturday,Card
P101440,11/13/2025,Train,Galle - Matara,17:30,182,150,27300,Thursday,Mobile Payment
P102271,1/12/2025,Bus,Colombo - Galle,14:00,49,440,21560,Sunday,Mobile Payment
P103145,10/20/2025,Bus,Colombo - Kurunegala,7:30,68,350,23800,Monday,Card
P105744,7/14/2025,Other,Colombo - Kurunegala,11:00,17,430,7310,Monday,Mobile Payment
P101926,6/13/2025,Bus,Colombo - Ratnapura,8:30,28,280,7840,Friday,Mobile Payment
P100635,8/27/2025,Bus,Kurunegala - Dambulla,18:30,67,230,15410,Wednesday,Card
P100317,7/6/2025,Bus,Colombo - Kalutara,21:00,43,190,8170,Sunday,Mobile Payment
P105637,7/1/2025,Train,Galle - Matara,13:00,97,160,15520,Tuesday,Cash
P100428,12/29/2025,Train,Kurunegala - Dambulla,20:00,170,180,30600,Monday,Cash
P104454,4/23/2025,Train,Colombo - Negombo,15:00,221,170,37570,Wednesday,Cash
P100106,12/4/2025,Bus,Colombo - Galle,7:30,31,420,13020,Thursday,Card
P103042,3/11/2025,Other,Colombo - Kalutara,15:00,33,210,6930,Tuesday,Card
P104239,7/16/2025,Train,Colombo - Galle,9:00,147,320,47040,Wednesday,Card
P102170,8/14/2025,Bus,Kurunegala - Dambulla,8:30,59,250,14750,Thursday,Mobile Payment
P101710,1/1/2025,Train,Kurunegala - Dambulla,18:30,119,200,23800,Wednesday,Cash
P100090,4/30/2025,Bus,Colombo - Negombo,8:00,56,260,14560,Wednesday,Mobile Payment
P102242,2/20/2025,Bus,Galle - Matara,20:00,21,210,4410,Thursday,Cash
P103175,11/27/2025,Bus,Colombo - Negombo,11:00,31,260,8060,Thursday,Cash
P104479,5/24/2025,Train,Colombo - Kurunegala,7:00,51,250,12750,Saturday,Mobile Payment
P101950,10/20/2025,Bus,Colombo - Kurunegala,8:30,44,340,14960,Monday,Cash
P104045,1/21/2025,Bus,Kandy - Nuwara Eliya,6:30,71,280,19880,Tuesday,Cash
P102849,2/18/2025,Train,Colombo - Kalutara,12:00,91,130,11830,Tuesday,Card
P100002,1/20/2025,Other,Colombo - Kandy,6:30,30,530,15900,Monday,Card
P104338,8/15/2025,Other,Colombo - Galle,17:30,25,470,11750,Friday,Cash
P100936,3/21/2025,Bus,Kandy - Colombo,13:00,26,410,10660,Friday,Cash
P105134,7/29/2025,Bus,Kurunegala - Dambulla,8:30,64,230,14720,Tuesday,Mobile Payment
P102721,1/24/2025,Train,Colombo - Ratnapura,17:00,123,220,27060,Friday,Mobile Payment
P100592,9/19/2025,Train,Colombo - Kurunegala,18:30,153,260,39780,Friday,Card
P104909,7/18/2025,Train,Galle - Matara,9:00,83,150,12450,Friday,Mobile Payment
P102937,12/2/2025,Train,Colombo - Kurunegala,14:00,109,270,29430,Tuesday,Mobile Payment
P102449,6/22/2025,Bus,Kandy - Colombo,17:00,54,480,25920,Sunday,Cash
P101577,10/1/2025,Bus,Colombo - Negombo,18:30,79,260,20540,Wednesday,Cash
P105005,4/10/2025,Train,Colombo - Kurunegala,9:00,118,250,29500,Thursday,Card
P100214,1/22/2025,Bus,Colombo - Kandy,10:00,44,430,18920,Wednesday,Cash
P100779,10/5/2025,Train,Galle - Matara,19:00,195,140,27300,Sunday,Card
P103497,11/3/2025,Train,Colombo - Kurunegala,18:30,23,270,6210,Monday,Card
P104706,8/28/2025,Bus,Colombo - Kurunegala,18:30,36,330,11880,Thursday,Cash
P102044,5/9/2025,Bus,Colombo - Galle,9:00,62,420,26040,Friday,Cash
P105439,10/23/2025,Bus,Colombo - Kurunegala,14:00,55,380,20900,Thursday,Card
P101568,6/7/2025,Bus,Galle - Matara,8:30,84,190,15960,Saturday,Card
P100166,12/7/2025,Train,Kandy - Colombo,17:00,146,340,49640,Sunday,Cash
P103567,9/10/2025,Train,Colombo - Ratnapura,13:00,79,230,18170,Wednesday,Card
P104591,1/26/2025,Train,Kandy - Colombo,17:30,214,300,64200,Sunday,Cash
P102014,1/17/2025,Bus,Galle - Matara,7:30,53,210,11130,Friday,Mobile Payment
P100274,12/1/2025,Other,Kandy - Colombo,20:00,19,550,10450,Monday,Cash
P103861,9/11/2025,Train,Colombo - Kalutara,13:00,127,140,17780,Thursday,Cash
P104168,7/11/2025,Bus,Colombo - Galle,11:00,48,360,17280,Friday,Card
P104789,8/31/2025,Bus,Colombo - Kandy,7:00,73,490,35770,Sunday,Cash
P103789,2/4/2025,Bus,Colombo - Kalutara,9:00,50,180,9000,Tuesday,Mobile Payment
P100395,1/8/2025,Bus,Kandy - Nuwara Eliya,8:00,29,330,9570,Wednesday,Mobile Payment
P100584,7/14/2025,Bus,Colombo - Negombo,6:30,67,240,16080,Monday,Cash
P105981,2/23/2025,Train,Colombo - Kurunegala,16:00,107,240,25680,Sunday,Cash
P105565,6/11/2025,Other,Galle - Matara,17:00,21,250,5250,Wednesday,Cash
P105741,9/12/2025,Train,Colombo - Negombo,15:00,145,180,26100,Friday,Cash
P100521,7/20/2025,Train,Galle - Matara,13:00,135,150,20250,Sunday,Cash
P101764,10/1/2025,Bus,Colombo - Kandy,18:30,43,410,17630,Wednesday,Card
P101876,1/10/2025,Bus,Colombo - Kandy,18:30,68,450,30600,Friday,Card
P103966,11/19/2025,Train,Colombo - Kandy,17:00,64,310,19840,Wednesday,Cash
P103345,2/20/2025,Bus,Kandy - Colombo,9:00,51,410,20910,Thursday,Mobile Payment
P102254,2/17/2025,Train,Colombo - Galle,17:00,175,290,50750,Monday,Mobile Payment
P103225,9/7/2025,Bus,Galle - Matara,9:00,41,180,7380,Sunday,Cash
P100527,2/16/2025,Bus,Kurunegala - Dambulla,18:30,52,260,13520,Sunday,Card
P102947,7/21/2025,Bus,Kandy - Nuwara Eliya,14:00,45,290,13050,Monday,Cash
P103900,2/11/2025,Train,Colombo - Galle,18:30,184,310,57040,Tuesday,Mobile Payment
P100693,7/10/2025,Bus,Colombo - Kalutara,11:00,53,180,9540,Thursday,Cash
P105675,10/26/2025,Other,Colombo - Kurunegala,20:00,26,400,10400,Sunday,Cash
P103634,11/5/2025,Bus,Colombo - Galle,17:00,68,390,26520,Wednesday,Cash
P101051,7/15/2025,Train,Kurunegala - Dambulla,16:00,120,200,24000,Tuesday,Card
P100591,5/8/2025,Bus,Kurunegala - Dambulla,6:30,49,230,11270,Thursday,Cash
P100520,2/24/2025,Bus,Colombo - Galle,9:00,54,430,23220,Monday,Cash
P103381,11/6/2025,Bus,Kandy - Nuwara Eliya,19:00,45,310,13950,Thursday,Cash
P103677,3/5/2025,Bus,Colombo - Kandy,6:30,46,490,22540,Wednesday,Cash
P104938,8/7/2025,Train,Galle - Matara,17:30,155,140,21700,Thursday,Cash
P101608,12/31/2025,Train,Kandy - Colombo,14:00,158,330,52140,Wednesday,Cash
P103611,1/6/2025,Train,Colombo - Ratnapura,16:00,26,230,5980,Monday,Cash
P105813,9/17/2025,Train,Colombo - Kalutara,13:00,79,150,11850,Wednesday,Cash
P101810,4/27/2025,Bus,Galle - Matara,17:30,66,210,13860,Sunday,Cash
P100792,6/3/2025,Train,Colombo - Negombo,7:30,128,190,24320,Tuesday,Card
P100793,8/8/2025,Bus,Colombo - Kandy,8:30,41,490,20090,Friday,Card
P104928,12/9/2025,Bus,Colombo - Kurunegala,6:30,58,380,22040,Tuesday,Cash
P101856,5/3/2025,Bus,Colombo - Kandy,18:30,79,480,37920,Saturday,Cash
P101981,1/5/2025,Bus,Colombo - Kandy,10:00,48,490,23520,Sunday,Cash
P103234,5/11/2025,Bus,Colombo - Ratnapura,18:00,85,320,27200,Sunday,Card
P103599,10/28/2025,Bus,Colombo - Galle,15:00,52,370,19240,Tuesday,Card
P100934,11/7/2025,Bus,Colombo - Galle,17:00,42,400,16800,Friday,Cash
P103964,9/8/2025,Train,Kurunegala - Dambulla,7:30,141,190,26790,Monday,Cash
P105573,9/18/2025,Train,Colombo - Kandy,13:00,131,320,41920,Thursday,Cash
P104180,12/22/2025,Bus,Colombo - Kalutara,16:00,22,170,3740,Monday,Cash
P104027,5/3/2025,Bus,Kurunegala - Dambulla,12:00,56,270,15120,Saturday,Cash
P104117,9/26/2025,Other,Kandy - Nuwara Eliya,15:00,29,330,9570,Friday,Cash
P100989,2/5/2025,Bus,Colombo - Kalutara,18:00,28,180,5040,Wednesday,Cash
P104627,6/2/2025,Bus,Kandy - Nuwara Eliya,18:00,64,290,18560,Monday,Cash
P103454,12/20/2025,Bus,Colombo - Kurunegala,7:00,50,350,17500,Saturday,Cash
P105478,10/23/2025,Train,Colombo - Kalutara,17:00,159,120,19080,Thursday,Cash
P103779,1/18/2025,Train,Galle - Matara,18:00,120,140,16800,Saturday,Card
P105350,2/13/2025,Train,Colombo - Kurunegala,10:00,125,290,36250,Thursday,Mobile Payment
P103094,6/29/2025,Train,Colombo - Negombo,18:00,95,190,18050,Sunday,Cash
P103156,2/13/2025,Train,Kurunegala - Dambulla,11:00,84,200,16800,Thursday,Cash
P103202,6/1/2025,Bus,Colombo - Galle,18:30,53,390,20670,Sunday,Cash
P104840,10/16/2025,Bus,Galle - Matara,8:00,53,210,11130,Thursday,Card
P101099,2/21/2025,Train,Colombo - Galle,21:00,100,290,29000,Friday,Cash
P104980,2/19/2025,Bus,Kandy - Nuwara Eliya,19:00,49,280,13720,Wednesday,Card
P102845,10/19/2025,Train,Kurunegala - Dambulla,10:00,175,200,35000,Sunday,Mobile Payment
P100887,9/3/2025,Train,Galle - Matara,18:00,85,140,11900,Wednesday,Cash
P105919,1/24/2025,Bus,Kandy - Nuwara Eliya,21:00,50,300,15000,Friday,Cash
P104652,2/19/2025,Train,Colombo - Ratnapura,14:00,102,220,22440,Wednesday,Mobile Payment
P100516,7/30/2025,Bus,Galle - Matara,20:00,49,220,10780,Wednesday,Cash
P105785,1/10/2025,Bus,Colombo - Ratnapura,20:00,21,280,5880,Friday,Mobile Payment
P101454,1/22/2025,Train,Kandy - Colombo,17:30,122,370,45140,Wednesday,Mobile Payment
P103554,3/27/2025,Bus,Kandy - Nuwara Eliya,18:00,82,310,25420,Thursday,Card
P103610,6/19/2025,Other,Colombo - Kurunegala,18:00,36,440,15840,Thursday,Cash
P102507,10/2/2025,Train,Kurunegala - Dambulla,7:00,243,190,46170,Thursday,Mobile Payment
P102995,2/7/2025,Bus,Kandy - Colombo,13:00,20,410,8200,Friday,Cash
P104000,10/21/2025,Bus,Colombo - Kurunegala,15:00,42,350,14700,Tuesday,Mobile Payment
P105689,5/15/2025,Bus,Colombo - Negombo,18:30,36,240,8640,Thursday,Card
P100907,10/12/2025,Train,Colombo - Kalutara,17:00,128,120,15360,Sunday,Card
P100029,5/9/2025,Train,Colombo - Negombo,13:00,103,180,18540,Friday,Mobile Payment
P102508,6/3/2025,Bus,Colombo - Galle,17:30,44,420,18480,Tuesday,Cash
P102429,5/13/2025,Bus,Colombo - Kurunegala,15:00,46,320,14720,Tuesday,Cash
P100763,11/1/2025,Bus,Kandy - Colombo,20:00,42,460,19320,Saturday,Mobile Payment
P103748,3/18/2025,Bus,Colombo - Negombo,16:00,50,260,13000,Tuesday,Cash
P100285,2/19/2025,Train,Colombo - Negombo,8:30,103,170,17510,Wednesday,Cash
P100687,7/11/2025,Train,Colombo - Kandy,7:30,161,330,53130,Friday,Card
P102354,11/28/2025,Train,Colombo - Ratnapura,7:00,94,210,19740,Friday,Card
P104826,10/3/2025,Bus,Kurunegala - Dambulla,11:00,22,250,5500,Friday,Mobile Payment
P100022,8/27/2025,Bus,Galle - Matara,14:00,67,200,13400,Wednesday,Card
P102753,5/22/2025,Bus,Colombo - Kandy,20:00,42,480,20160,Thursday,Cash
P100886,11/17/2025,Bus,Colombo - Ratnapura,14:00,42,320,13440,Monday,Cash
P100918,9/27/2025,Other,Galle - Matara,13:00,23,260,5980,Saturday,Mobile Payment
P101041,1/26/2025,Bus,Colombo - Galle,9:00,58,370,21460,Sunday,Card
P101266,10/10/2025,Bus,Colombo - Kalutara,8:00,64,180,11520,Friday,Cash
P105188,8/30/2025,Bus,Colombo - Kandy,14:00,27,430,11610,Saturday,Cash
P100278,9/11/2025,Train,Colombo - Kalutara,7:30,224,130,29120,Thursday,Cash
P102085,5/23/2025,Bus,Kandy - Nuwara Eliya,19:00,65,270,17550,Friday,Card
P101246,12/24/2025,Train,Colombo - Ratnapura,8:30,158,220,34760,Wednesday,Card
P102383,8/15/2025,Other,Colombo - Kandy,8:30,20,540,10800,Friday,Cash
P100572,6/22/2025,Train,Kandy - Colombo,18:30,170,340,57800,Sunday,Card
P101436,9/6/2025,Bus,Colombo - Ratnapura,16:00,33,320,10560,Saturday,Cash
P103903,4/17/2025,Other,Colombo - Kandy,9:00,30,580,17400,Thursday,Card
P101248,1/25/2025,Bus,Kandy - Nuwara Eliya,18:30,37,290,10730,Saturday,Cash
P103527,5/28/2025,Other,Colombo - Galle,19:00,27,480,12960,Wednesday,Mobile Payment
P102515,6/29/2025,Train,Colombo - Kalutara,19:00,185,140,25900,Sunday,Cash
P101008,11/19/2025,Train,Colombo - Kandy,7:30,130,350,45500,Wednesday,Cash
P105193,12/23/2025,Train,Colombo - Negombo,18:00,116,180,20880,Tuesday,Card
P102065,11/17/2025,Bus,Galle - Matara,15:00,53,200,10600,Monday,Cash
P105749,9/30/2025,Other,Kurunegala - Dambulla,18:30,40,290,11600,Tuesday,Cash
P101691,1/6/2025,Bus,Kurunegala - Dambulla,21:00,67,230,15410,Monday,Mobile Payment
P105590,10/17/2025,Train,Colombo - Negombo,15:00,98,170,16660,Friday,Mobile Payment
P101986,9/4/2025,Bus,Colombo - Galle,12:00,41,360,14760,Thursday,Cash
P100295,3/20/2025,Bus,Colombo - Negombo,8:30,78,240,18720,Thursday,Card
P101548,9/30/2025,Train,Colombo - Kalutara,20:00,88,120,10560,Tuesday,Card
P102013,3/8/2025,Other,Galle - Matara,7:30,38,250,9500,Saturday,Cash
P100589,8/2/2025,Bus,Galle - Matara,18:00,90,210,18900,Saturday,Cash
P103330,12/23/2025,Train,Galle - Matara,19:00,134,140,18760,Tuesday,Cash
P102404,4/22/2025,Bus,Colombo - Negombo,16:00,39,230,8970,Tuesday,Card
P102130,1/30/2025,Bus,Colombo - Kurunegala,18:00,56,320,17920,Thursday,Mobile Payment
P103999,12/15/2025,Bus,Colombo - Kurunegala,16:00,50,350,17500,Monday,Cash
P105251,11/9/2025,Bus,Colombo - Kandy,14:00,46,460,21160,Sunday,Card
P103742,8/6/2025,Train,Colombo - Negombo,18:30,42,210,8820,Wednesday,Mobile Payment
P103509,5/20/2025,Train,Kurunegala - Dambulla,13:00,104,170,17680,Tuesday,Card
P102720,7/22/2025,Bus,Kurunegala - Dambulla,17:30,45,240,10800,Tuesday,Mobile Payment
P105462,7/10/2025,Bus,Colombo - Kurunegala,17:00,31,380,11780,Thursday,Cash
P105468,7/19/2025,Train,Kurunegala - Dambulla,10:00,155,200,31000,Saturday,Cash
P100557,6/25/2025,Bus,Colombo - Kalutara,17:00,48,190,9120,Wednesday,Cash
P102470,1/20/2025,Bus,Kurunegala - Dambulla,7:30,34,260,8840,Monday,Cash
P103739,9/23/2025,Train,Kandy - Colombo,10:00,100,370,37000,Tuesday,Card
P104287,1/25/2025,Train,Galle - Matara,18:00,227,150,34050,Saturday,Cash
P104933,10/31/2025,Other,Colombo - Kurunegala,10:00,27,440,11880,Friday,Mobile Payment
P101717,1/1/2025,Bus,Colombo - Kandy,7:00,20,450,9000,Wednesday,Cash
P102605,6/10/2025,Bus,Colombo - Negombo,13:00,39,230,8970,Tuesday,Card
P104944,5/4/2025,Bus,Colombo - Kalutara,13:00,18,190,3420,Sunday,Card
P101705,9/1/2025,Bus,Colombo - Kurunegala,19:00,58,380,22040,Monday,Card
P102140,1/25/2025,Train,Colombo - Kalutara,8:30,235,130,30550,Saturday,Card
P103240,11/30/2025,Train,Colombo - Negombo,21:00,144,200,28800,Sunday,Cash
P102384,1/26/2025,Bus,Colombo - Kandy,7:00,67,420,28140,Sunday,Card
P104312,1/18/2025,Other,Colombo - Negombo,21:00,25,310,7750,Saturday,Cash
P101286,6/5/2025,Bus,Kandy - Colombo,16:00,52,470,24440,Thursday,Mobile Payment
P105106,1/3/2025,Bus,Kurunegala - Dambulla,8:00,43,230,9890,Friday,Mobile Payment
P105358,4/21/2025,Other,Kurunegala - Dambulla,8:30,46,290,13340,Monday,Card
P103931,10/10/2025,Other,Kandy - Nuwara Eliya,19:00,5,330,1650,Friday,Cash
P104538,11/26/2025,Train,Galle - Matara,18:00,156,150,23400,Wednesday,Cash
P101592,2/18/2025,Other,Kandy - Nuwara Eliya,18:30,35,380,13300,Tuesday,Cash
P105311,9/24/2025,Bus,Colombo - Kandy,11:00,56,430,24080,Wednesday,Cash
P102163,12/19/2025,Bus,Colombo - Galle,9:00,35,430,15050,Friday,Cash
P102397,10/3/2025,Bus,Colombo - Negombo,7:00,61,230,14030,Friday,Cash
P100318,6/19/2025,Bus,Kurunegala - Dambulla,21:00,22,260,5720,Thursday,Card
P105384,8/12/2025,Bus,Colombo - Ratnapura,8:00,31,280,8680,Tuesday,Card
P103112,6/13/2025,Bus,Kurunegala - Dambulla,12:00,43,230,9890,Friday,Cash
P104037,2/9/2025,Other,Kandy - Nuwara Eliya,17:30,42,380,15960,Sunday,Mobile Payment
P100796,5/22/2025,Train,Kandy - Colombo,16:00,139,310,43090,Thursday,Mobile Payment
P103021,6/27/2025,Bus,Kurunegala - Dambulla,7:30,59,250,14750,Friday,Cash
P101712,7/26/2025,Bus,Colombo - Galle,17:00,29,380,11020,Saturday,Card
P103388,8/23/2025,Train,Kurunegala - Dambulla,17:30,119,180,21420,Saturday,Cash
P100037,3/21/2025,Bus,Colombo - Kalutara,12:00,27,170,4590,Friday,Mobile Payment
P100914,8/20/2025,Bus,Galle - Matara,18:00,86,190,16340,Wednesday,Cash
P103973,12/4/2025,Bus,Galle - Matara,11:00,19,200,3800,Thursday,Mobile Payment
P104134,4/16/2025,Train,Galle - Matara,17:30,105,160,16800,Wednesday,Cash
P100975,4/22/2025,Bus,Kurunegala - Dambulla,9:00,49,230,11270,Tuesday,Card
P100984,10/5/2025,Bus,Kandy - Colombo,17:30,38,450,17100,Sunday,Card
P105210,5/13/2025,Bus,Kandy - Nuwara Eliya,21:00,39,280,10920,Tuesday,Cash
P101419,9/17/2025,Bus,Colombo - Negombo,21:00,30,230,6900,Wednesday,Card
P101561,6/21/2025,Bus,Kandy - Colombo,8:00,74,450,33300,Saturday,Cash
P104136,6/8/2025,Bus,Kandy - Colombo,8:30,55,450,24750,Sunday,Cash
P104266,4/13/2025,Bus,Kandy - Colombo,12:00,44,470,20680,Sunday,Card
P101356,12/29/2025,Train,Colombo - Kandy,17:30,96,310,29760,Monday,Card
P105692,3/28/2025,Bus,Kurunegala - Dambulla,7:30,54,260,14040,Friday,Cash
P100988,5/23/2025,Bus,Kandy - Colombo,8:00,53,430,22790,Friday,Cash
P102683,2/19/2025,Bus,Colombo - Negombo,10:00,38,270,10260,Wednesday,Mobile Payment
P101641,6/4/2025,Bus,Galle - Matara,10:00,34,220,7480,Wednesday,Card
P101291,7/4/2025,Bus,Kandy - Nuwara Eliya,11:00,40,320,12800,Friday,Card
P103682,1/17/2025,Bus,Colombo - Negombo,21:00,69,240,16560,Friday,Card
P101381,12/30/2025,Bus,Colombo - Negombo,19:00,47,250,11750,Tuesday,Mobile Payment
P101934,2/7/2025,Train,Colombo - Kurunegala,10:00,148,250,37000,Friday,Card
P105046,10/17/2025,Train,Colombo - Negombo,8:00,204,200,40800,Friday,Card
P103161,2/24/2025,Bus,Kurunegala - Dambulla,6:30,32,270,8640,Monday,Card
P102031,11/18/2025,Bus,Colombo - Ratnapura,16:00,7,300,2100,Tuesday,Card
P100893,12/8/2025,Train,Kandy - Nuwara Eliya,6:30,79,220,17380,Monday,Mobile Payment
P104070,2/18/2025,Train,Colombo - Ratnapura,8:00,106,230,24380,Tuesday,Cash
P104256,7/19/2025,Train,Colombo - Galle,14:00,75,280,21000,Saturday,Cash
P100003,5/2/2025,Train,Colombo - Kurunegala,18:30,218,260,56680,Friday,Cash
P102110,5/27/2025,Other,Kandy - Colombo,6:30,37,570,21090,Tuesday,Cash
P100850,3/19/2025,Train,Kurunegala - Dambulla,18:30,66,190,12540,Wednesday,Cash
P102738,12/16/2025,Bus,Colombo - Galle,6:30,90,440,39600,Tuesday,Cash
P102467,1/25/2025,Bus,Kandy - Colombo,18:30,86,460,39560,Saturday,Card
P101915,7/26/2025,Bus,Kurunegala - Dambulla,8:00,74,250,18500,Saturday,Cash
P101597,2/4/2025,Bus,Colombo - Kandy,11:00,34,460,15640,Tuesday,Mobile Payment
P101914,10/11/2025,Bus,Colombo - Negombo,14:00,56,260,14560,Saturday,Card
P105653,7/18/2025,Bus,Colombo - Negombo,7:00,22,240,5280,Friday,Card
P102737,2/11/2025,Other,Kandy - Nuwara Eliya,13:00,34,340,11560,Tuesday,Card
P100727,3/19/2025,Bus,Colombo - Kurunegala,6:30,54,340,18360,Wednesday,Card
P100054,4/23/2025,Train,Colombo - Kalutara,8:00,90,150,13500,Wednesday,Card
P101797,12/26/2025,Train,Kandy - Nuwara Eliya,16:00,70,240,16800,Friday,Cash
P103846,5/14/2025,Train,Colombo - Kandy,21:00,137,340,46580,Wednesday,Cash
P102554,8/4/2025,Other,Colombo - Ratnapura,16:00,25,380,9500,Monday,Cash
P102801,11/11/2025,Train,Colombo - Kurunegala,18:30,152,260,39520,Tuesday,Cash
P100937,5/14/2025,Bus,Colombo - Kurunegala,19:00,61,370,22570,Wednesday,Cash
P104942,6/3/2025,Bus,Galle - Matara,8:00,50,200,10000,Tuesday,Mobile Payment
P100825,9/1/2025,Bus,Kandy - Colombo,7:30,38,490,18620,Monday,Cash
P104322,4/28/2025,Other,Colombo - Kalutara,9:00,23,210,4830,Monday,Mobile Payment
P103402,7/14/2025,Bus,Colombo - Kurunegala,7:00,52,330,17160,Monday,Card
P101390,6/1/2025,Bus,Galle - Matara,10:00,49,180,8820,Sunday,Card
P103565,11/14/2025,Bus,Colombo - Kandy,18:00,47,410,19270,Friday,Mobile Payment
P100885,8/5/2025,Train,Colombo - Negombo,13:00,172,190,32680,Tuesday,Card
P101869,6/30/2025,Bus,Kandy - Colombo,17:00,50,440,22000,Monday,Cash
P100011,10/28/2025,Bus,Colombo - Galle,7:00,69,370,25530,Tuesday,Cash
P103416,12/29/2025,Train,Galle - Matara,21:00,138,140,19320,Monday,Mobile Payment
P101464,11/23/2025,Train,Colombo - Negombo,15:00,135,190,25650,Sunday,Cash
P100807,10/1/2025,Other,Colombo - Kurunegala,8:00,7,400,2800,Wednesday,Mobile Payment
P104716,9/27/2025,Bus,Kandy - Colombo,21:00,46,450,20700,Saturday,Cash
P104069,1/19/2025,Train,Galle - Matara,19:00,214,150,32100,Sunday,Cash
P102109,10/1/2025,Bus,Colombo - Kandy,10:00,57,470,26790,Wednesday,Mobile Payment
P105063,9/25/2025,Bus,Colombo - Galle,9:00,44,370,16280,Thursday,Cash
P105947,12/20/2025,Bus,Colombo - Galle,18:30,54,370,19980,Saturday,Cash
P102235,11/17/2025,Train,Colombo - Kandy,14:00,113,310,35030,Monday,Mobile Payment
P100964,11/4/2025,Bus,Colombo - Kandy,7:30,49,490,24010,Tuesday,Cash
P104495,2/19/2025,Train,Kandy - Colombo,20:00,133,330,43890,Wednesday,Mobile Payment
P102633,12/23/2025,Bus,Galle - Matara,18:30,40,200,8000,Tuesday,Card
P100705,5/26/2025,Bus,Colombo - Negombo,8:00,44,260,11440,Monday,Cash
P100432,7/5/2025,Train,Colombo - Kalutara,6:30,231,140,32340,Saturday,Cash
P104389,4/19/2025,Bus,Kandy - Colombo,7:00,59,450,26550,Saturday,Mobile Payment
P100146,8/24/2025,Bus,Kandy - Nuwara Eliya,21:00,25,310,7750,Sunday,Mobile Payment
P102034,9/20/2025,Other,Colombo - Kalutara,21:00,9,200,1800,Saturday,Cash
P105031,11/30/2025,Bus,Colombo - Kalutara,6:30,53,180,9540,Sunday,Card
P101166,10/15/2025,Train,Colombo - Ratnapura,8:00,185,230,42550,Wednesday,Mobile Payment
P103501,1/31/2025,Bus,Galle - Matara,18:00,82,220,18040,Friday,Cash
P102051,10/4/2025,Bus,Colombo - Kalutara,17:30,58,170,9860,Saturday,Card
P103761,10/10/2025,Bus,Colombo - Kandy,10:00,39,440,17160,Friday,Cash
P102625,4/30/2025,Bus,Colombo - Ratnapura,12:00,47,310,14570,Wednesday,Cash
P104485,12/20/2025,Bus,Colombo - Kurunegala,8:30,56,330,18480,Saturday,Card
P104436,3/6/2025,Bus,Colombo - Galle,18:30,54,420,22680,Thursday,Card
P104779,9/28/2025,Bus,Colombo - Kalutara,13:00,35,170,5950,Sunday,Cash
P104649,12/11/2025,Train,Kandy - Colombo,20:00,111,330,36630,Thursday,Cash
P104362,6/17/2025,Train,Colombo - Kurunegala,9:00,112,280,31360,Tuesday,Mobile Payment
P102425,4/21/2025,Bus,Colombo - Kalutara,18:00,59,160,9440,Monday,Cash
P101263,1/31/2025,Bus,Kandy - Colombo,8:30,74,440,32560,Friday,Card
P101772,12/19/2025,Train,Colombo - Kurunegala,19:00,149,260,38740,Friday,Card
P103512,12/16/2025,Bus,Colombo - Kurunegala,11:00,41,320,13120,Tuesday,Card
P100272,12/8/2025,Train,Kurunegala - Dambulla,14:00,137,200,27400,Monday,Cash
P100245,8/12/2025,Bus,Colombo - Kandy,16:00,50,430,21500,Tuesday,Card
P105821,6/9/2025,Train,Galle - Matara,11:00,132,150,19800,Monday,Card
P104573,9/3/2025,Bus,Kandy - Nuwara Eliya,19:00,57,310,17670,Wednesday,Mobile Payment
P102033,3/15/2025,Bus,Colombo - Galle,14:00,33,420,13860,Saturday,Cash
P104741,8/6/2025,Train,Colombo - Kurunegala,21:00,116,260,30160,Wednesday,Cash
P100814,11/13/2025,Other,Colombo - Galle,8:00,25,430,10750,Thursday,Cash
P103811,3/6/2025,Train,Colombo - Galle,20:00,128,310,39680,Thursday,Cash
P104869,12/24/2025,Train,Colombo - Negombo,13:00,69,180,12420,Wednesday,Cash
P101805,1/24/2025,Bus,Colombo - Ratnapura,10:00,49,330,16170,Friday,Mobile Payment
P104347,2/27/2025,Train,Kandy - Colombo,18:00,133,350,46550,Thursday,Cash
P102462,10/9/2025,Train,Galle - Matara,19:00,140,140,19600,Thursday,Card
P100546,12/15/2025,Bus,Colombo - Kurunegala,12:00,53,350,18550,Monday,Card
P103242,7/24/2025,Bus,Colombo - Kalutara,7:00,45,180,8100,Thursday,Card
P100739,5/16/2025,Bus,Kandy - Colombo,13:00,37,430,15910,Friday,Cash
P100311,8/8/2025,Bus,Kandy - Colombo,19:00,72,480,34560,Friday,Card
P103522,9/26/2025,Bus,Colombo - Ratnapura,17:30,77,320,24640,Friday,Card
P101132,1/16/2025,Bus,Galle - Matara,6:30,53,200,10600,Thursday,Cash
P105907,3/10/2025,Bus,Colombo - Kalutara,17:30,74,190,14060,Monday,Mobile Payment
P104112,11/27/2025,Bus,Colombo - Galle,10:00,73,420,30660,Thursday,Card
P102770,5/9/2025,Train,Kandy - Colombo,9:00,168,350,58800,Friday,Cash
P100921,8/11/2025,Train,Colombo - Galle,14:00,112,300,33600,Monday,Card
P103588,8/16/2025,Train,Colombo - Kalutara,18:00,132,140,18480,Saturday,Cash
P103960,12/9/2025,Bus,Colombo - Kandy,13:00,42,480,20160,Tuesday,Card
P100039,5/15/2025,Train,Colombo - Galle,20:00,89,320,28480,Thursday,Mobile Payment
P104460,4/18/2025,Bus,Kurunegala - Dambulla,7:30,41,270,11070,Friday,Cash
P104279,1/15/2025,Bus,Kandy - Colombo,7:30,57,410,23370,Wednesday,Cash
P102984,3/17/2025,Train,Colombo - Kurunegala,18:30,172,250,43000,Monday,Mobile Payment
P105986,12/22/2025,Bus,Colombo - Ratnapura,9:00,38,290,11020,Monday,Mobile Payment
P102668,10/28/2025,Train,Galle - Matara,14:00,102,160,16320,Tuesday,Card
P103224,7/23/2025,Bus,Colombo - Kandy,16:00,55,430,23650,Wednesday,Cash
P101183,10/23/2025,Train,Colombo - Kandy,7:30,94,330,31020,Thursday,Card
P100615,6/7/2025,Train,Colombo - Kalutara,19:00,151,120,18120,Saturday,Cash
P105890,12/22/2025,Bus,Colombo - Galle,16:00,35,430,15050,Monday,Cash
P101467,11/17/2025,Other,Colombo - Kurunegala,14:00,16,400,6400,Monday,Cash
P104498,10/14/2025,Bus,Colombo - Galle,14:00,47,370,17390,Tuesday,Cash
P103043,8/18/2025,Bus,Kurunegala - Dambulla,19:00,50,260,13000,Monday,Cash
P100935,1/10/2025,Bus,Colombo - Kandy,11:00,45,470,21150,Friday,Card
P102420,3/26/2025,Bus,Colombo - Kandy,7:30,67,450,30150,Wednesday,Cash
P105412,2/17/2025,Bus,Kandy - Colombo,12:00,58,480,27840,Monday,Mobile Payment
P104857,3/9/2025,Bus,Colombo - Kandy,12:00,64,480,30720,Sunday,Card
P100827,5/11/2025,Bus,Galle - Matara,8:30,38,190,7220,Sunday,Mobile Payment
P101522,10/6/2025,Other,Galle - Matara,13:00,26,260,6760,Monday,Cash
P102931,10/26/2025,Train,Kandy - Nuwara Eliya,19:00,157,240,37680,Sunday,Cash
P104233,5/25/2025,Bus,Kandy - Nuwara Eliya,6:30,43,300,12900,Sunday,Mobile Payment
P100629,6/4/2025,Bus,Colombo - Ratnapura,18:30,62,320,19840,Wednesday,Cash
P104431,11/19/2025,Train,Kurunegala - Dambulla,17:00,109,170,18530,Wednesday,Cash
P103854,12/27/2025,Other,Colombo - Kandy,11:00,20,590,11800,Saturday,Mobile Payment
P100391,5/23/2025,Other,Colombo - Kandy,18:30,20,530,10600,Friday,Cash
P104346,7/16/2025,Bus,Colombo - Negombo,15:00,45,230,10350,Wednesday,Mobile Payment
P105851,9/2/2025,Bus,Colombo - Kandy,16:00,31,430,13330,Tuesday,Cash
P103991,4/28/2025,Bus,Kurunegala - Dambulla,18:00,87,240,20880,Monday,Card
P100401,7/25/2025,Bus,Colombo - Ratnapura,9:00,13,320,4160,Friday,Cash
P103360,6/1/2025,Train,Colombo - Kandy,18:00,125,320,40000,Sunday,Cash
P100047,10/24/2025,Bus,Colombo - Galle,10:00,42,400,16800,Friday,Card
P105754,11/6/2025,Train,Galle - Matara,7:30,228,160,36480,Thursday,Card
P105910,7/24/2025,Bus,Colombo - Ratnapura,15:00,49,280,13720,Thursday,Card
P103643,10/1/2025,Bus,Galle - Matara,20:00,21,220,4620,Wednesday,Cash
P103727,5/3/2025,Bus,Galle - Matara,17:30,69,200,13800,Saturday,Mobile Payment
P105825,5/7/2025,Bus,Kurunegala - Dambulla,21:00,39,260,10140,Wednesday,Mobile Payment
P102422,7/2/2025,Bus,Colombo - Kandy,14:00,45,430,19350,Wednesday,Card
P101751,5/15/2025,Bus,Colombo - Negombo,6:30,53,270,14310,Thursday,Card
P105799,9/6/2025,Other,Colombo - Galle,17:30,44,510,22440,Saturday,Cash
P104908,7/19/2025,Bus,Colombo - Kandy,19:00,56,420,23520,Saturday,Card
P104063,10/17/2025,Train,Kandy - Colombo,12:00,155,370,57350,Friday,Cash
P100339,7/29/2025,Bus,Colombo - Kandy,7:00,61,410,25010,Tuesday,Card
P100216,5/2/2025,Bus,Colombo - Kurunegala,18:00,57,320,18240,Friday,Card
P103664,10/1/2025,Bus,Kandy - Colombo,11:00,34,470,15980,Wednesday,Cash
P101342,9/2/2025,Bus,Colombo - Kandy,15:00,24,460,11040,Tuesday,Mobile Payment
P105485,9/5/2025,Train,Colombo - Kandy,9:00,124,320,39680,Friday,Mobile Payment
P103895,5/21/2025,Train,Colombo - Galle,14:00,127,290,36830,Wednesday,Cash
P103641,9/18/2025,Bus,Colombo - Kalutara,15:00,42,180,7560,Thursday,Card
P100330,12/1/2025,Bus,Colombo - Ratnapura,17:30,65,280,18200,Monday,Card
P103005,11/4/2025,Train,Colombo - Kandy,6:30,95,360,34200,Tuesday,Cash
P105732,5/30/2025,Bus,Colombo - Kalutara,18:00,69,180,12420,Friday,Card
P103116,12/25/2025,Train,Colombo - Galle,11:00,58,290,16820,Thursday,Card
P105802,7/30/2025,Bus,Kandy - Colombo,13:00,42,460,19320,Wednesday,Cash
P102323,9/25/2025,Train,Colombo - Galle,7:00,124,300,37200,Thursday,Cash
P104198,7/15/2025,Bus,Kurunegala - Dambulla,7:30,82,240,19680,Tuesday,Cash
P103550,11/9/2025,Train,Kandy - Colombo,8:00,121,320,38720,Sunday,Cash
P101459,4/16/2025,Bus,Colombo - Galle,16:00,59,420,24780,Wednesday,Mobile Payment
P100172,10/25/2025,Bus,Colombo - Galle,18:30,53,390,20670,Saturday,Mobile Payment
P104204,11/13/2025,Other,Colombo - Kandy,18:30,36,510,18360,Thursday,Mobile Payment
P105021,5/25/2025,Train,Colombo - Negombo,9:00,153,170,26010,Sunday,Cash
P103570,8/1/2025,Train,Kandy - Colombo,13:00,176,360,63360,Friday,Card
P104227,9/28/2025,Bus,Kandy - Nuwara Eliya,12:00,42,300,12600,Sunday,Cash
P104889,10/14/2025,Bus,Colombo - Galle,14:00,51,430,21930,Tuesday,Cash
P104937,1/7/2025,Other,Colombo - Kalutara,19:00,48,230,11040,Tuesday,Cash
P100939,4/26/2025,Bus,Colombo - Kurunegala,8:30,62,330,20460,Saturday,Card
P100061,11/8/2025,Bus,Colombo - Kandy,19:00,45,460,20700,Saturday,Cash
P101241,1/9/2025,Train,Colombo - Kurunegala,21:00,118,260,30680,Thursday,Cash
P105010,9/26/2025,Bus,Colombo - Kalutara,21:00,47,180,8460,Friday,Cash
P102121,12/18/2025,Train,Colombo - Negombo,14:00,152,200,30400,Thursday,Card
P101525,5/8/2025,Bus,Kandy - Colombo,21:00,41,480,19680,Thursday,Card
P100154,8/18/2025,Bus,Galle - Matara,6:30,37,190,7030,Monday,Cash
P100482,12/9/2025,Train,Colombo - Kalutara,15:00,106,130,13780,Tuesday,Cash
P104461,10/11/2025,Bus,Colombo - Kandy,17:00,39,440,17160,Saturday,Cash
P103921,2/15/2025,Other,Colombo - Kandy,8:30,39,530,20670,Saturday,Cash
P101763,10/23/2025,Bus,Colombo - Negombo,19:00,52,270,14040,Thursday,Cash
P100751,7/31/2025,Bus,Colombo - Kalutara,17:30,38,170,6460,Thursday,Mobile Payment
P101786,12/8/2025,Train,Colombo - Kandy,17:00,176,310,54560,Monday,Cash
P104502,2/2/2025,Bus,Colombo - Kandy,18:00,56,420,23520,Sunday,Cash
P102712,4/27/2025,Bus,Colombo - Kalutara,20:00,47,180,8460,Sunday,Mobile Payment
P104846,3/29/2025,Bus,Colombo - Negombo,16:00,52,270,14040,Saturday,Mobile Payment
P104194,6/12/2025,Train,Colombo - Ratnapura,6:30,100,240,24000,Thursday,Mobile Payment
P101334,1/15/2025,Other,Colombo - Negombo,19:00,29,290,8410,Wednesday,Cash
P105336,2/15/2025,Other,Colombo - Kurunegala,7:30,22,400,8800,Saturday,Card
P102855,7/31/2025,Bus,Kandy - Nuwara Eliya,8:00,25,280,7000,Thursday,Mobile Payment
P100187,8/12/2025,Train,Colombo - Ratnapura,20:00,117,230,26910,Tuesday,Mobile Payment
P101137,6/11/2025,Train,Colombo - Galle,17:00,69,280,19320,Wednesday,Mobile Payment
P102059,8/5/2025,Train,Colombo - Ratnapura,8:00,203,220,44660,Tuesday,Cash
P105023,6/1/2025,Other,Kandy - Colombo,17:30,21,510,10710,Sunday,Cash
P100149,6/26/2025,Bus,Colombo - Kurunegala,7:30,55,350,19250,Thursday,Cash
P104125,6/3/2025,Train,Colombo - Ratnapura,16:00,133,210,27930,Tuesday,Cash
P103364,5/13/2025,Bus,Kurunegala - Dambulla,7:00,88,250,22000,Tuesday,Card
P102867,4/28/2025,Bus,Colombo - Galle,18:00,55,400,22000,Monday,Card
P103777,11/29/2025,Train,Colombo - Kalutara,18:00,103,150,15450,Saturday,Cash
P101387,4/2/2025,Train,Kandy - Colombo,21:00,130,360,46800,Wednesday,Cash
P105672,5/18/2025,Bus,Colombo - Galle,6:30,62,390,24180,Sunday,Cash
P104960,6/22/2025,Train,Colombo - Negombo,20:00,107,200,21400,Sunday,Mobile Payment
P103630,6/7/2025,Train,Kurunegala - Dambulla,13:00,97,200,19400,Saturday,Card
P105397,7/26/2025,Bus,Kurunegala - Dambulla,10:00,46,230,10580,Saturday,Cash
P103029,4/12/2025,Train,Kurunegala - Dambulla,12:00,129,180,23220,Saturday,Mobile Payment
P102970,7/21/2025,Bus,Colombo - Galle,15:00,54,410,22140,Monday,Cash
P105208,3/26/2025,Bus,Kandy - Nuwara Eliya,21:00,30,320,9600,Wednesday,Mobile Payment
P101709,6/20/2025,Train,Galle - Matara,15:00,99,160,15840,Friday,Card
P102954,4/17/2025,Bus,Colombo - Kalutara,18:00,66,190,12540,Thursday,Cash
P100455,4/23/2025,Bus,Colombo - Kandy,17:00,54,480,25920,Wednesday,Mobile Payment
P100610,9/2/2025,Train,Colombo - Negombo,19:00,85,200,17000,Tuesday,Cash
P104264,5/26/2025,Bus,Galle - Matara,21:00,40,220,8800,Monday,Card
P105082,4/17/2025,Bus,Colombo - Galle,10:00,21,380,7980,Thursday,Cash
P102075,9/1/2025,Train,Kandy - Nuwara Eliya,13:00,149,240,35760,Monday,Cash
P104053,4/3/2025,Train,Galle - Matara,15:00,169,160,27040,Thursday,Cash
P104874,11/27/2025,Bus,Colombo - Kalutara,8:30,44,170,7480,Thursday,Cash
P101623,4/14/2025,Train,Colombo - Ratnapura,8:00,71,210,14910,Monday,Card
P104684,7/30/2025,Bus,Colombo - Ratnapura,14:00,53,280,14840,Wednesday,Card
P105253,10/8/2025,Train,Colombo - Kandy,20:00,83,310,25730,Wednesday,Cash
P100041,8/30/2025,Bus,Colombo - Kandy,14:00,50,480,24000,Saturday,Card
P102090,7/11/2025,Bus,Kandy - Colombo,7:00,49,430,21070,Friday,Mobile Payment
P103925,4/2/2025,Other,Kandy - Nuwara Eliya,20:00,19,370,7030,Wednesday,Cash
P102176,11/21/2025,Train,Colombo - Galle,15:00,176,330,58080,Friday,Mobile Payment
P100075,11/28/2025,Train,Colombo - Kalutara,16:00,125,120,15000,Friday,Mobile Payment
P105926,9/28/2025,Train,Kandy - Nuwara Eliya,7:00,145,230,33350,Sunday,Cash
P105917,11/15/2025,Other,Colombo - Kandy,15:00,27,560,15120,Saturday,Cash
P102658,10/27/2025,Train,Colombo - Ratnapura,20:00,116,210,24360,Monday,Card
P103181,5/9/2025,Bus,Colombo - Kalutara,8:30,39,170,6630,Friday,Cash
P102077,9/5/2025,Bus,Colombo - Kandy,13:00,29,470,13630,Friday,Cash
P100442,1/6/2025,Other,Colombo - Kalutara,13:00,17,220,3740,Monday,Cash
P102052,6/7/2025,Bus,Kandy - Nuwara Eliya,13:00,38,320,12160,Saturday,Mobile Payment
P102542,9/17/2025,Train,Kandy - Colombo,10:00,113,330,37290,Wednesday,Cash
P101302,3/25/2025,Other,Colombo - Kandy,17:30,45,560,25200,Tuesday,Mobile Payment
P103431,6/29/2025,Train,Galle - Matara,8:00,74,150,11100,Sunday,Cash
P101305,6/30/2025,Train,Kurunegala - Dambulla,18:00,199,190,37810,Monday,Cash
P100237,4/25/2025,Bus,Kurunegala - Dambulla,16:00,45,240,10800,Friday,Cash
P104996,6/8/2025,Train,Kandy - Colombo,9:00,117,350,40950,Sunday,Cash
P102600,10/4/2025,Bus,Colombo - Kurunegala,10:00,55,350,19250,Saturday,Cash
P104617,7/20/2025,Train,Colombo - Ratnapura,16:00,139,240,33360,Sunday,Cash
P102574,8/18/2025,Bus,Colombo - Kalutara,11:00,28,180,5040,Monday,Cash
P103281,5/18/2025,Bus,Colombo - Galle,12:00,43,440,18920,Sunday,Card
P103187,1/26/2025,Bus,Colombo - Ratnapura,14:00,32,290,9280,Sunday,Cash
P103954,9/29/2025,Bus,Kandy - Colombo,8:00,26,440,11440,Monday,Mobile Payment
P102769,2/21/2025,Bus,Kandy - Colombo,18:00,73,480,35040,Friday,Cash
P104224,7/7/2025,Train,Galle - Matara,18:30,144,160,23040,Monday,Card
P102107,9/30/2025,Train,Galle - Matara,7:00,119,140,16660,Tuesday,Mobile Payment
P102680,9/11/2025,Bus,Colombo - Ratnapura,9:00,39,300,11700,Thursday,Mobile Payment
P102762,3/10/2025,Bus,Kandy - Nuwara Eliya,18:30,29,280,8120,Monday,Card
P104689,8/18/2025,Bus,Colombo - Negombo,20:00,31,240,7440,Monday,Cash
P101388,4/18/2025,Bus,Colombo - Kalutara,7:30,51,190,9690,Friday,Cash
P105632,12/23/2025,Train,Colombo - Kurunegala,16:00,108,280,30240,Tuesday,Cash
P105427,7/9/2025,Other,Colombo - Ratnapura,18:00,34,340,11560,Wednesday,Card
P101280,4/7/2025,Bus,Colombo - Negombo,17:00,67,230,15410,Monday,Mobile Payment
P105880,6/6/2025,Bus,Colombo - Galle,12:00,57,440,25080,Friday,Card
P101556,1/24/2025,Bus,Galle - Matara,10:00,26,190,4940,Friday,Cash
P105423,3/1/2025,Other,Colombo - Kandy,18:30,21,560,11760,Saturday,Cash
P103191,3/24/2025,Bus,Colombo - Galle,19:00,58,400,23200,Monday,Mobile Payment
P104567,2/28/2025,Bus,Kandy - Colombo,14:00,46,410,18860,Friday,Mobile Payment
P104803,2/24/2025,Other,Colombo - Ratnapura,20:00,23,360,8280,Monday,Cash
P105627,11/22/2025,Bus,Galle - Matara,13:00,22,200,4400,Saturday,Card
P103595,11/2/2025,Bus,Kurunegala - Dambulla,8:00,36,230,8280,Sunday,Cash
P101921,10/16/2025,Train,Colombo - Kandy,9:00,142,360,51120,Thursday,Card
P100514,1/8/2025,Train,Colombo - Kalutara,17:30,162,120,19440,Wednesday,Cash
P104178,2/17/2025,Train,Colombo - Kalutara,9:00,149,130,19370,Monday,Card
P101309,4/16/2025,Bus,Colombo - Kurunegala,7:00,102,380,38760,Wednesday,Cash
P100915,3/9/2025,Train,Kandy - Nuwara Eliya,13:00,142,240,34080,Sunday,Card
P103453,11/5/2025,Train,Kandy - Nuwara Eliya,11:00,120,230,27600,Wednesday,Cash
P103696,11/26/2025,Bus,Colombo - Kurunegala,9:00,33,370,12210,Wednesday,Card
P104243,5/15/2025,Train,Galle - Matara,16:00,224,150,33600,Thursday,Mobile Payment
P103157,3/23/2025,Other,Colombo - Negombo,8:00,42,310,13020,Sunday,Cash
P102199,10/15/2025,Bus,Colombo - Kalutara,16:00,62,190,11780,Wednesday,Card
P100775,8/22/2025,Train,Kurunegala - Dambulla,19:00,156,180,28080,Friday,Cash
P104426,7/16/2025,Bus,Kurunegala - Dambulla,8:00,38,250,9500,Wednesday,Cash
P100944,11/12/2025,Train,Kandy - Colombo,17:00,87,330,28710,Wednesday,Cash
P100823,5/30/2025,Bus,Colombo - Negombo,20:00,44,260,11440,Friday,Cash
P104278,4/22/2025,Bus,Colombo - Negombo,9:00,25,260,6500,Tuesday,Cash
P100165,9/15/2025,Bus,Colombo - Galle,14:00,38,380,14440,Monday,Cash
P104548,3/24/2025,Train,Galle - Matara,15:00,156,160,24960,Monday,Mobile Payment
P103984,6/21/2025,Bus,Galle - Matara,12:00,28,190,5320,Saturday,Card
P102539,1/3/2025,Train,Colombo - Kalutara,17:00,132,140,18480,Friday,Cash
P105725,2/18/2025,Bus,Kandy - Colombo,12:00,46,470,21620,Tuesday,Cash
P101312,1/11/2025,Train,Colombo - Ratnapura,10:00,76,210,15960,Saturday,Card
P105839,8/2/2025,Train,Colombo - Kalutara,17:00,224,140,31360,Saturday,Card
P104998,5/17/2025,Bus,Kandy - Nuwara Eliya,12:00,50,270,13500,Saturday,Mobile Payment
P105569,12/3/2025,Train,Colombo - Kurunegala,19:00,102,240,24480,Wednesday,Card
P103301,5/31/2025,Bus,Galle - Matara,8:00,24,190,4560,Saturday,Cash
P103311,9/3/2025,Train,Colombo - Kalutara,15:00,129,120,15480,Wednesday,Cash
P100328,6/14/2025,Train,Colombo - Kurunegala,21:00,127,240,30480,Saturday,Card
P102491,7/1/2025,Bus,Kurunegala - Dambulla,16:00,32,270,8640,Tuesday,Cash
P105621,2/20/2025,Bus,Kurunegala - Dambulla,17:00,81,240,19440,Thursday,Cash
P104409,7/31/2025,Bus,Colombo - Kandy,15:00,52,480,24960,Thursday,Cash
P100833,10/22/2025,Bus,Colombo - Kandy,19:00,62,430,26660,Wednesday,Card
P103080,3/6/2025,Other,Colombo - Negombo,10:00,33,310,10230,Thursday,Cash
P103463,8/16/2025,Train,Kandy - Nuwara Eliya,14:00,147,230,33810,Saturday,Cash
P105254,4/20/2025,Bus,Colombo - Negombo,15:00,29,270,7830,Sunday,Cash
P100055,12/18/2025,Train,Colombo - Kurunegala,20:00,93,260,24180,Thursday,Card
P104065,9/9/2025,Train,Colombo - Galle,7:30,147,330,48510,Tuesday,Card
P103452,5/14/2025,Train,Kandy - Colombo,14:00,94,360,33840,Wednesday,Mobile Payment
P101902,11/25/2025,Bus,Colombo - Galle,17:30,73,440,32120,Tuesday,Mobile Payment
P101482,1/15/2025,Bus,Colombo - Kalutara,18:30,52,180,9360,Wednesday,Card
P104151,5/10/2025,Bus,Colombo - Ratnapura,21:00,55,290,15950,Saturday,Cash
P103336,8/22/2025,Train,Colombo - Kalutara,9:00,102,150,15300,Friday,Mobile Payment
P100947,9/5/2025,Bus,Colombo - Kurunegala,17:30,79,360,28440,Friday,Mobile Payment
P103294,11/4/2025,Bus,Colombo - Negombo,15:00,39,270,10530,Tuesday,Cash
P102162,7/1/2025,Train,Kandy - Colombo,8:00,173,310,53630,Tuesday,Card
P105077,9/12/2025,Train,Colombo - Negombo,13:00,113,180,20340,Friday,Mobile Payment
P103058,4/22/2025,Bus,Colombo - Kandy,9:00,39,470,18330,Tuesday,Card
P100769,8/3/2025,Bus,Colombo - Galle,18:00,73,360,26280,Sunday,Mobile Payment
P105641,5/21/2025,Train,Galle - Matara,8:30,96,160,15360,Wednesday,Cash
P103496,4/20/2025,Bus,Colombo - Kalutara,10:00,48,170,8160,Sunday,Mobile Payment
P100286,8/3/2025,Bus,Kandy - Colombo,16:00,42,490,20580,Sunday,Cash
P105927,12/5/2025,Train,Colombo - Ratnapura,20:00,58,210,12180,Friday,Cash
P104525,4/1/2025,Train,Kandy - Nuwara Eliya,19:00,93,230,21390,Tuesday,Cash
P105333,10/17/2025,Bus,Galle - Matara,10:00,61,180,10980,Friday,Cash
P102333,4/6/2025,Train,Colombo - Kurunegala,18:00,111,270,29970,Sunday,Cash
P102718,11/18/2025,Other,Colombo - Kurunegala,17:30,27,450,12150,Tuesday,Cash
P102080,3/12/2025,Train,Colombo - Ratnapura,12:00,127,230,29210,Wednesday,Cash
P103390,11/25/2025,Train,Kandy - Colombo,18:30,159,330,52470,Tuesday,Mobile Payment
P100723,8/31/2025,Bus,Kurunegala - Dambulla,7:30,52,250,13000,Sunday,Card
P100952,1/13/2025,Train,Galle - Matara,21:00,150,150,22500,Monday,Cash
P105584,10/29/2025,Train,Kandy - Colombo,11:00,109,370,40330,Wednesday,Card
P102263,9/9/2025,Train,Colombo - Ratnapura,13:00,89,230,20470,Tuesday,Cash
P100990,10/30/2025,Train,Colombo - Galle,10:00,72,270,19440,Thursday,Card
P103213,8/16/2025,Bus,Colombo - Ratnapura,11:00,39,320,12480,Saturday,Cash
P101760,9/6/2025,Bus,Colombo - Negombo,20:00,36,260,9360,Saturday,Cash
P104920,2/27/2025,Bus,Kandy - Colombo,8:30,38,480,18240,Thursday,Card
P104423,8/9/2025,Train,Colombo - Galle,7:30,165,300,49500,Saturday,Mobile Payment
P101725,12/4/2025,Train,Colombo - Kandy,6:30,140,310,43400,Thursday,Card
P100342,1/5/2025,Bus,Colombo - Kalutara,14:00,48,160,7680,Sunday,Cash
P103702,1/15/2025,Train,Kurunegala - Dambulla,14:00,180,190,34200,Wednesday,Mobile Payment
P104244,1/13/2025,Bus,Colombo - Kandy,16:00,45,440,19800,Monday,Card
P100689,5/28/2025,Train,Colombo - Kurunegala,12:00,125,250,31250,Wednesday,Cash
P103433,1/6/2025,Train,Colombo - Kandy,9:00,182,310,56420,Monday,Card
P100967,12/6/2025,Train,Galle - Matara,14:00,85,150,12750,Saturday,Card
P105667,2/4/2025,Train,Colombo - Kalutara,11:00,95,140,13300,Tuesday,Cash
P102204,11/27/2025,Bus,Galle - Matara,14:00,40,200,8000,Thursday,Card
P102714,3/31/2025,Bus,Galle - Matara,11:00,53,200,10600,Monday,Cash
P104758,2/7/2025,Train,Colombo - Kalutara,8:30,108,140,15120,Friday,Cash
P105733,3/14/2025,Train,Colombo - Kurunegala,8:00,105,260,27300,Friday,Card
P105943,3/5/2025,Bus,Colombo - Kurunegala,6:30,79,340,26860,Wednesday,Cash
P103573,1/4/2025,Train,Galle - Matara,17:00,47,160,7520,Saturday,Card
P104806,7/20/2025,Bus,Galle - Matara,17:00,86,200,17200,Sunday,Cash
P101991,4/26/2025,Train,Galle - Matara,10:00,102,160,16320,Saturday,Cash
P104121,3/29/2025,Bus,Colombo - Galle,10:00,63,400,25200,Saturday,Card
P104760,5/14/2025,Other,Galle - Matara,18:30,24,250,6000,Wednesday,Cash
P104915,11/23/2025,Bus,Colombo - Galle,10:00,41,440,18040,Sunday,Mobile Payment
P105554,1/20/2025,Train,Kurunegala - Dambulla,20:00,179,190,34010,Monday,Mobile Payment
P105794,2/24/2025,Other,Kandy - Colombo,18:00,45,580,26100,Monday,Cash
P103601,5/27/2025,Bus,Colombo - Kalutara,18:00,62,190,11780,Tuesday,Mobile Payment
P105473,10/13/2025,Bus,Kurunegala - Dambulla,21:00,25,270,6750,Monday,Card
P105972,2/15/2025,Bus,Kandy - Colombo,21:00,40,420,16800,Saturday,Cash
P104939,3/18/2025,Train,Colombo - Kalutara,6:30,117,130,15210,Tuesday,Cash
P100386,12/27/2025,Train,Colombo - Kandy,20:00,106,340,36040,Saturday,Mobile Payment
P105229,8/22/2025,Bus,Colombo - Kalutara,20:00,35,200,7000,Friday,Cash
P105475,9/29/2025,Bus,Colombo - Kandy,16:00,51,420,21420,Monday,Cash
P100537,9/18/2025,Train,Colombo - Negombo,8:00,107,200,21400,Thursday,Card
P105622,5/17/2025,Other,Colombo - Ratnapura,18:00,16,340,5440,Saturday,Card
P104213,10/11/2025,Bus,Galle - Matara,18:30,30,200,6000,Saturday,Cash
P103508,9/23/2025,Bus,Galle - Matara,8:00,84,220,18480,Tuesday,Mobile Payment
P100202,5/7/2025,Bus,Colombo - Kalutara,7:30,28,190,5320,Wednesday,Mobile Payment
P101333,3/27/2025,Bus,Colombo - Kalutara,18:00,35,200,7000,Thursday,Cash
P103503,9/16/2025,Other,Kurunegala - Dambulla,7:00,25,320,8000,Tuesday,Cash
P102709,8/28/2025,Bus,Kurunegala - Dambulla,20:00,32,240,7680,Thursday,Card
P104663,12/27/2025,Bus,Galle - Matara,8:00,39,200,7800,Saturday,Card
P104022,6/26/2025,Bus,Kandy - Colombo,8:00,56,450,25200,Thursday,Cash
P101855,10/29/2025,Other,Colombo - Kalutara,7:30,30,200,6000,Wednesday,Cash
P105359,12/27/2025,Train,Kurunegala - Dambulla,12:00,109,210,22890,Saturday,Cash
P102873,6/5/2025,Train,Galle - Matara,13:00,129,150,19350,Thursday,Mobile Payment
P103031,1/15/2025,Bus,Colombo - Kurunegala,7:00,64,360,23040,Wednesday,Card
P101206,3/22/2025,Train,Galle - Matara,17:00,104,160,16640,Saturday,Mobile Payment
P101646,7/11/2025,Train,Kandy - Colombo,12:00,112,360,40320,Friday,Cash
P103418,1/14/2025,Train,Galle - Matara,18:30,186,140,26040,Tuesday,Mobile Payment
P103477,5/5/2025,Other,Galle - Matara,9:00,29,250,7250,Monday,Card
P102862,2/21/2025,Bus,Kandy - Nuwara Eliya,10:00,47,310,14570,Friday,Card
P101793,4/26/2025,Bus,Colombo - Ratnapura,8:30,60,280,16800,Saturday,Card
P103798,5/20/2025,Bus,Colombo - Galle,7:30,89,380,33820,Tuesday,Card
P103369,11/21/2025,Bus,Kandy - Nuwara Eliya,10:00,47,300,14100,Friday,Card
P103368,3/18/2025,Bus,Kandy - Colombo,18:00,31,480,14880,Tuesday,Mobile Payment
P103534,3/20/2025,Bus,Colombo - Ratnapura,21:00,46,310,14260,Thursday,Mobile Payment
P105260,8/28/2025,Train,Galle - Matara,19:00,111,140,15540,Thursday,Cash
P103450,5/31/2025,Bus,Colombo - Negombo,7:30,47,270,12690,Saturday,Mobile Payment
P100604,7/9/2025,Bus,Colombo - Kandy,9:00,39,440,17160,Wednesday,Cash
P103057,12/1/2025,Train,Kurunegala - Dambulla,15:00,147,180,26460,Monday,Mobile Payment
P105213,11/24/2025,Bus,Colombo - Kurunegala,16:00,40,380,15200,Monday,Mobile Payment
P100127,1/13/2025,Train,Colombo - Galle,14:00,137,310,42470,Monday,Cash
P103877,10/24/2025,Bus,Kandy - Colombo,15:00,32,420,13440,Friday,Card
P102936,2/3/2025,Bus,Galle - Matara,13:00,39,180,7020,Monday,Card
P104452,5/30/2025,Train,Kandy - Nuwara Eliya,21:00,160,240,38400,Friday,Card
P103532,10/31/2025,Train,Kandy - Colombo,7:30,79,320,25280,Friday,Mobile Payment
P102731,12/10/2025,Train,Colombo - Kandy,9:00,107,320,34240,Wednesday,Cash
P100828,12/9/2025,Bus,Kandy - Colombo,6:30,52,420,21840,Tuesday,Mobile Payment
P101640,11/21/2025,Other,Colombo - Ratnapura,7:00,21,340,7140,Friday,Card
P100985,11/16/2025,Train,Kandy - Nuwara Eliya,6:30,153,200,30600,Sunday,Cash
P103282,6/17/2025,Bus,Kurunegala - Dambulla,18:00,64,270,17280,Tuesday,Card
P105963,6/1/2025,Bus,Kandy - Nuwara Eliya,17:00,66,330,21780,Sunday,Card
P102189,4/7/2025,Train,Galle - Matara,14:00,167,140,23380,Monday,Mobile Payment
P105524,6/20/2025,Bus,Colombo - Galle,17:30,41,420,17220,Friday,Cash
P102444,7/27/2025,Train,Colombo - Negombo,7:00,111,200,22200,Sunday,Card
P100363,10/4/2025,Bus,Colombo - Kurunegala,12:00,38,320,12160,Saturday,Cash
P102350,10/9/2025,Bus,Colombo - Kurunegala,9:00,28,340,9520,Thursday,Card
P100346,12/17/2025,Train,Colombo - Kandy,12:00,74,320,23680,Wednesday,Cash
P100815,8/16/2025,Train,Colombo - Kalutara,12:00,150,140,21000,Saturday,Mobile Payment
P104808,1/15/2025,Other,Colombo - Kalutara,13:00,31,220,6820,Wednesday,Card
P103206,12/1/2025,Train,Colombo - Negombo,8:00,123,180,22140,Monday,Cash
P105415,6/7/2025,Bus,Galle - Matara,12:00,27,190,5130,Saturday,Cash
P105750,2/21/2025,Train,Colombo - Negombo,15:00,196,170,33320,Friday,Cash
P103326,8/29/2025,Train,Kandy - Nuwara Eliya,17:00,142,230,32660,Friday,Cash
P104107,6/5/2025,Other,Galle - Matara,11:00,36,250,9000,Thursday,Cash
P102117,12/20/2025,Bus,Colombo - Kurunegala,18:30,51,320,16320,Saturday,Cash
P101835,10/19/2025,Train,Colombo - Galle,8:30,155,280,43400,Sunday,Mobile Payment
P100794,5/20/2025,Train,Colombo - Galle,18:00,183,300,54900,Tuesday,Mobile Payment
P105936,5/29/2025,Train,Galle - Matara,12:00,33,160,5280,Thursday,Cash
P102675,1/16/2025,Train,Colombo - Kandy,11:00,32,370,11840,Thursday,Card
P100095,7/8/2025,Train,Kurunegala - Dambulla,8:30,161,190,30590,Tuesday,Cash
P104226,6/16/2025,Train,Colombo - Kalutara,12:00,69,140,9660,Monday,Card
P103757,2/4/2025,Bus,Galle - Matara,21:00,27,200,5400,Tuesday,Card
P102892,10/1/2025,Train,Colombo - Kalutara,11:00,21,140,2940,Wednesday,Cash
P102372,7/11/2025,Train,Colombo - Kandy,6:30,134,360,48240,Friday,Cash
P104966,5/21/2025,Bus,Colombo - Kandy,16:00,36,490,17640,Wednesday,Card
P105668,1/2/2025,Train,Colombo - Negombo,20:00,190,210,39900,Thursday,Card
P103229,9/11/2025,Bus,Kandy - Nuwara Eliya,18:30,58,280,16240,Thursday,Card
P105343,1/1/2025,Bus,Kurunegala - Dambulla,8:00,59,240,14160,Wednesday,Cash
P102854,4/20/2025,Other,Kandy - Colombo,17:30,25,500,12500,Sunday,Cash
P102913,11/5/2025,Train,Kandy - Colombo,17:30,166,340,56440,Wednesday,Card
P101866,11/14/2025,Other,Kandy - Nuwara Eliya,13:00,22,360,7920,Friday,Cash
P104613,2/26/2025,Bus,Kandy - Nuwara Eliya,7:30,59,310,18290,Wednesday,Card
P101858,3/16/2025,Bus,Colombo - Kandy,17:30,47,410,19270,Sunday,Card
P102646,2/17/2025,Bus,Colombo - Kalutara,12:00,66,160,10560,Monday,Card
P102244,3/15/2025,Other,Colombo - Kalutara,21:00,34,210,7140,Saturday,Card
P102337,4/7/2025,Bus,Colombo - Negombo,18:30,56,240,13440,Monday,Card
P100951,4/12/2025,Train,Kandy - Colombo,12:00,121,350,42350,Saturday,Cash
P103069,4/4/2025,Bus,Colombo - Negombo,6:30,49,270,13230,Friday,Mobile Payment
P101121,3/10/2025,Train,Kandy - Colombo,18:30,134,370,49580,Monday,Card
P102598,4/23/2025,Bus,Colombo - Ratnapura,13:00,42,300,12600,Wednesday,Card
P102205,4/15/2025,Train,Colombo - Kalutara,20:00,95,140,13300,Tuesday,Cash
P100420,4/19/2025,Train,Kandy - Colombo,8:00,182,360,65520,Saturday,Cash
P100923,10/11/2025,Train,Colombo - Galle,10:00,139,280,38920,Saturday,Card
P101255,10/20/2025,Train,Colombo - Kalutara,12:00,93,130,12090,Monday,Cash
P100478,10/28/2025,Train,Galle - Matara,12:00,137,140,19180,Tuesday,Card
P102036,1/14/2025,Bus,Colombo - Kandy,20:00,40,460,18400,Tuesday,Card
P101203,2/19/2025,Bus,Colombo - Kalutara,9:00,45,170,7650,Wednesday,Card
P102627,1/31/2025,Bus,Colombo - Negombo,13:00,51,250,12750,Friday,Cash
P105774,8/19/2025,Train,Galle - Matara,13:00,54,150,8100,Tuesday,Cash
P101971,11/24/2025,Bus,Kandy - Nuwara Eliya,7:30,76,320,24320,Monday,Card
P103111,9/17/2025,Train,Galle - Matara,18:00,93,150,13950,Wednesday,Cash
P104019,9/10/2025,Bus,Kurunegala - Dambulla,11:00,39,240,9360,Wednesday,Cash
P102152,5/8/2025,Bus,Galle - Matara,18:00,14,190,2660,Thursday,Mobile Payment
P103688,12/17/2025,Bus,Kurunegala - Dambulla,7:00,42,230,9660,Wednesday,Cash
P104917,9/7/2025,Bus,Colombo - Galle,11:00,36,370,13320,Sunday,Mobile Payment
P101998,2/25/2025,Bus,Colombo - Kalutara,8:00,52,170,8840,Tuesday,Cash
P104034,8/6/2025,Other,Colombo - Kandy,15:00,22,500,11000,Wednesday,Card
P105884,11/18/2025,Other,Colombo - Negombo,15:00,24,320,7680,Tuesday,Card
P103055,4/12/2025,Train,Kurunegala - Dambulla,7:30,171,200,34200,Saturday,Cash
P101249,4/13/2025,Other,Colombo - Kalutara,16:00,17,210,3570,Sunday,Card
P102193,2/11/2025,Train,Colombo - Ratnapura,17:30,163,210,34230,Tuesday,Cash
P102713,7/14/2025,Bus,Colombo - Ratnapura,7:00,80,290,23200,Monday,Card
P100993,7/5/2025,Bus,Kandy - Nuwara Eliya,19:00,66,300,19800,Saturday,Cash
P102191,7/1/2025,Bus,Kandy - Colombo,14:00,27,480,12960,Tuesday,Card
P104671,5/10/2025,Bus,Colombo - Galle,17:00,35,410,14350,Saturday,Cash
P103763,2/1/2025,Bus,Kandy - Nuwara Eliya,15:00,32,330,10560,Saturday,Cash
P103598,3/20/2025,Train,Kandy - Colombo,7:00,69,310,21390,Thursday,Card
P104712,9/18/2025,Bus,Colombo - Galle,10:00,44,390,17160,Thursday,Card
P101319,9/17/2025,Bus,Kandy - Colombo,12:00,5,460,2300,Wednesday,Mobile Payment
P101864,12/10/2025,Bus,Colombo - Kandy,21:00,32,450,14400,Wednesday,Cash
P102344,4/1/2025,Bus,Kandy - Colombo,17:00,36,480,17280,Tuesday,Card
P102450,9/2/2025,Bus,Kandy - Nuwara Eliya,7:00,46,310,14260,Tuesday,Cash
P102137,3/15/2025,Bus,Galle - Matara,8:00,46,210,9660,Saturday,Cash
P101066,5/7/2025,Train,Colombo - Galle,17:00,148,300,44400,Wednesday,Cash
P105951,8/27/2025,Bus,Galle - Matara,19:00,60,190,11400,Wednesday,Card
P104228,5/5/2025,Train,Kurunegala - Dambulla,17:00,162,200,32400,Monday,Cash
P102622,2/12/2025,Train,Colombo - Kalutara,8:30,109,120,13080,Wednesday,Cash
P100078,12/7/2025,Bus,Kurunegala - Dambulla,12:00,48,260,12480,Sunday,Cash
P102899,4/2/2025,Bus,Kurunegala - Dambulla,19:00,54,250,13500,Wednesday,Cash
P104821,5/18/2025,Bus,Colombo - Kurunegala,8:00,68,330,22440,Sunday,Cash
P101315,8/1/2025,Bus,Colombo - Kandy,19:00,77,410,31570,Friday,Cash
P105232,2/27/2025,Bus,Kurunegala - Dambulla,19:00,70,250,17500,Thursday,Mobile Payment
P100873,7/8/2025,Train,Kandy - Colombo,10:00,103,320,32960,Tuesday,Cash
P103851,7/13/2025,Bus,Colombo - Galle,15:00,39,380,14820,Sunday,Mobile Payment
P105843,11/7/2025,Bus,Colombo - Kalutara,18:00,45,190,8550,Friday,Cash
P102966,10/20/2025,Train,Colombo - Kurunegala,19:00,201,240,48240,Monday,Card
P103392,6/21/2025,Train,Kandy - Colombo,16:00,89,350,31150,Saturday,Cash
P102561,1/21/2025,Train,Kandy - Nuwara Eliya,8:00,137,240,32880,Tuesday,Cash
P105877,8/2/2025,Train,Kandy - Colombo,18:00,95,350,33250,Saturday,Cash
P102636,1/12/2025,Train,Galle - Matara,7:30,174,160,27840,Sunday,Cash
P103531,5/16/2025,Bus,Colombo - Kurunegala,18:30,41,380,15580,Friday,Cash
P100376,6/23/2025,Bus,Kurunegala - Dambulla,6:30,61,270,16470,Monday,Cash
P101909,9/20/2025,Bus,Colombo - Ratnapura,11:00,59,280,16520,Saturday,Cash
P104430,8/20/2025,Train,Kurunegala - Dambulla,21:00,128,200,25600,Wednesday,Card
P105183,8/23/2025,Bus,Kurunegala - Dambulla,19:00,63,240,15120,Saturday,Cash
P105241,12/18/2025,Other,Colombo - Kalutara,14:00,29,210,6090,Thursday,Cash
P104028,12/28/2025,Bus,Galle - Matara,18:00,74,180,13320,Sunday,Cash
P101605,12/22/2025,Bus,Colombo - Ratnapura,7:00,99,290,28710,Monday,Card
P101119,11/24/2025,Bus,Colombo - Negombo,16:00,42,260,10920,Monday,Card
P103678,12/28/2025,Bus,Galle - Matara,17:30,49,210,10290,Sunday,Card
P103491,1/15/2025,Bus,Colombo - Kandy,15:00,60,460,27600,Wednesday,Cash
P105836,12/24/2025,Train,Kandy - Colombo,12:00,87,370,32190,Wednesday,Card
P102959,5/3/2025,Bus,Colombo - Ratnapura,20:00,65,280,18200,Saturday,Cash
P101995,1/3/2025,Train,Colombo - Ratnapura,6:30,216,220,47520,Friday,Cash
P105946,10/11/2025,Bus,Kandy - Colombo,18:00,91,490,44590,Saturday,Card
P105207,9/25/2025,Train,Colombo - Negombo,18:00,204,190,38760,Thursday,Cash
P102377,5/10/2025,Bus,Colombo - Kalutara,14:00,32,180,5760,Saturday,Cash
P101343,12/19/2025,Train,Colombo - Kalutara,18:30,117,120,14040,Friday,Card
P100321,7/8/2025,Bus,Colombo - Kurunegala,18:00,64,360,23040,Tuesday,Cash
P101620,7/6/2025,Train,Colombo - Negombo,18:30,200,190,38000,Sunday,Card
P103714,4/7/2025,Train,Colombo - Negombo,19:00,166,190,31540,Monday,Cash
P102061,3/15/2025,Bus,Colombo - Galle,13:00,55,370,20350,Saturday,Cash
P102220,12/2/2025,Bus,Colombo - Kurunegala,17:00,46,360,16560,Tuesday,Cash
P101674,9/21/2025,Train,Kandy - Nuwara Eliya,15:00,137,240,32880,Sunday,Cash
P100261,1/10/2025,Train,Kurunegala - Dambulla,15:00,116,170,19720,Friday,Card
P105292,12/14/2025,Bus,Colombo - Negombo,20:00,55,230,12650,Sunday,Card
P102040,1/4/2025,Bus,Kandy - Nuwara Eliya,11:00,36,310,11160,Saturday,Mobile Payment
P104786,7/3/2025,Bus,Kandy - Nuwara Eliya,7:00,57,310,17670,Thursday,Mobile Payment
P100902,7/18/2025,Bus,Kandy - Colombo,11:00,57,430,24510,Friday,Cash
P103745,5/18/2025,Bus,Colombo - Kalutara,7:00,60,180,10800,Sunday,Cash
P102027,11/30/2025,Train,Galle - Matara,8:00,223,160,35680,Sunday,Cash
P104235,9/5/2025,Bus,Kandy - Colombo,20:00,46,430,19780,Friday,Card
P101918,12/8/2025,Train,Colombo - Ratnapura,16:00,85,230,19550,Monday,Cash
P101829,7/7/2025,Train,Colombo - Negombo,21:00,97,180,17460,Monday,Cash
P101574,10/31/2025,Train,Kandy - Colombo,20:00,125,310,38750,Friday,Card
P104416,12/20/2025,Bus,Colombo - Kurunegala,19:00,55,350,19250,Saturday,Cash
P104750,11/24/2025,Train,Colombo - Kalutara,12:00,143,150,21450,Monday,Mobile Payment
P105261,12/24/2025,Bus,Colombo - Kurunegala,18:30,51,350,17850,Wednesday,Mobile Payment
P104655,11/2/2025,Bus,Colombo - Ratnapura,16:00,35,290,10150,Sunday,Mobile Payment
P104209,6/15/2025,Bus,Kandy - Nuwara Eliya,8:00,42,310,13020,Sunday,Card
P104628,3/14/2025,Bus,Colombo - Ratnapura,10:00,19,320,6080,Friday,Mobile Payment
P100225,3/2/2025,Bus,Colombo - Galle,12:00,36,440,15840,Sunday,Card
P100724,2/28/2025,Train,Colombo - Negombo,7:30,28,180,5040,Friday,Card
P105379,8/30/2025,Train,Colombo - Galle,15:00,55,330,18150,Saturday,Cash
P101142,7/16/2025,Bus,Colombo - Kurunegala,19:00,64,370,23680,Wednesday,Cash
P102763,11/5/2025,Train,Colombo - Kandy,20:00,160,350,56000,Wednesday,Cash
P100847,11/20/2025,Bus,Kurunegala - Dambulla,21:00,36,230,8280,Thursday,Cash
P104290,9/25/2025,Train,Colombo - Kandy,20:00,61,350,21350,Thursday,Cash
P105043,3/29/2025,Bus,Kandy - Colombo,15:00,44,420,18480,Saturday,Card
P102552,2/12/2025,Bus,Colombo - Ratnapura,8:00,56,320,17920,Wednesday,Cash
P102929,12/12/2025,Train,Colombo - Kalutara,7:00,128,120,15360,Friday,Card
P100118,1/5/2025,Bus,Colombo - Kurunegala,10:00,65,320,20800,Sunday,Cash
P100646,1/7/2025,Train,Colombo - Kalutara,18:30,79,130,10270,Tuesday,Card
P100004,5/17/2025,Train,Kandy - Nuwara Eliya,14:00,128,230,29440,Saturday,Cash
P104171,5/26/2025,Bus,Colombo - Kurunegala,18:30,48,340,16320,Monday,Card
P100468,9/29/2025,Train,Kandy - Nuwara Eliya,20:00,189,230,43470,Monday,Card
P100006,6/3/2025,Bus,Colombo - Ratnapura,6:30,50,280,14000,Tuesday,Cash
P100920,3/18/2025,Bus,Colombo - Kandy,17:00,38,480,18240,Tuesday,Mobile Payment
P102596,11/13/2025,Train,Colombo - Galle,6:30,192,270,51840,Thursday,Cash
P104325,1/31/2025,Train,Kurunegala - Dambulla,11:00,55,180,9900,Friday,Cash
P101064,2/6/2025,Bus,Colombo - Galle,20:00,47,430,20210,Thursday,Cash
P102591,11/25/2025,Train,Kandy - Colombo,11:00,119,310,36890,Tuesday,Mobile Payment
P100243,4/15/2025,Other,Galle - Matara,14:00,32,260,8320,Tuesday,Cash
P105214,4/8/2025,Train,Colombo - Galle,17:00,173,280,48440,Tuesday,Mobile Payment
P101161,1/25/2025,Train,Colombo - Negombo,9:00,96,180,17280,Saturday,Cash
P102871,2/13/2025,Train,Kandy - Colombo,17:30,158,320,50560,Thursday,Mobile Payment
P103736,11/20/2025,Bus,Colombo - Negombo,8:00,52,270,14040,Thursday,Cash
P102398,11/2/2025,Bus,Colombo - Kurunegala,18:30,56,380,21280,Sunday,Mobile Payment
P103518,10/6/2025,Bus,Kandy - Nuwara Eliya,8:30,66,280,18480,Monday,Cash
P103422,1/27/2025,Train,Galle - Matara,13:00,118,160,18880,Monday,Cash
P102564,7/3/2025,Bus,Colombo - Kalutara,17:30,43,190,8170,Thursday,Mobile Payment
P101606,3/31/2025,Bus,Colombo - Kandy,8:30,26,420,10920,Monday,Cash
P105786,5/26/2025,Other,Colombo - Kalutara,14:00,28,210,5880,Monday,Cash
P102325,4/29/2025,Train,Colombo - Negombo,15:00,73,170,12410,Tuesday,Cash
P102710,12/27/2025,Bus,Colombo - Kurunegala,21:00,43,370,15910,Saturday,Cash
P105266,9/18/2025,Bus,Colombo - Kalutara,19:00,45,170,7650,Thursday,Mobile Payment
P101313,6/11/2025,Bus,Galle - Matara,19:00,46,210,9660,Wednesday,Cash
P103449,2/11/2025,Train,Kandy - Colombo,8:00,131,330,43230,Tuesday,Cash
P103813,6/2/2025,Bus,Colombo - Kandy,11:00,34,470,15980,Monday,Cash
P105581,11/24/2025,Bus,Kurunegala - Dambulla,11:00,32,260,8320,Monday,Card
P102363,10/1/2025,Bus,Kandy - Nuwara Eliya,17:30,70,320,22400,Wednesday,Card
P101976,8/23/2025,Other,Colombo - Kandy,6:30,45,560,25200,Saturday,Cash
P103515,10/30/2025,Train,Colombo - Galle,10:00,85,320,27200,Thursday,Cash
P101762,11/15/2025,Train,Kandy - Nuwara Eliya,16:00,98,220,21560,Saturday,Cash
P102740,6/23/2025,Bus,Colombo - Kandy,10:00,46,490,22540,Monday,Card
P105588,4/4/2025,Bus,Colombo - Negombo,15:00,14,230,3220,Friday,Cash
P102473,7/20/2025,Other,Kandy - Nuwara Eliya,17:00,47,360,16920,Sunday,Cash
P104008,8/25/2025,Bus,Colombo - Negombo,8:00,49,250,12250,Monday,Cash
P104719,1/28/2025,Bus,Colombo - Kalutara,18:00,55,180,9900,Tuesday,Cash
P101494,6/17/2025,Bus,Kandy - Colombo,7:00,50,420,21000,Tuesday,Cash
P104207,8/12/2025,Train,Galle - Matara,15:00,103,140,14420,Tuesday,Cash
P102159,2/21/2025,Bus,Colombo - Negombo,19:00,53,250,13250,Friday,Card
P101170,1/18/2025,Bus,Colombo - Kalutara,16:00,38,170,6460,Saturday,Cash
P105416,11/7/2025,Bus,Colombo - Negombo,7:30,73,260,18980,Friday,Cash
P100233,7/5/2025,Train,Galle - Matara,7:30,119,140,16660,Saturday,Mobile Payment
P100067,3/19/2025,Bus,Colombo - Kandy,7:00,66,410,27060,Wednesday,Cash
P101604,11/21/2025,Bus,Colombo - Kandy,9:00,62,430,26660,Friday,Mobile Payment
P103284,11/7/2025,Train,Colombo - Kalutara,8:30,64,140,8960,Friday,Cash
P103597,12/8/2025,Bus,Galle - Matara,10:00,41,210,8610,Monday,Mobile Payment
P104633,1/20/2025,Train,Colombo - Ratnapura,14:00,169,220,37180,Monday,Cash
P100126,11/27/2025,Bus,Galle - Matara,9:00,60,180,10800,Thursday,Mobile Payment
P101297,10/20/2025,Bus,Colombo - Galle,14:00,36,410,14760,Monday,Cash
P101977,5/16/2025,Bus,Colombo - Ratnapura,17:00,52,290,15080,Friday,Cash
P105417,1/7/2025,Bus,Colombo - Kalutara,12:00,58,180,10440,Tuesday,Card
P105374,11/15/2025,Train,Kandy - Colombo,20:00,144,340,48960,Saturday,Mobile Payment
P102076,4/17/2025,Train,Kandy - Nuwara Eliya,10:00,98,220,21560,Thursday,Cash
P104581,9/10/2025,Other,Colombo - Kandy,10:00,35,510,17850,Wednesday,Cash
P103087,10/14/2025,Bus,Colombo - Negombo,11:00,57,230,13110,Tuesday,Cash
P105197,7/3/2025,Train,Colombo - Ratnapura,8:00,115,200,23000,Thursday,Cash
P103346,11/10/2025,Train,Galle - Matara,12:00,153,160,24480,Monday,Cash
P105819,8/8/2025,Other,Kurunegala - Dambulla,9:00,21,290,6090,Friday,Mobile Payment
P102798,1/17/2025,Train,Colombo - Galle,7:30,111,300,33300,Friday,Card
P100919,8/14/2025,Train,Kurunegala - Dambulla,20:00,164,200,32800,Thursday,Cash
P101647,8/1/2025,Bus,Kandy - Colombo,15:00,22,410,9020,Friday,Card
P105123,3/9/2025,Bus,Colombo - Ratnapura,20:00,43,280,12040,Sunday,Cash
P105127,3/6/2025,Bus,Kurunegala - Dambulla,18:00,110,230,25300,Thursday,Mobile Payment
P104979,3/8/2025,Bus,Kandy - Nuwara Eliya,15:00,26,280,7280,Saturday,Card
P104622,10/17/2025,Train,Kandy - Nuwara Eliya,8:00,156,230,35880,Friday,Cash
P100365,8/6/2025,Other,Colombo - Kalutara,8:30,35,230,8050,Wednesday,Card
P103288,3/7/2025,Train,Colombo - Kurunegala,18:00,190,270,51300,Friday,Cash
P102126,10/5/2025,Train,Kurunegala - Dambulla,19:00,84,170,14280,Sunday,Card
P104124,3/13/2025,Other,Kurunegala - Dambulla,9:00,20,300,6000,Thursday,Mobile Payment
P104570,10/23/2025,Train,Colombo - Kurunegala,7:00,86,240,20640,Thursday,Cash
P100526,7/17/2025,Bus,Colombo - Galle,20:00,32,410,13120,Thursday,Cash
P104822,4/13/2025,Bus,Kandy - Colombo,12:00,53,470,24910,Sunday,Mobile Payment
P100056,2/5/2025,Other,Kandy - Colombo,20:00,15,570,8550,Wednesday,Card
P100639,6/21/2025,Bus,Colombo - Galle,18:30,48,360,17280,Saturday,Cash
P100303,3/6/2025,Bus,Colombo - Galle,7:30,49,380,18620,Thursday,Cash
P102767,12/5/2025,Bus,Kandy - Colombo,10:00,49,420,20580,Friday,Mobile Payment
P101277,4/8/2025,Bus,Colombo - Ratnapura,21:00,42,290,12180,Tuesday,Card
P104721,10/7/2025,Bus,Colombo - Negombo,12:00,49,250,12250,Tuesday,Card
P102056,7/1/2025,Train,Galle - Matara,6:30,142,160,22720,Tuesday,Card
P105146,3/21/2025,Train,Kandy - Nuwara Eliya,15:00,88,210,18480,Friday,Cash
P104433,6/2/2025,Bus,Colombo - Galle,16:00,50,370,18500,Monday,Mobile Payment
P103645,11/27/2025,Train,Kandy - Colombo,7:00,194,330,64020,Thursday,Card
P104144,11/4/2025,Train,Galle - Matara,20:00,73,140,10220,Tuesday,Card
P102879,3/1/2025,Train,Colombo - Kurunegala,10:00,72,270,19440,Saturday,Card
P104203,10/6/2025,Bus,Colombo - Kurunegala,16:00,45,350,15750,Monday,Cash
P102287,7/8/2025,Other,Kandy - Nuwara Eliya,9:00,22,340,7480,Tuesday,Card
P102262,2/5/2025,Train,Colombo - Kandy,18:00,156,320,49920,Wednesday,Cash
P102297,6/14/2025,Bus,Colombo - Galle,7:30,73,400,29200,Saturday,Cash
P101754,2/8/2025,Bus,Kandy - Colombo,17:00,64,460,29440,Saturday,Mobile Payment
P101969,7/23/2025,Bus,Colombo - Kandy,14:00,42,460,19320,Wednesday,Card
P105203,7/17/2025,Train,Colombo - Galle,15:00,31,310,9610,Thursday,Cash
P103118,8/30/2025,Bus,Colombo - Kalutara,14:00,29,170,4930,Saturday,Card
P102394,9/3/2025,Bus,Colombo - Kalutara,14:00,20,180,3600,Wednesday,Cash
P100524,10/31/2025,Train,Colombo - Ratnapura,19:00,181,230,41630,Friday,Mobile Payment
P103901,10/22/2025,Bus,Kandy - Colombo,19:00,65,410,26650,Wednesday,Mobile Payment
P105712,5/21/2025,Other,Kandy - Nuwara Eliya,17:00,58,350,20300,Wednesday,Cash
P104700,9/24/2025,Other,Colombo - Ratnapura,10:00,35,380,13300,Wednesday,Cash
P105490,8/15/2025,Other,Colombo - Negombo,17:00,32,290,9280,Friday,Cash
P103123,10/5/2025,Bus,Kandy - Nuwara Eliya,17:30,93,300,27900,Sunday,Mobile Payment
P104157,6/7/2025,Bus,Colombo - Galle,6:30,70,400,28000,Saturday,Cash
P101970,1/4/2025,Bus,Colombo - Kurunegala,11:00,10,320,3200,Saturday,Mobile Payment
P100672,5/31/2025,Train,Colombo - Ratnapura,21:00,154,230,35420,Saturday,Cash
P104189,8/5/2025,Train,Colombo - Kalutara,18:30,162,140,22680,Tuesday,Cash
P100667,8/1/2025,Bus,Colombo - Kurunegala,17:30,62,370,22940,Friday,Cash
P105533,3/13/2025,Train,Colombo - Galle,6:30,119,280,33320,Thursday,Cash
P101888,5/13/2025,Bus,Colombo - Kandy,16:00,35,470,16450,Tuesday,Card
P103267,3/18/2025,Bus,Galle - Matara,20:00,57,200,11400,Tuesday,Cash
P100281,9/23/2025,Train,Colombo - Kalutara,12:00,119,140,16660,Tuesday,Cash
P101720,4/17/2025,Bus,Kandy - Nuwara Eliya,21:00,51,280,14280,Thursday,Cash
P102948,1/9/2025,Bus,Kandy - Nuwara Eliya,19:00,53,290,15370,Thursday,Cash
P104456,5/18/2025,Bus,Colombo - Negombo,20:00,43,270,11610,Sunday,Cash
P100900,6/1/2025,Bus,Galle - Matara,20:00,47,210,9870,Sunday,Cash
P105815,5/23/2025,Bus,Colombo - Kalutara,12:00,25,190,4750,Friday,Mobile Payment
P100761,6/14/2025,Bus,Colombo - Kalutara,18:00,60,190,11400,Saturday,Card
P101907,1/21/2025,Other,Kandy - Nuwara Eliya,17:30,29,370,10730,Tuesday,Mobile Payment
P104043,9/16/2025,Bus,Colombo - Kalutara,10:00,40,180,7200,Tuesday,Mobile Payment
P103824,11/22/2025,Bus,Galle - Matara,21:00,31,190,5890,Saturday,Card
P104139,9/18/2025,Train,Colombo - Kandy,14:00,105,330,34650,Thursday,Card
P103819,3/8/2025,Train,Colombo - Kurunegala,17:00,118,240,28320,Saturday,Cash
P104301,3/7/2025,Bus,Kurunegala - Dambulla,18:00,58,240,13920,Friday,Mobile Payment
P102594,7/15/2025,Bus,Colombo - Kandy,21:00,59,470,27730,Tuesday,Card
P104165,11/17/2025,Train,Kurunegala - Dambulla,8:00,148,200,29600,Monday,Cash
P103032,8/24/2025,Bus,Colombo - Negombo,8:00,12,260,3120,Sunday,Cash
P103580,9/4/2025,Bus,Colombo - Kalutara,6:30,56,190,10640,Thursday,Mobile Payment
P102833,10/10/2025,Bus,Kandy - Colombo,17:00,44,450,19800,Friday,Mobile Payment
P103473,12/26/2025,Train,Colombo - Kandy,11:00,81,340,27540,Friday,Cash
P100138,5/22/2025,Train,Colombo - Negombo,12:00,125,200,25000,Thursday,Card
P104893,8/27/2025,Train,Kandy - Colombo,11:00,136,350,47600,Wednesday,Cash
P102181,4/24/2025,Bus,Colombo - Galle,16:00,40,360,14400,Thursday,Cash
P102129,10/29/2025,Train,Colombo - Negombo,13:00,101,200,20200,Wednesday,Cash
P103178,1/30/2025,Train,Colombo - Ratnapura,7:00,159,210,33390,Thursday,Cash
P104855,5/20/2025,Train,Colombo - Galle,16:00,186,270,50220,Tuesday,Mobile Payment
P104638,10/28/2025,Train,Colombo - Kalutara,13:00,115,130,14950,Tuesday,Cash
P105116,4/19/2025,Train,Colombo - Ratnapura,8:30,119,250,29750,Saturday,Card
P105224,2/16/2025,Bus,Kurunegala - Dambulla,7:00,61,260,15860,Sunday,Mobile Payment
P104262,8/22/2025,Train,Kurunegala - Dambulla,13:00,97,200,19400,Friday,Mobile Payment
P104345,3/12/2025,Train,Galle - Matara,7:00,132,150,19800,Wednesday,Card
P101332,1/21/2025,Train,Kurunegala - Dambulla,9:00,45,180,8100,Tuesday,Cash
P102018,12/11/2025,Train,Colombo - Ratnapura,10:00,85,230,19550,Thursday,Cash
P104543,12/18/2025,Bus,Colombo - Kurunegala,18:00,77,370,28490,Thursday,Card
P102483,10/17/2025,Other,Colombo - Ratnapura,15:00,28,330,9240,Friday,Cash
P101359,2/20/2025,Bus,Colombo - Galle,19:00,50,360,18000,Thursday,Cash
P101330,6/17/2025,Bus,Colombo - Kalutara,19:00,58,160,9280,Tuesday,Cash
P105909,6/16/2025,Bus,Kandy - Nuwara Eliya,10:00,50,290,14500,Monday,Mobile Payment
P102151,1/19/2025,Bus,Kurunegala - Dambulla,17:30,55,230,12650,Sunday,Cash
P104531,8/21/2025,Bus,Kandy - Nuwara Eliya,8:00,51,270,13770,Thursday,Cash
P102123,9/18/2025,Other,Kandy - Nuwara Eliya,17:00,25,370,9250,Thursday,Card
P104674,7/28/2025,Bus,Kurunegala - Dambulla,16:00,46,270,12420,Monday,Cash
P103982,1/23/2025,Train,Colombo - Kurunegala,8:30,98,260,25480,Thursday,Cash
P101253,2/6/2025,Bus,Colombo - Kurunegala,18:00,75,370,27750,Thursday,Mobile Payment
P103279,5/22/2025,Bus,Colombo - Ratnapura,7:30,15,300,4500,Thursday,Mobile Payment
P103375,3/14/2025,Train,Colombo - Kandy,6:30,156,340,53040,Friday,Cash
P102815,6/20/2025,Train,Kurunegala - Dambulla,14:00,129,180,23220,Friday,Card
P104720,5/29/2025,Other,Kandy - Colombo,8:30,53,570,30210,Thursday,Cash
P101849,6/27/2025,Train,Kurunegala - Dambulla,11:00,127,200,25400,Friday,Cash
P104859,5/5/2025,Other,Kandy - Nuwara Eliya,19:00,40,350,14000,Monday,Card
P103038,3/18/2025,Other,Colombo - Kandy,20:00,33,500,16500,Tuesday,Mobile Payment
P100389,5/22/2025,Train,Galle - Matara,14:00,117,140,16380,Thursday,Mobile Payment
P100236,9/18/2025,Train,Kandy - Nuwara Eliya,7:30,159,220,34980,Thursday,Cash
P101078,12/17/2025,Train,Colombo - Kalutara,7:00,152,120,18240,Wednesday,Cash
P101985,3/22/2025,Bus,Kandy - Nuwara Eliya,8:30,80,330,26400,Saturday,Card
P104364,11/14/2025,Bus,Colombo - Ratnapura,11:00,69,310,21390,Friday,Card
P103963,11/28/2025,Bus,Colombo - Negombo,17:30,28,230,6440,Friday,Card
P100771,4/13/2025,Bus,Colombo - Ratnapura,11:00,62,270,16740,Sunday,Cash
P102166,1/1/2025,Other,Kandy - Nuwara Eliya,18:00,17,380,6460,Wednesday,Card
P104534,3/2/2025,Bus,Colombo - Negombo,11:00,44,250,11000,Sunday,Cash
P100674,11/16/2025,Bus,Colombo - Kalutara,14:00,25,180,4500,Sunday,Cash
P100250,10/22/2025,Train,Colombo - Kalutara,15:00,144,140,20160,Wednesday,Cash
P101575,3/3/2025,Bus,Kandy - Nuwara Eliya,16:00,38,310,11780,Monday,Card
P103420,12/6/2025,Bus,Colombo - Kurunegala,16:00,15,340,5100,Saturday,Cash
P102082,3/16/2025,Bus,Kandy - Nuwara Eliya,7:30,86,300,25800,Sunday,Cash
P101824,2/5/2025,Train,Colombo - Kandy,13:00,39,310,12090,Wednesday,Mobile Payment
P105551,3/6/2025,Bus,Galle - Matara,7:30,54,190,10260,Thursday,Card
P105739,4/29/2025,Bus,Kurunegala - Dambulla,21:00,47,230,10810,Tuesday,Cash
P104545,10/17/2025,Bus,Galle - Matara,10:00,40,210,8400,Friday,Mobile Payment
P100717,7/11/2025,Train,Colombo - Negombo,7:30,197,200,39400,Friday,Cash
P105345,4/19/2025,Other,Galle - Matara,9:00,21,250,5250,Saturday,Mobile Payment
P105600,4/6/2025,Train,Colombo - Kurunegala,7:30,162,290,46980,Sunday,Cash
P102049,11/17/2025,Bus,Colombo - Ratnapura,7:00,13,280,3640,Monday,Mobile Payment
P104179,10/28/2025,Bus,Colombo - Negombo,13:00,37,270,9990,Tuesday,Cash
P104810,3/18/2025,Train,Kandy - Colombo,10:00,117,360,42120,Tuesday,Mobile Payment
P102725,11/18/2025,Bus,Kandy - Nuwara Eliya,21:00,11,280,3080,Tuesday,Cash
P105421,4/8/2025,Bus,Colombo - Kurunegala,8:00,18,360,6480,Tuesday,Cash
P101461,6/16/2025,Bus,Kandy - Colombo,17:00,25,490,12250,Monday,Cash
P101669,9/10/2025,Bus,Colombo - Kurunegala,17:00,62,380,23560,Wednesday,Cash
P102757,12/26/2025,Bus,Colombo - Kalutara,9:00,54,190,10260,Friday,Cash
P102001,3/2/2025,Bus,Colombo - Galle,18:30,49,380,18620,Sunday,Cash
P104572,5/7/2025,Train,Colombo - Galle,8:30,157,290,45530,Wednesday,Cash
P104614,8/28/2025,Bus,Kandy - Colombo,19:00,45,460,20700,Thursday,Mobile Payment
P100405,1/31/2025,Bus,Kurunegala - Dambulla,7:00,40,250,10000,Friday,Cash
P100385,8/29/2025,Train,Colombo - Galle,8:00,140,330,46200,Friday,Cash
P105386,11/9/2025,Bus,Galle - Matara,10:00,53,220,11660,Sunday,Card
P102153,12/9/2025,Train,Colombo - Kalutara,14:00,96,150,14400,Tuesday,Mobile Payment
P101634,5/18/2025,Train,Kurunegala - Dambulla,13:00,93,180,16740,Sunday,Mobile Payment
P105495,12/2/2025,Bus,Galle - Matara,10:00,44,190,8360,Tuesday,Card
P104785,3/4/2025,Bus,Galle - Matara,7:30,71,190,13490,Tuesday,Mobile Payment
P103926,3/23/2025,Bus,Kurunegala - Dambulla,19:00,23,230,5290,Sunday,Mobile Payment
P104159,11/11/2025,Other,Kandy - Nuwara Eliya,8:00,52,340,17680,Tuesday,Cash
P104949,6/10/2025,Train,Galle - Matara,14:00,213,160,34080,Tuesday,Cash
P100224,11/28/2025,Bus,Colombo - Galle,15:00,53,430,22790,Friday,Cash
P102194,12/20/2025,Train,Colombo - Galle,14:00,134,280,37520,Saturday,Mobile Payment
P103137,2/10/2025,Train,Colombo - Ratnapura,7:30,94,240,22560,Monday,Cash
P104470,10/21/2025,Train,Kandy - Colombo,20:00,143,370,52910,Tuesday,Mobile Payment
P101825,8/11/2025,Train,Kandy - Nuwara Eliya,18:30,117,230,26910,Monday,Cash
P105510,7/13/2025,Bus,Colombo - Negombo,18:30,37,270,9990,Sunday,Cash
P105125,11/28/2025,Other,Colombo - Negombo,21:00,40,290,11600,Friday,Cash
P104973,12/9/2025,Bus,Kurunegala - Dambulla,7:30,62,270,16740,Tuesday,Mobile Payment
P100798,6/12/2025,Train,Kurunegala - Dambulla,16:00,96,180,17280,Thursday,Cash
P102872,3/8/2025,Other,Colombo - Ratnapura,6:30,20,350,7000,Saturday,Card
P100010,2/28/2025,Train,Kandy - Nuwara Eliya,6:30,96,240,23040,Friday,Cash
P101945,5/9/2025,Train,Colombo - Kandy,19:00,154,340,52360,Friday,Cash
P101839,10/25/2025,Other,Colombo - Kurunegala,14:00,28,420,11760,Saturday,Cash
P104805,8/31/2025,Train,Galle - Matara,14:00,126,140,17640,Sunday,Card
P100256,5/7/2025,Train,Colombo - Negombo,18:00,166,190,31540,Wednesday,Card
P104486,1/1/2025,Train,Kandy - Nuwara Eliya,17:30,122,230,28060,Wednesday,Card
P105403,4/9/2025,Other,Colombo - Kalutara,15:00,23,230,5290,Wednesday,Cash
P101582,11/15/2025,Bus,Colombo - Galle,10:00,30,420,12600,Saturday,Cash
P102957,4/22/2025,Train,Colombo - Kandy,8:30,94,370,34780,Tuesday,Cash
P100925,3/30/2025,Bus,Kandy - Colombo,21:00,32,470,15040,Sunday,Card
P105548,4/12/2025,Bus,Kurunegala - Dambulla,16:00,37,270,9990,Saturday,Card
P102509,2/22/2025,Train,Galle - Matara,18:30,210,150,31500,Saturday,Card
P105025,12/13/2025,Other,Colombo - Galle,16:00,31,450,13950,Saturday,Card
P103776,6/9/2025,Other,Kandy - Colombo,8:30,38,490,18620,Monday,Cash
P104836,5/6/2025,Bus,Colombo - Kurunegala,17:30,43,320,13760,Tuesday,Card
P104137,7/17/2025,Train,Kurunegala - Dambulla,7:30,96,190,18240,Thursday,Cash
P104965,12/1/2025,Bus,Galle - Matara,17:30,34,190,6460,Monday,Card
P102780,1/22/2025,Bus,Galle - Matara,15:00,34,200,6800,Wednesday,Card
P100540,3/27/2025,Bus,Colombo - Ratnapura,17:00,83,300,24900,Thursday,Cash
P102746,6/29/2025,Train,Colombo - Kurunegala,7:00,134,240,32160,Sunday,Cash
P105392,12/31/2025,Train,Colombo - Ratnapura,18:00,110,240,26400,Wednesday,Card
P105477,5/30/2025,Bus,Colombo - Galle,12:00,63,410,25830,Friday,Card
P101146,9/16/2025,Train,Colombo - Negombo,8:00,179,180,32220,Tuesday,Card
P105128,3/3/2025,Bus,Colombo - Negombo,8:30,55,270,14850,Monday,Mobile Payment
P104469,11/18/2025,Other,Galle - Matara,15:00,16,260,4160,Tuesday,Mobile Payment
P100668,3/7/2025,Bus,Colombo - Negombo,10:00,47,240,11280,Friday,Mobile Payment
P103020,6/5/2025,Train,Colombo - Negombo,18:30,111,170,18870,Thursday,Cash
P100358,5/29/2025,Train,Kandy - Colombo,17:30,93,370,34410,Thursday,Mobile Payment
P105064,7/23/2025,Bus,Colombo - Negombo,15:00,62,230,14260,Wednesday,Card
P102832,2/23/2025,Train,Galle - Matara,16:00,140,160,22400,Sunday,Mobile Payment
P102784,9/3/2025,Train,Kandy - Nuwara Eliya,8:30,77,210,16170,Wednesday,Cash
P101354,10/6/2025,Train,Colombo - Negombo,15:00,123,200,24600,Monday,Cash
P105132,11/27/2025,Bus,Kandy - Colombo,16:00,58,410,23780,Thursday,Mobile Payment
P100471,6/21/2025,Bus,Galle - Matara,7:30,55,200,11000,Saturday,Cash
P102704,7/23/2025,Bus,Colombo - Kurunegala,18:00,49,380,18620,Wednesday,Card
P103331,1/17/2025,Train,Colombo - Galle,16:00,144,300,43200,Friday,Card
P103638,9/28/2025,Bus,Galle - Matara,17:30,36,180,6480,Sunday,Card
P101397,11/25/2025,Bus,Colombo - Kandy,17:00,56,490,27440,Tuesday,Cash
P103585,10/24/2025,Bus,Colombo - Kandy,7:30,43,410,17630,Friday,Cash
P105380,4/27/2025,Bus,Kandy - Colombo,18:00,29,490,14210,Sunday,Cash
P105263,1/19/2025,Train,Kurunegala - Dambulla,6:30,145,170,24650,Sunday,Card
P103377,6/3/2025,Train,Colombo - Ratnapura,9:00,138,220,30360,Tuesday,Cash
P101257,6/1/2025,Bus,Kandy - Nuwara Eliya,19:00,35,310,10850,Sunday,Cash
P103513,8/4/2025,Other,Kurunegala - Dambulla,9:00,25,280,7000,Monday,Card
P101251,8/24/2025,Train,Colombo - Ratnapura,9:00,162,200,32400,Sunday,Cash
P105763,8/23/2025,Other,Colombo - Ratnapura,11:00,30,370,11100,Saturday,Mobile Payment
P104299,6/25/2025,Bus,Kandy - Colombo,9:00,40,470,18800,Wednesday,Card
P103285,11/15/2025,Bus,Colombo - Kandy,16:00,51,410,20910,Saturday,Mobile Payment
P102934,3/17/2025,Bus,Kandy - Colombo,20:00,30,490,14700,Monday,Cash
P104176,10/15/2025,Other,Colombo - Kalutara,21:00,23,190,4370,Wednesday,Card
P105269,4/22/2025,Train,Colombo - Kurunegala,13:00,146,280,40880,Tuesday,Card
P104911,11/10/2025,Train,Colombo - Galle,14:00,143,290,41470,Monday,Cash
P101853,3/13/2025,Train,Kurunegala - Dambulla,20:00,89,180,16020,Thursday,Cash
P105613,2/13/2025,Train,Colombo - Ratnapura,12:00,102,240,24480,Thursday,Cash
P105842,2/12/2025,Bus,Kurunegala - Dambulla,10:00,54,270,14580,Wednesday,Cash
P102106,1/15/2025,Bus,Colombo - Kandy,18:00,27,420,11340,Wednesday,Card
P100134,1/10/2025,Bus,Kurunegala - Dambulla,7:00,65,230,14950,Friday,Card
P105237,1/2/2025,Train,Kandy - Nuwara Eliya,12:00,98,200,19600,Thursday,Cash
P105030,1/6/2025,Bus,Colombo - Galle,21:00,47,390,18330,Monday,Mobile Payment
P100929,9/7/2025,Train,Kandy - Nuwara Eliya,17:00,189,210,39690,Sunday,Mobile Payment
P100824,1/23/2025,Bus,Colombo - Galle,15:00,38,390,14820,Thursday,Card
P105447,5/21/2025,Bus,Colombo - Kurunegala,21:00,49,330,16170,Wednesday,Cash
P101532,7/24/2025,Train,Kandy - Colombo,11:00,159,310,49290,Thursday,Cash
P101215,11/10/2025,Train,Colombo - Kurunegala,7:00,100,260,26000,Monday,Card
P100505,12/17/2025,Train,Colombo - Ratnapura,6:30,175,240,42000,Wednesday,Card
P104286,12/23/2025,Train,Colombo - Kalutara,6:30,154,130,20020,Tuesday,Mobile Payment
P101997,8/31/2025,Other,Kandy - Nuwara Eliya,17:00,34,380,12920,Sunday,Cash
P103073,6/26/2025,Bus,Colombo - Kandy,7:00,62,420,26040,Thursday,Cash
P101959,6/29/2025,Train,Galle - Matara,7:00,133,150,19950,Sunday,Cash
P101385,8/29/2025,Train,Colombo - Ratnapura,20:00,133,210,27930,Friday,Cash
P100895,2/8/2025,Train,Colombo - Negombo,19:00,55,180,9900,Saturday,Mobile Payment
P104925,9/9/2025,Bus,Colombo - Kalutara,12:00,47,190,8930,Tuesday,Cash
P100456,1/30/2025,Bus,Colombo - Galle,20:00,26,420,10920,Thursday,Cash
P105559,3/3/2025,Bus,Colombo - Galle,19:00,45,430,19350,Monday,Cash
P103710,2/8/2025,Other,Galle - Matara,7:30,30,230,6900,Saturday,Mobile Payment
P105534,3/19/2025,Train,Colombo - Kalutara,19:00,161,140,22540,Wednesday,Cash
P104850,9/11/2025,Bus,Galle - Matara,13:00,62,190,11780,Thursday,Mobile Payment
P104749,3/19/2025,Bus,Kurunegala - Dambulla,20:00,66,270,17820,Wednesday,Cash
P104269,12/7/2025,Train,Colombo - Kandy,15:00,122,370,45140,Sunday,Cash
P103523,10/12/2025,Bus,Colombo - Negombo,21:00,16,270,4320,Sunday,Cash
P104135,7/6/2025,Train,Colombo - Kurunegala,9:00,74,260,19240,Sunday,Cash
P103603,7/12/2025,Bus,Kurunegala - Dambulla,11:00,33,230,7590,Saturday,Cash
P100714,8/30/2025,Bus,Kandy - Colombo,17:00,41,480,19680,Saturday,Cash
P104187,5/1/2025,Bus,Kandy - Nuwara Eliya,10:00,43,270,11610,Thursday,Cash
P102215,11/15/2025,Train,Colombo - Kalutara,20:00,79,150,11850,Saturday,Cash
P105302,9/24/2025,Bus,Kandy - Colombo,13:00,53,410,21730,Wednesday,Cash
P102924,9/4/2025,Bus,Kandy - Colombo,8:30,59,440,25960,Thursday,Card
P101811,2/22/2025,Train,Colombo - Kurunegala,9:00,129,280,36120,Saturday,Cash
P103487,3/23/2025,Bus,Kurunegala - Dambulla,18:30,54,240,12960,Sunday,Mobile Payment
P103142,3/27/2025,Other,Colombo - Ratnapura,19:00,36,350,12600,Thursday,Card
P101828,1/18/2025,Other,Colombo - Kandy,13:00,34,590,20060,Saturday,Cash
P101156,4/28/2025,Train,Kurunegala - Dambulla,19:00,125,180,22500,Monday,Cash
P101325,7/30/2025,Other,Kurunegala - Dambulla,17:30,27,280,7560,Wednesday,Card
P104313,10/30/2025,Bus,Colombo - Negombo,7:00,32,260,8320,Thursday,Cash
P100511,11/30/2025,Train,Colombo - Kalutara,10:00,123,130,15990,Sunday,Cash
P101681,1/4/2025,Bus,Kandy - Colombo,18:00,84,470,39480,Saturday,Mobile Payment
P100500,11/28/2025,Other,Kurunegala - Dambulla,7:00,29,290,8410,Friday,Mobile Payment
P105438,11/11/2025,Train,Kandy - Colombo,7:00,100,350,35000,Tuesday,Card
P101857,9/1/2025,Train,Kandy - Nuwara Eliya,20:00,108,230,24840,Monday,Mobile Payment
P101389,8/17/2025,Other,Kurunegala - Dambulla,18:00,25,290,7250,Sunday,Mobile Payment
P103720,11/5/2025,Bus,Kurunegala - Dambulla,7:00,40,240,9600,Wednesday,Cash
P102387,5/10/2025,Bus,Colombo - Kalutara,8:30,45,190,8550,Saturday,Card
P103237,11/6/2025,Bus,Kurunegala - Dambulla,7:00,46,230,10580,Thursday,Cash
P101541,10/17/2025,Train,Kurunegala - Dambulla,9:00,151,170,25670,Friday,Cash
P101218,4/12/2025,Train,Colombo - Negombo,16:00,104,170,17680,Saturday,Cash
P102682,2/12/2025,Train,Colombo - Galle,20:00,85,310,26350,Wednesday,Cash
P102994,4/17/2025,Bus,Colombo - Kalutara,6:30,42,180,7560,Thursday,Card
P101192,12/25/2025,Train,Colombo - Kurunegala,20:00,138,260,35880,Thursday,Card
P105294,11/27/2025,Bus,Colombo - Kandy,8:00,51,430,21930,Thursday,Cash
P101543,3/29/2025,Train,Colombo - Negombo,18:30,197,200,39400,Saturday,Card
P103302,1/21/2025,Other,Colombo - Kurunegala,18:00,37,410,15170,Tuesday,Mobile Payment
P103325,10/31/2025,Train,Colombo - Kurunegala,9:00,104,260,27040,Friday,Card
P102540,1/4/2025,Train,Colombo - Kandy,7:30,143,330,47190,Saturday,Mobile Payment
P100954,10/19/2025,Other,Colombo - Kalutara,17:30,26,220,5720,Sunday,Cash
P104847,12/17/2025,Other,Kurunegala - Dambulla,17:00,40,290,11600,Wednesday,Cash
P104331,2/18/2025,Bus,Galle - Matara,12:00,53,190,10070,Tuesday,Card
P100733,11/13/2025,Train,Kandy - Colombo,19:00,139,310,43090,Thursday,Cash
P105992,12/13/2025,Bus,Colombo - Kalutara,12:00,27,180,4860,Saturday,Card
P101157,3/28/2025,Bus,Colombo - Negombo,8:00,81,230,18630,Friday,Mobile Payment
P105558,7/14/2025,Train,Colombo - Kurunegala,19:00,159,290,46110,Monday,Cash
P103295,5/26/2025,Other,Colombo - Kalutara,16:00,41,220,9020,Monday,Cash
P102983,12/11/2025,Train,Colombo - Negombo,7:30,32,200,6400,Thursday,Cash
P105306,4/26/2025,Bus,Kandy - Colombo,18:00,66,430,28380,Saturday,Cash
P105162,3/31/2025,Bus,Galle - Matara,11:00,58,190,11020,Monday,Card
P102157,12/9/2025,Bus,Kurunegala - Dambulla,7:30,36,230,8280,Tuesday,Cash
P101063,1/15/2025,Train,Kandy - Nuwara Eliya,17:30,144,210,30240,Wednesday,Card
P102617,6/16/2025,Bus,Kandy - Colombo,15:00,42,480,20160,Monday,Cash
P101168,6/13/2025,Bus,Galle - Matara,9:00,36,180,6480,Friday,Mobile Payment
P103223,5/15/2025,Bus,Colombo - Ratnapura,14:00,58,320,18560,Thursday,Cash
P103637,6/8/2025,Other,Colombo - Kurunegala,19:00,25,450,11250,Sunday,Card
P102939,11/24/2025,Other,Kandy - Nuwara Eliya,7:00,17,360,6120,Monday,Cash
P104492,5/21/2025,Train,Kandy - Nuwara Eliya,7:30,73,230,16790,Wednesday,Mobile Payment
P103141,10/31/2025,Bus,Kurunegala - Dambulla,7:00,47,250,11750,Friday,Cash
P104981,11/10/2025,Other,Kandy - Colombo,14:00,35,580,20300,Monday,Cash
P100144,3/23/2025,Bus,Colombo - Galle,17:00,49,400,19600,Sunday,Cash
P103578,8/31/2025,Bus,Colombo - Galle,16:00,48,420,20160,Sunday,Cash
P104947,11/23/2025,Train,Colombo - Kandy,10:00,115,320,36800,Sunday,Mobile Payment
P102783,12/29/2025,Other,Kurunegala - Dambulla,6:30,36,320,11520,Monday,Card
P100718,12/23/2025,Other,Colombo - Kandy,17:00,38,490,18620,Tuesday,Cash
P101820,7/16/2025,Bus,Colombo - Kurunegala,8:00,40,380,15200,Wednesday,Mobile Payment
P102503,11/27/2025,Train,Colombo - Negombo,19:00,188,180,33840,Thursday,Mobile Payment
P104361,10/16/2025,Bus,Colombo - Kandy,11:00,37,440,16280,Thursday,Cash
P104172,12/13/2025,Other,Colombo - Ratnapura,10:00,22,390,8580,Saturday,Cash
P100396,3/10/2025,Other,Kandy - Nuwara Eliya,20:00,35,390,13650,Monday,Card
P105798,10/9/2025,Other,Kandy - Nuwara Eliya,7:00,13,380,4940,Thursday,Card
P104493,10/15/2025,Train,Colombo - Kurunegala,6:30,247,280,69160,Wednesday,Cash
P101366,6/4/2025,Bus,Colombo - Kalutara,14:00,46,180,8280,Wednesday,Mobile Payment
P105901,5/24/2025,Train,Kandy - Colombo,7:00,123,340,41820,Saturday,Card
P100596,5/17/2025,Bus,Colombo - Kurunegala,13:00,41,350,14350,Saturday,Mobile Payment
P103953,11/10/2025,Other,Colombo - Negombo,9:00,28,300,8400,Monday,Cash
P105393,8/20/2025,Train,Kandy - Colombo,14:00,131,310,40610,Wednesday,Cash
P104969,4/9/2025,Other,Colombo - Ratnapura,13:00,32,390,12480,Wednesday,Cash
P102915,4/25/2025,Bus,Colombo - Negombo,13:00,34,270,9180,Friday,Mobile Payment
P102327,1/20/2025,Train,Colombo - Kalutara,8:30,130,130,16900,Monday,Card
P103767,12/7/2025,Train,Colombo - Ratnapura,8:00,63,230,14490,Sunday,Cash
P103441,8/30/2025,Bus,Galle - Matara,19:00,62,220,13640,Saturday,Card
P103852,7/3/2025,Bus,Colombo - Kalutara,20:00,55,180,9900,Thursday,Mobile Payment
P104133,11/30/2025,Train,Kandy - Nuwara Eliya,7:00,99,230,22770,Sunday,Cash
P105500,11/18/2025,Train,Colombo - Negombo,17:30,167,200,33400,Tuesday,Cash
P102144,11/24/2025,Bus,Colombo - Kurunegala,13:00,46,340,15640,Monday,Card
P105823,4/9/2025,Train,Colombo - Ratnapura,14:00,144,220,31680,Wednesday,Cash
P105074,11/6/2025,Bus,Colombo - Kandy,16:00,47,470,22090,Thursday,Card
P101572,3/16/2025,Bus,Colombo - Galle,17:30,104,370,38480,Sunday,Card
P104080,1/29/2025,Bus,Kurunegala - Dambulla,14:00,43,250,10750,Wednesday,Mobile Payment
P101123,7/11/2025,Train,Colombo - Kandy,18:30,220,370,81400,Friday,Cash
P102787,6/7/2025,Other,Kandy - Nuwara Eliya,6:30,36,380,13680,Saturday,Card
P102968,12/9/2025,Train,Kurunegala - Dambulla,8:30,138,190,26220,Tuesday,Card
P102505,9/26/2025,Bus,Galle - Matara,10:00,36,190,6840,Friday,Cash
P103466,8/11/2025,Train,Kandy - Colombo,6:30,121,310,37510,Monday,Cash
P100676,5/17/2025,Other,Colombo - Ratnapura,18:00,24,350,8400,Saturday,Card
P102809,1/6/2025,Bus,Colombo - Galle,13:00,55,440,24200,Monday,Cash
P103349,12/31/2025,Bus,Colombo - Kurunegala,19:00,42,320,13440,Wednesday,Cash
P100729,10/29/2025,Bus,Colombo - Kurunegala,11:00,49,380,18620,Wednesday,Mobile Payment
P100413,10/16/2025,Other,Colombo - Kandy,7:30,26,510,13260,Thursday,Cash
P103147,11/26/2025,Train,Colombo - Ratnapura,8:00,122,240,29280,Wednesday,Cash
P101517,5/24/2025,Train,Colombo - Kandy,17:30,117,330,38610,Saturday,Mobile Payment
P100826,8/3/2025,Other,Colombo - Kalutara,6:30,27,230,6210,Sunday,Cash
P103268,11/17/2025,Train,Colombo - Kandy,7:30,191,330,63030,Monday,Card
P103975,1/2/2025,Bus,Kandy - Colombo,9:00,13,410,5330,Thursday,Card
P100617,8/5/2025,Bus,Colombo - Kalutara,20:00,38,190,7220,Tuesday,Card
P100115,4/26/2025,Train,Colombo - Ratnapura,8:30,91,220,20020,Saturday,Card
P100418,11/9/2025,Bus,Colombo - Kalutara,9:00,9,180,1620,Sunday,Card
P103070,7/10/2025,Train,Kurunegala - Dambulla,17:00,134,190,25460,Thursday,Cash
P101626,4/3/2025,Train,Colombo - Kandy,9:00,90,370,33300,Thursday,Mobile Payment
P105940,4/21/2025,Bus,Galle - Matara,21:00,60,190,11400,Monday,Mobile Payment
P104186,10/29/2025,Train,Kandy - Nuwara Eliya,7:00,174,230,40020,Wednesday,Card
P102897,9/8/2025,Bus,Colombo - Ratnapura,19:00,31,280,8680,Monday,Mobile Payment
P105603,12/24/2025,Bus,Colombo - Ratnapura,8:00,61,330,20130,Wednesday,Card
P102083,8/3/2025,Bus,Colombo - Galle,14:00,38,420,15960,Sunday,Cash
P100754,10/10/2025,Bus,Colombo - Ratnapura,7:00,73,320,23360,Friday,Card
P102547,4/7/2025,Bus,Kandy - Nuwara Eliya,17:30,88,310,27280,Monday,Mobile Payment
P103970,6/29/2025,Bus,Galle - Matara,12:00,43,210,9030,Sunday,Cash
P103374,1/22/2025,Train,Colombo - Kalutara,6:30,123,120,14760,Wednesday,Card
P104108,1/9/2025,Bus,Colombo - Kandy,15:00,26,490,12740,Thursday,Mobile Payment
P102445,6/7/2025,Bus,Kandy - Nuwara Eliya,7:00,70,290,20300,Saturday,Cash
P104381,3/27/2025,Bus,Colombo - Kurunegala,12:00,52,330,17160,Thursday,Mobile Payment
P101067,4/27/2025,Bus,Kandy - Colombo,16:00,34,440,14960,Sunday,Cash
P103914,7/4/2025,Other,Colombo - Kurunegala,15:00,13,390,5070,Friday,Card
P105288,4/24/2025,Bus,Kurunegala - Dambulla,6:30,68,240,16320,Thursday,Cash
P105388,5/14/2025,Other,Colombo - Kalutara,21:00,30,220,6600,Wednesday,Cash
P103499,8/14/2025,Bus,Kurunegala - Dambulla,16:00,55,260,14300,Thursday,Cash
P102739,7/19/2025,Other,Kandy - Colombo,14:00,29,560,16240,Saturday,Cash
P105053,3/12/2025,Bus,Colombo - Kalutara,10:00,55,190,10450,Wednesday,Cash
P104001,5/9/2025,Train,Colombo - Negombo,9:00,125,180,22500,Friday,Cash
P101569,10/29/2025,Train,Kurunegala - Dambulla,8:30,134,200,26800,Wednesday,Cash
P102428,9/8/2025,Other,Colombo - Negombo,19:00,38,280,10640,Monday,Mobile Payment
P103747,3/30/2025,Train,Colombo - Galle,8:00,116,290,33640,Sunday,Cash
P105562,10/28/2025,Other,Colombo - Ratnapura,18:30,14,370,5180,Tuesday,Mobile Payment
P101688,8/28/2025,Bus,Kandy - Nuwara Eliya,10:00,53,300,15900,Thursday,Card
P100852,4/19/2025,Train,Kurunegala - Dambulla,10:00,141,170,23970,Saturday,Cash
P103547,2/11/2025,Bus,Colombo - Kurunegala,11:00,65,360,23400,Tuesday,Cash
P100896,3/8/2025,Bus,Kurunegala - Dambulla,7:30,58,260,15080,Saturday,Card
P104593,6/11/2025,Bus,Colombo - Galle,20:00,28,440,12320,Wednesday,Cash
P100336,12/18/2025,Bus,Colombo - Galle,8:00,79,400,31600,Thursday,Cash
P102840,1/31/2025,Bus,Kurunegala - Dambulla,8:30,55,250,13750,Friday,Card
P103088,7/30/2025,Bus,Colombo - Negombo,20:00,30,260,7800,Wednesday,Card
P104612,7/5/2025,Bus,Kurunegala - Dambulla,11:00,48,260,12480,Saturday,Mobile Payment
P101349,5/7/2025,Other,Kurunegala - Dambulla,12:00,28,310,8680,Wednesday,Card
P101016,1/31/2025,Other,Colombo - Kurunegala,13:00,13,450,5850,Friday,Cash
P102817,7/18/2025,Bus,Kurunegala - Dambulla,16:00,43,270,11610,Friday,Card
P101632,3/9/2025,Bus,Colombo - Negombo,18:30,12,260,3120,Sunday,Cash
P102490,7/5/2025,Bus,Kandy - Colombo,12:00,40,450,18000,Saturday,Cash
P103731,9/26/2025,Bus,Kandy - Colombo,18:30,57,420,23940,Friday,Cash
P103252,12/31/2025,Bus,Kandy - Nuwara Eliya,8:00,83,270,22410,Wednesday,Card
P105556,7/22/2025,Train,Colombo - Kandy,11:00,111,320,35520,Tuesday,Mobile Payment
P102071,3/27/2025,Train,Colombo - Ratnapura,16:00,177,230,40710,Thursday,Card
P104453,5/19/2025,Train,Colombo - Galle,6:30,192,330,63360,Monday,Card
P105859,5/23/2025,Bus,Kurunegala - Dambulla,9:00,47,230,10810,Friday,Card
P105409,10/14/2025,Bus,Kandy - Nuwara Eliya,9:00,34,280,9520,Tuesday,Mobile Payment
P101636,12/18/2025,Bus,Colombo - Galle,14:00,57,370,21090,Thursday,Cash
P104647,10/4/2025,Train,Galle - Matara,18:30,69,150,10350,Saturday,Card
P102480,1/27/2025,Train,Colombo - Kurunegala,13:00,64,260,16640,Monday,Cash
P102266,3/10/2025,Train,Colombo - Galle,10:00,81,300,24300,Monday,Mobile Payment
P102960,9/1/2025,Train,Colombo - Galle,13:00,123,300,36900,Monday,Card
P105324,2/6/2025,Other,Colombo - Ratnapura,18:30,34,360,12240,Thursday,Card
P105673,12/3/2025,Train,Colombo - Negombo,18:30,129,190,24510,Wednesday,Mobile Payment
P103060,4/14/2025,Other,Colombo - Kalutara,18:00,22,200,4400,Monday,Cash
P105054,6/24/2025,Bus,Colombo - Kurunegala,18:30,62,350,21700,Tuesday,Card
P102142,1/2/2025,Bus,Kandy - Colombo,20:00,41,460,18860,Thursday,Mobile Payment
P105105,10/24/2025,Bus,Kandy - Nuwara Eliya,7:30,31,280,8680,Friday,Card
P103119,3/8/2025,Bus,Kandy - Colombo,9:00,58,440,25520,Saturday,Card
P105189,6/2/2025,Other,Colombo - Kalutara,7:30,51,230,11730,Monday,Mobile Payment
P105665,1/24/2025,Train,Colombo - Kurunegala,10:00,83,290,24070,Friday,Mobile Payment
P104046,12/17/2025,Bus,Kurunegala - Dambulla,6:30,53,250,13250,Wednesday,Cash
P103357,7/22/2025,Train,Galle - Matara,20:00,82,150,12300,Tuesday,Mobile Payment
P102745,12/19/2025,Train,Galle - Matara,16:00,112,150,16800,Friday,Card
P105093,7/20/2025,Train,Colombo - Kurunegala,14:00,118,260,30680,Sunday,Card
P103507,10/12/2025,Other,Kandy - Colombo,15:00,26,590,15340,Sunday,Cash
P101680,7/7/2025,Train,Colombo - Kandy,18:00,124,360,44640,Monday,Cash
P104250,3/6/2025,Other,Galle - Matara,18:30,24,220,5280,Thursday,Mobile Payment
P103148,5/26/2025,Train,Kandy - Nuwara Eliya,18:00,130,210,27300,Monday,Cash
P102295,10/21/2025,Bus,Kandy - Colombo,18:00,62,430,26660,Tuesday,Card
P100581,8/19/2025,Bus,Galle - Matara,8:00,54,190,10260,Tuesday,Cash
P101471,9/21/2025,Train,Colombo - Kandy,16:00,102,320,32640,Sunday,Cash
P104800,2/25/2025,Train,Kurunegala - Dambulla,15:00,152,190,28880,Tuesday,Cash
P104071,3/19/2025,Bus,Kandy - Nuwara Eliya,13:00,19,280,5320,Wednesday,Cash
P105309,4/2/2025,Train,Kandy - Colombo,8:00,125,330,41250,Wednesday,Card
P103344,1/7/2025,Bus,Colombo - Galle,18:00,58,430,24940,Tuesday,Cash
P104993,11/6/2025,Bus,Colombo - Kandy,17:00,60,470,28200,Thursday,Cash
P104584,5/17/2025,Train,Colombo - Kalutara,18:30,229,150,34350,Saturday,Cash
P103673,11/1/2025,Train,Galle - Matara,12:00,160,150,24000,Saturday,Cash
P100560,8/11/2025,Train,Galle - Matara,9:00,158,140,22120,Monday,Cash
P105238,9/28/2025,Train,Colombo - Negombo,6:30,132,200,26400,Sunday,Card
P105216,11/23/2025,Train,Colombo - Kurunegala,15:00,171,260,44460,Sunday,Cash
P102850,1/6/2025,Bus,Galle - Matara,11:00,54,200,10800,Monday,Cash
P100513,12/12/2025,Other,Colombo - Ratnapura,13:00,22,360,7920,Friday,Cash
P104730,5/19/2025,Bus,Colombo - Kalutara,7:30,45,170,7650,Monday,Cash
P101082,12/15/2025,Bus,Colombo - Kandy,8:00,69,470,32430,Monday,Cash
P101665,11/21/2025,Other,Colombo - Ratnapura,7:00,28,360,10080,Friday,Mobile Payment
P101013,8/16/2025,Other,Colombo - Kandy,8:30,37,560,20720,Saturday,Cash
P101932,9/1/2025,Train,Colombo - Negombo,13:00,113,200,22600,Monday,Card
P101151,8/5/2025,Train,Kandy - Nuwara Eliya,18:00,239,220,52580,Tuesday,Mobile Payment
P102839,12/9/2025,Train,Colombo - Kurunegala,10:00,191,260,49660,Tuesday,Cash
P100117,9/17/2025,Train,Galle - Matara,17:30,208,150,31200,Wednesday,Cash
P100741,1/18/2025,Bus,Kurunegala - Dambulla,8:00,9,260,2340,Saturday,Cash
P105762,2/17/2025,Other,Colombo - Negombo,15:00,30,280,8400,Monday,Cash
P105178,7/23/2025,Bus,Colombo - Galle,17:00,27,440,11880,Wednesday,Cash
P103676,1/18/2025,Bus,Colombo - Negombo,19:00,44,260,11440,Saturday,Cash
P100831,2/9/2025,Bus,Colombo - Galle,17:30,47,430,20210,Sunday,Cash
P100120,4/18/2025,Bus,Galle - Matara,7:30,37,190,7030,Friday,Mobile Payment
P104753,12/31/2025,Train,Kandy - Colombo,16:00,56,350,19600,Wednesday,Cash
P105729,6/3/2025,Bus,Colombo - Galle,21:00,58,400,23200,Tuesday,Cash
P105682,11/4/2025,Bus,Colombo - Ratnapura,8:00,62,310,19220,Tuesday,Card
P105929,7/16/2025,Train,Colombo - Kandy,19:00,165,330,54450,Wednesday,Cash
P100636,1/13/2025,Bus,Colombo - Kandy,11:00,26,440,11440,Monday,Card
P104466,8/3/2025,Bus,Colombo - Galle,17:30,77,370,28490,Sunday,Cash
P104365,10/2/2025,Bus,Colombo - Kalutara,20:00,37,190,7030,Thursday,Cash
P104143,5/23/2025,Bus,Colombo - Ratnapura,7:30,57,290,16530,Friday,Cash
P100992,2/1/2025,Train,Colombo - Kalutara,18:00,100,130,13000,Saturday,Card
P100877,7/9/2025,Train,Kurunegala - Dambulla,12:00,94,180,16920,Wednesday,Mobile Payment
P104870,8/26/2025,Train,Colombo - Kandy,17:30,219,330,72270,Tuesday,Cash
P105316,9/30/2025,Bus,Kandy - Colombo,17:00,26,410,10660,Tuesday,Cash
P105223,6/6/2025,Bus,Colombo - Ratnapura,20:00,55,290,15950,Friday,Mobile Payment
P100005,3/21/2025,Bus,Colombo - Kurunegala,18:30,58,330,19140,Friday,Cash
P103052,6/26/2025,Bus,Colombo - Kurunegala,8:30,68,360,24480,Thursday,Mobile Payment
P103125,11/27/2025,Train,Colombo - Kurunegala,13:00,132,240,31680,Thursday,Mobile Payment
P102661,8/18/2025,Bus,Kandy - Nuwara Eliya,7:00,66,280,18480,Monday,Cash
P102492,5/23/2025,Bus,Colombo - Ratnapura,17:00,67,270,18090,Friday,Mobile Payment
P105174,8/20/2025,Bus,Colombo - Ratnapura,17:30,25,290,7250,Wednesday,Mobile Payment
P103855,12/26/2025,Train,Kurunegala - Dambulla,14:00,111,190,21090,Friday,Card
P104934,4/25/2025,Bus,Colombo - Negombo,17:00,67,250,16750,Friday,Card
P104778,3/14/2025,Bus,Kandy - Nuwara Eliya,14:00,41,330,13530,Friday,Cash
P101716,5/17/2025,Other,Colombo - Galle,14:00,26,470,12220,Saturday,Card
P101149,12/21/2025,Train,Colombo - Ratnapura,21:00,147,240,35280,Sunday,Card
P103262,4/12/2025,Bus,Colombo - Kalutara,8:00,65,170,11050,Saturday,Card
P100575,10/12/2025,Train,Colombo - Galle,10:00,122,330,40260,Sunday,Mobile Payment
P103770,5/23/2025,Bus,Kandy - Colombo,20:00,49,480,23520,Friday,Card
P103737,2/28/2025,Train,Colombo - Negombo,10:00,121,190,22990,Friday,Cash
P104147,2/12/2025,Bus,Colombo - Kandy,7:00,71,410,29110,Wednesday,Cash
P100854,9/20/2025,Train,Galle - Matara,20:00,149,140,20860,Saturday,Cash
P101983,9/2/2025,Bus,Colombo - Ratnapura,14:00,41,280,11480,Tuesday,Card
P102775,3/12/2025,Bus,Colombo - Kandy,19:00,47,470,22090,Wednesday,Card
P104930,5/19/2025,Other,Kandy - Nuwara Eliya,8:00,32,380,12160,Monday,Cash
P105212,11/15/2025,Bus,Colombo - Kalutara,7:00,56,170,9520,Saturday,Card
P101167,12/19/2025,Train,Kandy - Colombo,6:30,119,370,44030,Friday,Cash
P100972,7/4/2025,Other,Colombo - Negombo,18:30,38,300,11400,Friday,Card
P102702,10/12/2025,Other,Colombo - Kalutara,9:00,31,220,6820,Sunday,Cash
P104496,3/21/2025,Train,Colombo - Kurunegala,8:00,183,260,47580,Friday,Cash
P103848,1/21/2025,Train,Kandy - Nuwara Eliya,8:00,100,240,24000,Tuesday,Cash
P102369,5/3/2025,Bus,Colombo - Kurunegala,21:00,50,350,17500,Saturday,Card
P104116,10/22/2025,Bus,Colombo - Ratnapura,19:00,35,290,10150,Wednesday,Cash
P104781,8/22/2025,Bus,Kandy - Nuwara Eliya,18:00,54,330,17820,Friday,Card
P104132,8/26/2025,Bus,Colombo - Ratnapura,11:00,44,270,11880,Tuesday,Cash
P102951,11/14/2025,Train,Galle - Matara,21:00,155,150,23250,Friday,Cash
P100525,5/12/2025,Train,Kandy - Nuwara Eliya,9:00,175,220,38500,Monday,Mobile Payment
P102456,6/22/2025,Bus,Colombo - Kandy,17:30,97,440,42680,Sunday,Mobile Payment
P105017,6/13/2025,Bus,Colombo - Kalutara,8:30,74,190,14060,Friday,Mobile Payment
P101842,2/23/2025,Bus,Colombo - Galle,11:00,36,390,14040,Sunday,Cash
P100538,10/13/2025,Bus,Kandy - Nuwara Eliya,19:00,52,310,16120,Monday,Cash
P102807,12/31/2025,Train,Colombo - Negombo,8:30,159,190,30210,Wednesday,Cash
P105597,4/20/2025,Bus,Colombo - Kalutara,7:30,50,170,8500,Sunday,Cash
P104342,2/1/2025,Bus,Kandy - Colombo,19:00,54,490,26460,Saturday,Cash
P103176,9/22/2025,Bus,Colombo - Ratnapura,18:00,67,320,21440,Monday,Cash
P100785,8/29/2025,Bus,Kandy - Colombo,13:00,50,490,24500,Friday,Cash
P104058,3/11/2025,Bus,Kandy - Colombo,9:00,56,430,24080,Tuesday,Mobile Payment
P101410,4/16/2025,Train,Colombo - Ratnapura,16:00,142,210,29820,Wednesday,Card
P102538,4/25/2025,Bus,Kandy - Colombo,14:00,33,480,15840,Friday,Card
P100155,8/15/2025,Other,Colombo - Kurunegala,11:00,28,450,12600,Friday,Mobile Payment
P103010,2/16/2025,Bus,Kandy - Colombo,19:00,26,440,11440,Sunday,Card
P101687,4/28/2025,Other,Colombo - Negombo,18:30,33,280,9240,Monday,Cash
P102902,4/17/2025,Train,Kandy - Nuwara Eliya,8:30,163,240,39120,Thursday,Card
P105939,8/19/2025,Bus,Colombo - Ratnapura,18:00,77,320,24640,Tuesday,Cash
P104722,7/1/2025,Bus,Colombo - Galle,7:00,38,430,16340,Tuesday,Card
P103864,4/28/2025,Bus,Kandy - Colombo,21:00,38,450,17100,Monday,Card
P102734,10/16/2025,Other,Galle - Matara,8:30,26,230,5980,Thursday,Cash
P101896,12/11/2025,Train,Colombo - Kurunegala,19:00,185,280,51800,Thursday,Card
P105443,12/14/2025,Bus,Kandy - Colombo,18:30,59,420,24780,Sunday,Cash
P100570,2/24/2025,Bus,Colombo - Kandy,13:00,48,490,23520,Monday,Card
P101817,8/22/2025,Bus,Galle - Matara,6:30,39,190,7410,Friday,Cash
P102066,1/10/2025,Train,Kurunegala - Dambulla,18:00,144,180,25920,Friday,Cash
P100128,5/22/2025,Train,Kandy - Colombo,9:00,114,330,37620,Thursday,Cash
P103395,3/6/2025,Other,Kurunegala - Dambulla,16:00,26,290,7540,Thursday,Card
P103328,11/20/2025,Bus,Colombo - Negombo,21:00,54,250,13500,Thursday,Cash
P105978,10/18/2025,Bus,Colombo - Galle,8:00,59,430,25370,Saturday,Card
P102976,11/8/2025,Bus,Colombo - Ratnapura,13:00,25,320,8000,Saturday,Mobile Payment
P100981,11/3/2025,Bus,Colombo - Kurunegala,8:30,42,340,14280,Monday,Cash
P102301,10/7/2025,Train,Colombo - Galle,15:00,107,330,35310,Tuesday,Cash
P100191,11/27/2025,Bus,Colombo - Kalutara,17:00,45,180,8100,Thursday,Cash
P101140,6/4/2025,Train,Kurunegala - Dambulla,8:30,90,170,15300,Wednesday,Card
P105089,3/7/2025,Train,Colombo - Negombo,8:30,171,200,34200,Friday,Card
P100700,10/23/2025,Bus,Colombo - Ratnapura,13:00,42,290,12180,Thursday,Card
P105730,11/8/2025,Other,Colombo - Galle,7:00,32,490,15680,Saturday,Card
P100607,11/1/2025,Bus,Colombo - Kalutara,15:00,36,190,6840,Saturday,Card
P104277,11/18/2025,Bus,Colombo - Negombo,21:00,61,250,15250,Tuesday,Cash
P100302,3/4/2025,Bus,Colombo - Kalutara,18:00,67,190,12730,Tuesday,Mobile Payment
P103421,3/31/2025,Train,Colombo - Negombo,18:00,149,180,26820,Monday,Mobile Payment
P105776,12/14/2025,Bus,Galle - Matara,10:00,39,180,7020,Sunday,Cash
P101061,4/22/2025,Train,Colombo - Negombo,18:30,146,190,27740,Tuesday,Cash
P102566,10/19/2025,Bus,Colombo - Negombo,11:00,52,270,14040,Sunday,Cash
P105989,3/28/2025,Train,Galle - Matara,17:30,120,140,16800,Friday,Mobile Payment
P101070,12/18/2025,Bus,Colombo - Ratnapura,7:30,52,320,16640,Thursday,Card
P102525,3/13/2025,Train,Kurunegala - Dambulla,14:00,169,190,32110,Thursday,Card
P102206,5/7/2025,Other,Colombo - Kurunegala,14:00,14,410,5740,Wednesday,Cash
P101244,1/21/2025,Train,Colombo - Kalutara,9:00,118,140,16520,Tuesday,Cash
P100017,5/7/2025,Bus,Kandy - Nuwara Eliya,6:30,65,290,18850,Wednesday,Cash
P103121,7/21/2025,Bus,Kandy - Nuwara Eliya,20:00,29,280,8120,Monday,Cash
P105980,7/21/2025,Train,Galle - Matara,21:00,131,150,19650,Monday,Cash
P104643,10/5/2025,Train,Colombo - Kurunegala,17:00,118,270,31860,Sunday,Cash
P104755,12/2/2025,Train,Kandy - Nuwara Eliya,19:00,147,230,33810,Tuesday,Cash
P100816,9/11/2025,Bus,Colombo - Galle,19:00,46,410,18860,Thursday,Card
P103068,12/9/2025,Other,Colombo - Galle,11:00,18,480,8640,Tuesday,Cash
P105994,8/2/2025,Bus,Kandy - Nuwara Eliya,17:00,72,280,20160,Saturday,Cash
P105601,4/29/2025,Bus,Galle - Matara,13:00,44,220,9680,Tuesday,Cash
P100960,2/25/2025,Train,Galle - Matara,7:30,207,150,31050,Tuesday,Cash
P104894,5/17/2025,Bus,Colombo - Kurunegala,9:00,51,380,19380,Saturday,Mobile Payment
P100226,9/7/2025,Bus,Colombo - Kalutara,18:30,52,170,8840,Sunday,Cash
P103355,5/26/2025,Bus,Colombo - Ratnapura,17:00,58,270,15660,Monday,Mobile Payment
P102486,11/17/2025,Other,Colombo - Ratnapura,7:30,43,370,15910,Monday,Card
P100563,7/8/2025,Bus,Colombo - Kalutara,18:00,53,180,9540,Tuesday,Card
P103437,3/26/2025,Bus,Colombo - Kandy,11:00,46,420,19320,Wednesday,Card
P101694,1/30/2025,Bus,Colombo - Ratnapura,6:30,69,320,22080,Thursday,Card
P101046,1/12/2025,Train,Colombo - Galle,8:30,18,290,5220,Sunday,Card
P103447,7/3/2025,Train,Colombo - Ratnapura,21:00,112,220,24640,Thursday,Cash
P104566,9/7/2025,Train,Colombo - Kandy,15:00,120,330,39600,Sunday,Cash
P100955,8/8/2025,Bus,Colombo - Kalutara,18:30,67,170,11390,Friday,Card
P105977,4/12/2025,Bus,Colombo - Kalutara,19:00,40,180,7200,Saturday,Cash
P102736,5/25/2025,Train,Colombo - Galle,10:00,84,310,26040,Sunday,Cash
P105885,7/1/2025,Bus,Colombo - Kalutara,14:00,52,170,8840,Tuesday,Cash
P104736,4/22/2025,Bus,Kandy - Colombo,13:00,27,460,12420,Tuesday,Mobile Payment
P105779,6/17/2025,Train,Colombo - Ratnapura,11:00,148,210,31080,Tuesday,Cash
P101219,2/20/2025,Train,Colombo - Kandy,17:30,160,310,49600,Thursday,Mobile Payment
P105255,2/6/2025,Train,Colombo - Negombo,8:30,84,180,15120,Thursday,Card
P105512,10/22/2025,Other,Colombo - Ratnapura,9:00,29,380,11020,Wednesday,Card
P101528,7/5/2025,Bus,Kurunegala - Dambulla,12:00,28,250,7000,Saturday,Card
P103988,12/9/2025,Bus,Colombo - Kurunegala,15:00,33,340,11220,Tuesday,Cash
P105920,4/21/2025,Train,Colombo - Kurunegala,9:00,109,260,28340,Monday,Card
P101301,11/19/2025,Bus,Colombo - Kandy,7:00,26,440,11440,Wednesday,Cash
P105870,8/27/2025,Train,Colombo - Negombo,6:30,122,170,20740,Wednesday,Cash
P100161,5/8/2025,Bus,Colombo - Kalutara,13:00,24,190,4560,Thursday,Card
P104068,12/2/2025,Other,Kandy - Nuwara Eliya,15:00,28,330,9240,Tuesday,Card
P100957,8/26/2025,Bus,Colombo - Kalutara,8:00,68,190,12920,Tuesday,Cash
P103792,8/27/2025,Bus,Kurunegala - Dambulla,15:00,26,260,6760,Wednesday,Mobile Payment
P103235,2/19/2025,Bus,Galle - Matara,19:00,23,190,4370,Wednesday,Cash
P102870,9/13/2025,Bus,Colombo - Kalutara,21:00,43,160,6880,Saturday,Card
P103778,7/26/2025,Train,Colombo - Galle,10:00,64,320,20480,Saturday,Mobile Payment
P104434,9/13/2025,Other,Kurunegala - Dambulla,8:00,42,320,13440,Saturday,Cash
P104974,9/14/2025,Train,Colombo - Galle,12:00,108,300,32400,Sunday,Card
P102962,3/6/2025,Bus,Colombo - Galle,7:30,81,420,34020,Thursday,Cash
P102201,4/15/2025,Other,Colombo - Kalutara,16:00,33,230,7590,Tuesday,Cash
P100099,9/3/2025,Bus,Colombo - Kalutara,18:00,52,190,9880,Wednesday,Card
P105835,10/7/2025,Train,Galle - Matara,8:30,130,160,20800,Tuesday,Mobile Payment
P102558,12/11/2025,Bus,Galle - Matara,6:30,38,190,7220,Thursday,Cash
P103184,6/19/2025,Bus,Colombo - Negombo,19:00,57,240,13680,Thursday,Cash
P100254,4/2/2025,Bus,Kandy - Colombo,18:30,40,440,17600,Wednesday,Cash
P103924,5/25/2025,Bus,Colombo - Kalutara,11:00,29,180,5220,Sunday,Cash
P104200,2/16/2025,Train,Colombo - Kurunegala,17:00,243,240,58320,Sunday,Cash
P101446,3/28/2025,Bus,Kandy - Nuwara Eliya,12:00,32,310,9920,Friday,Cash
P105540,2/15/2025,Bus,Colombo - Galle,7:00,41,430,17630,Saturday,Cash
P101649,12/17/2025,Train,Colombo - Kurunegala,18:00,131,270,35370,Wednesday,Cash
P104683,1/24/2025,Other,Kandy - Nuwara Eliya,7:30,10,330,3300,Friday,Mobile Payment
P104724,1/17/2025,Bus,Colombo - Negombo,8:00,48,250,12000,Friday,Card
P103992,1/6/2025,Bus,Colombo - Negombo,16:00,66,230,15180,Monday,Cash
P101697,4/28/2025,Bus,Kurunegala - Dambulla,7:30,50,250,12500,Monday,Cash
P103192,12/30/2025,Other,Colombo - Kurunegala,17:00,34,420,14280,Tuesday,Cash
P104500,6/4/2025,Bus,Kurunegala - Dambulla,16:00,47,270,12690,Wednesday,Cash
P101155,11/16/2025,Train,Colombo - Negombo,6:30,111,180,19980,Sunday,Card
P102256,7/28/2025,Train,Kandy - Colombo,12:00,165,370,61050,Monday,Cash
P101683,5/13/2025,Train,Colombo - Kalutara,6:30,112,130,14560,Tuesday,Cash
P103171,5/26/2025,Train,Colombo - Negombo,17:00,171,200,34200,Monday,Cash
P102057,1/4/2025,Bus,Colombo - Negombo,6:30,88,230,20240,Saturday,Cash
P104091,7/25/2025,Train,Colombo - Kandy,8:00,89,340,30260,Friday,Card
P105854,12/1/2025,Train,Colombo - Kurunegala,8:00,145,270,39150,Monday,Cash
P103109,1/19/2025,Train,Colombo - Kandy,13:00,153,310,47430,Sunday,Card
P104549,2/16/2025,Train,Kandy - Nuwara Eliya,11:00,111,210,23310,Sunday,Cash
P103724,9/6/2025,Bus,Colombo - Kandy,20:00,46,440,20240,Saturday,Card
P105424,11/4/2025,Bus,Colombo - Kandy,8:00,68,410,27880,Tuesday,Mobile Payment
P102050,4/13/2025,Bus,Colombo - Galle,18:30,40,420,16800,Sunday,Cash
P104977,3/6/2025,Bus,Kurunegala - Dambulla,18:00,50,250,12500,Thursday,Cash
P103644,2/25/2025,Bus,Kandy - Nuwara Eliya,21:00,34,270,9180,Tuesday,Cash
P105915,12/9/2025,Bus,Colombo - Negombo,18:00,31,240,7440,Tuesday,Cash
P100624,11/11/2025,Bus,Kurunegala - Dambulla,16:00,45,260,11700,Tuesday,Cash
P100263,3/28/2025,Bus,Galle - Matara,17:30,39,220,8580,Friday,Mobile Payment
P105731,12/12/2025,Train,Galle - Matara,10:00,147,140,20580,Friday,Card
P103370,2/13/2025,Train,Colombo - Kurunegala,10:00,131,250,32750,Thursday,Card
P104062,7/31/2025,Bus,Kurunegala - Dambulla,7:30,67,270,18090,Thursday,Cash
P105535,7/8/2025,Bus,Colombo - Kurunegala,17:30,70,380,26600,Tuesday,Cash
P101803,9/30/2025,Bus,Galle - Matara,8:30,54,200,10800,Tuesday,Card
P104737,10/18/2025,Bus,Colombo - Negombo,15:00,37,250,9250,Saturday,Card
P105987,12/22/2025,Train,Colombo - Kurunegala,18:00,200,280,56000,Monday,Card
P102386,7/16/2025,Train,Kandy - Colombo,13:00,98,340,33320,Wednesday,Cash
P101960,5/31/2025,Train,Colombo - Galle,7:30,61,300,18300,Saturday,Card
P102977,8/22/2025,Train,Colombo - Kurunegala,17:00,101,260,26260,Friday,Mobile Payment
P100489,4/12/2025,Other,Colombo - Kandy,13:00,20,490,9800,Saturday,Cash
P101844,4/10/2025,Train,Kurunegala - Dambulla,17:30,124,200,24800,Thursday,Mobile Payment
P101735,12/8/2025,Bus,Colombo - Kurunegala,17:00,51,370,18870,Monday,Cash
P102912,3/2/2025,Bus,Kandy - Nuwara Eliya,18:30,51,310,15810,Sunday,Mobile Payment
P103220,4/4/2025,Train,Kurunegala - Dambulla,18:00,75,200,15000,Friday,Card
P100147,11/29/2025,Train,Kandy - Colombo,7:00,171,310,53010,Saturday,Cash
P105631,3/21/2025,Train,Colombo - Kurunegala,12:00,144,250,36000,Friday,Card
P101987,12/9/2025,Train,Colombo - Kandy,10:00,59,350,20650,Tuesday,Card
P101370,12/2/2025,Bus,Colombo - Kalutara,15:00,45,180,8100,Tuesday,Card
P102812,9/20/2025,Train,Colombo - Negombo,17:30,122,190,23180,Saturday,Card
P100660,12/4/2025,Train,Colombo - Kalutara,7:30,103,130,13390,Thursday,Mobile Payment
P101795,11/14/2025,Bus,Colombo - Negombo,19:00,64,260,16640,Friday,Card
P102512,5/17/2025,Train,Kandy - Nuwara Eliya,6:30,193,230,44390,Saturday,Cash
P103398,9/1/2025,Train,Colombo - Galle,21:00,86,310,26660,Monday,Cash
P104283,5/22/2025,Bus,Colombo - Kurunegala,20:00,35,370,12950,Thursday,Cash
P101148,5/29/2025,Train,Colombo - Kurunegala,19:00,177,260,46020,Thursday,Cash
P103273,10/7/2025,Train,Kandy - Colombo,13:00,124,350,43400,Tuesday,Cash
P100609,8/21/2025,Bus,Colombo - Kandy,11:00,38,420,15960,Thursday,Cash
P103583,6/25/2025,Bus,Colombo - Ratnapura,12:00,56,300,16800,Wednesday,Cash
P101931,5/13/2025,Train,Galle - Matara,20:00,132,160,21120,Tuesday,Card
P100198,1/18/2025,Train,Galle - Matara,18:00,59,160,9440,Saturday,Card
P102932,10/14/2025,Train,Colombo - Negombo,15:00,83,200,16600,Tuesday,Card
P102328,2/5/2025,Bus,Colombo - Galle,13:00,41,390,15990,Wednesday,Cash
P104390,11/5/2025,Bus,Kandy - Nuwara Eliya,10:00,53,300,15900,Wednesday,Mobile Payment
P100767,6/28/2025,Train,Colombo - Kandy,18:00,148,370,54760,Saturday,Cash
P104497,8/23/2025,Bus,Kurunegala - Dambulla,7:00,23,230,5290,Saturday,Mobile Payment
P104219,2/12/2025,Train,Colombo - Kandy,7:00,177,330,58410,Wednesday,Card
P103256,7/26/2025,Bus,Colombo - Kurunegala,12:00,50,340,17000,Saturday,Cash
P100203,3/16/2025,Bus,Kandy - Nuwara Eliya,16:00,35,310,10850,Sunday,Cash
P103511,10/13/2025,Bus,Kandy - Nuwara Eliya,20:00,40,320,12800,Monday,Card
P104932,2/18/2025,Bus,Colombo - Kalutara,7:30,38,190,7220,Tuesday,Card
P105536,12/22/2025,Bus,Colombo - Kalutara,17:00,57,200,11400,Monday,Cash
P101734,12/17/2025,Bus,Colombo - Negombo,15:00,52,240,12480,Wednesday,Cash
P102778,1/3/2025,Bus,Colombo - Ratnapura,18:30,56,290,16240,Friday,Cash
P101708,3/18/2025,Bus,Colombo - Kurunegala,18:30,45,360,16200,Tuesday,Cash
P105173,3/18/2025,Bus,Colombo - Ratnapura,15:00,24,310,7440,Tuesday,Card
P105250,8/17/2025,Bus,Colombo - Ratnapura,21:00,67,300,20100,Sunday,Mobile Payment
P105758,8/17/2025,Bus,Kurunegala - Dambulla,8:30,60,260,15600,Sunday,Cash
P103475,5/3/2025,Train,Colombo - Kurunegala,21:00,140,250,35000,Saturday,Mobile Payment
P100855,11/25/2025,Bus,Kandy - Colombo,21:00,39,450,17550,Tuesday,Cash
P105686,1/21/2025,Train,Galle - Matara,11:00,61,140,8540,Tuesday,Cash
P104738,2/6/2025,Bus,Kandy - Colombo,6:30,49,470,23030,Thursday,Card
P104098,7/18/2025,Bus,Colombo - Kandy,12:00,38,480,18240,Friday,Cash
P102161,12/4/2025,Train,Colombo - Ratnapura,10:00,110,240,26400,Thursday,Mobile Payment
P100699,1/16/2025,Bus,Galle - Matara,6:30,63,190,11970,Thursday,Cash
P105937,12/6/2025,Train,Kandy - Colombo,9:00,87,360,31320,Saturday,Cash
P103000,11/30/2025,Train,Kandy - Nuwara Eliya,8:00,189,210,39690,Sunday,Card
P103697,2/19/2025,Other,Colombo - Negombo,21:00,37,310,11470,Wednesday,Mobile Payment
P101637,10/14/2025,Bus,Colombo - Kandy,18:00,57,430,24510,Tuesday,Cash
P103458,6/19/2025,Train,Kandy - Colombo,10:00,141,360,50760,Thursday,Cash
P103582,5/26/2025,Train,Colombo - Ratnapura,8:00,256,210,53760,Monday,Card
P101292,7/24/2025,Bus,Colombo - Negombo,9:00,53,230,12190,Thursday,Cash
P104660,7/6/2025,Train,Colombo - Galle,17:00,228,270,61560,Sunday,Cash
P105617,10/2/2025,Train,Colombo - Kalutara,19:00,162,150,24300,Thursday,Cash
P101854,8/7/2025,Train,Kandy - Nuwara Eliya,8:00,43,240,10320,Thursday,Cash
P105233,9/16/2025,Train,Colombo - Kalutara,18:30,124,120,14880,Tuesday,Mobile Payment
P103764,5/16/2025,Bus,Galle - Matara,6:30,64,190,12160,Friday,Cash
P103305,8/6/2025,Bus,Colombo - Kurunegala,9:00,67,370,24790,Wednesday,Cash
P105897,9/28/2025,Other,Colombo - Kandy,21:00,24,500,12000,Sunday,Mobile Payment
P105728,12/6/2025,Bus,Colombo - Kandy,6:30,67,450,30150,Saturday,Cash
P103744,10/29/2025,Bus,Galle - Matara,6:30,52,200,10400,Wednesday,Cash
P103446,3/9/2025,Train,Kandy - Nuwara Eliya,17:00,206,220,45320,Sunday,Cash
P101999,3/14/2025,Bus,Kurunegala - Dambulla,12:00,41,260,10660,Friday,Cash
P100664,12/8/2025,Bus,Galle - Matara,17:30,60,190,11400,Monday,Mobile Payment
P104780,12/20/2025,Bus,Galle - Matara,17:00,57,220,12540,Saturday,Card
P105354,6/1/2025,Bus,Colombo - Kandy,9:00,39,420,16380,Sunday,Cash
P103749,5/16/2025,Bus,Kandy - Colombo,6:30,56,490,27440,Friday,Card
P104414,12/13/2025,Train,Colombo - Kandy,13:00,71,360,25560,Saturday,Cash
P104745,8/25/2025,Bus,Kandy - Colombo,9:00,39,450,17550,Monday,Cash
P105531,7/23/2025,Bus,Colombo - Ratnapura,16:00,31,320,9920,Wednesday,Card
P105576,2/17/2025,Bus,Colombo - Kalutara,20:00,43,170,7310,Monday,Mobile Payment
P100710,12/13/2025,Train,Galle - Matara,9:00,125,160,20000,Saturday,Card
P101283,12/22/2025,Train,Colombo - Negombo,12:00,80,180,14400,Monday,Cash
P105069,7/20/2025,Other,Colombo - Negombo,17:00,33,310,10230,Sunday,Cash
P102676,3/16/2025,Bus,Kandy - Nuwara Eliya,9:00,17,270,4590,Sunday,Cash
P104030,8/2/2025,Bus,Colombo - Kalutara,17:00,18,180,3240,Saturday,Cash
P101307,10/10/2025,Train,Kandy - Nuwara Eliya,18:00,205,240,49200,Friday,Card
P105497,9/19/2025,Train,Colombo - Kalutara,16:00,104,130,13520,Friday,Cash
P105505,11/20/2025,Bus,Colombo - Negombo,12:00,54,230,12420,Thursday,Mobile Payment
P102238,5/28/2025,Bus,Colombo - Kurunegala,13:00,44,320,14080,Wednesday,Card
P103303,9/11/2025,Train,Kandy - Nuwara Eliya,8:30,153,220,33660,Thursday,Card
P105593,1/9/2025,Bus,Kandy - Colombo,16:00,38,470,17860,Thursday,Cash
P102039,12/27/2025,Bus,Colombo - Kurunegala,20:00,49,330,16170,Saturday,Card
P101530,6/21/2025,Bus,Colombo - Kandy,11:00,38,460,17480,Saturday,Cash
P101664,7/17/2025,Bus,Colombo - Kurunegala,11:00,55,340,18700,Thursday,Cash
P105451,5/8/2025,Bus,Colombo - Kalutara,12:00,45,190,8550,Thursday,Cash
P105922,3/24/2025,Other,Kandy - Nuwara Eliya,11:00,36,350,12600,Monday,Mobile Payment
P105944,5/6/2025,Train,Galle - Matara,6:30,94,160,15040,Tuesday,Cash
P103628,12/22/2025,Train,Colombo - Negombo,21:00,163,200,32600,Monday,Cash
P105740,1/7/2025,Bus,Colombo - Negombo,7:30,93,260,24180,Tuesday,Mobile Payment
P105148,4/22/2025,Train,Colombo - Negombo,18:00,130,170,22100,Tuesday,Mobile Payment
P104892,7/1/2025,Bus,Colombo - Ratnapura,20:00,56,300,16800,Tuesday,Cash
P102694,7/21/2025,Bus,Colombo - Kurunegala,6:30,46,380,17480,Monday,Mobile Payment
P103061,1/16/2025,Bus,Kandy - Nuwara Eliya,17:00,55,280,15400,Thursday,Mobile Payment
P101598,8/5/2025,Bus,Kurunegala - Dambulla,8:30,66,230,15180,Tuesday,Cash
P102730,8/23/2025,Bus,Colombo - Kalutara,7:00,54,160,8640,Saturday,Cash
P102626,12/3/2025,Other,Kandy - Colombo,13:00,32,540,17280,Wednesday,Card
P103158,3/5/2025,Bus,Kandy - Nuwara Eliya,7:30,55,280,15400,Wednesday,Cash
P103315,11/24/2025,Bus,Kandy - Colombo,16:00,35,480,16800,Monday,Cash
P101723,10/21/2025,Bus,Kandy - Colombo,11:00,50,420,21000,Tuesday,Card
P105280,11/14/2025,Bus,Colombo - Kandy,17:30,57,450,25650,Friday,Cash
P101060,9/27/2025,Train,Kandy - Nuwara Eliya,17:30,148,210,31080,Saturday,Card
P104637,9/5/2025,Bus,Colombo - Ratnapura,18:00,86,320,27520,Friday,Cash
P103243,4/1/2025,Bus,Kandy - Nuwara Eliya,11:00,33,320,10560,Tuesday,Cash
P101679,1/7/2025,Bus,Kandy - Colombo,7:00,53,480,25440,Tuesday,Cash
P101758,12/3/2025,Bus,Kandy - Colombo,14:00,39,470,18330,Wednesday,Mobile Payment
P104192,6/28/2025,Train,Galle - Matara,11:00,115,160,18400,Saturday,Cash
P105117,10/18/2025,Bus,Colombo - Kalutara,13:00,44,170,7480,Saturday,Card
P100564,11/2/2025,Bus,Galle - Matara,12:00,27,190,5130,Sunday,Card
P102791,9/3/2025,Train,Colombo - Galle,18:30,98,280,27440,Wednesday,Cash
P100864,10/16/2025,Bus,Kandy - Colombo,17:00,44,440,19360,Thursday,Cash
P101485,5/1/2025,Bus,Kandy - Nuwara Eliya,20:00,36,300,10800,Thursday,Cash
P105135,10/23/2025,Other,Colombo - Kalutara,8:30,48,230,11040,Thursday,Cash
P100207,6/27/2025,Bus,Colombo - Ratnapura,8:00,51,290,14790,Friday,Cash
P104489,7/16/2025,Train,Colombo - Kalutara,13:00,94,130,12220,Wednesday,Cash
P100871,6/17/2025,Bus,Kandy - Colombo,9:00,51,420,21420,Tuesday,Cash
P104494,3/12/2025,Train,Galle - Matara,6:30,199,150,29850,Wednesday,Mobile Payment
P100503,10/25/2025,Bus,Galle - Matara,13:00,39,220,8580,Saturday,Card
P101029,3/11/2025,Bus,Kandy - Nuwara Eliya,8:00,46,300,13800,Tuesday,Mobile Payment
P103841,1/7/2025,Bus,Colombo - Kalutara,8:00,57,190,10830,Tuesday,Mobile Payment
P102691,3/11/2025,Bus,Colombo - Negombo,18:00,60,260,15600,Tuesday,Mobile Payment
P105582,10/12/2025,Bus,Kandy - Colombo,10:00,52,480,24960,Sunday,Mobile Payment
P105057,10/26/2025,Bus,Kandy - Colombo,17:30,92,430,39560,Sunday,Cash
P101571,5/29/2025,Train,Kandy - Nuwara Eliya,21:00,81,210,17010,Thursday,Card
P102774,8/14/2025,Bus,Colombo - Kurunegala,19:00,67,380,25460,Thursday,Cash
P102732,9/20/2025,Bus,Kandy - Colombo,7:30,74,490,36260,Saturday,Card
P100805,9/15/2025,Bus,Colombo - Kurunegala,8:30,31,360,11160,Monday,Card
P105848,6/25/2025,Train,Colombo - Galle,11:00,98,290,28420,Wednesday,Mobile Payment
P103646,4/6/2025,Bus,Colombo - Negombo,7:30,47,270,12690,Sunday,Card
P102455,3/25/2025,Train,Colombo - Kalutara,18:00,154,140,21560,Tuesday,Card
P104599,8/31/2025,Bus,Kandy - Colombo,17:00,62,470,29140,Sunday,Cash
P103105,4/9/2025,Bus,Galle - Matara,13:00,38,190,7220,Wednesday,Card
P104876,3/2/2025,Train,Kandy - Colombo,20:00,81,320,25920,Sunday,Mobile Payment
P100201,10/3/2025,Train,Colombo - Galle,19:00,178,320,56960,Friday,Cash
P103100,7/21/2025,Bus,Colombo - Kalutara,6:30,48,170,8160,Monday,Cash
P102279,11/3/2025,Train,Colombo - Ratnapura,18:00,174,220,38280,Monday,Card
P103562,8/10/2025,Train,Colombo - Kalutara,13:00,97,140,13580,Sunday,Mobile Payment
P104475,8/23/2025,Train,Colombo - Kurunegala,6:30,186,270,50220,Saturday,Cash
P104515,2/2/2025,Train,Kandy - Nuwara Eliya,14:00,68,210,14280,Sunday,Cash
P105795,8/3/2025,Bus,Kandy - Colombo,8:30,56,430,24080,Sunday,Card
P100392,9/28/2025,Bus,Colombo - Kandy,8:00,44,460,20240,Sunday,Cash
P105619,10/23/2025,Train,Colombo - Kandy,8:30,145,340,49300,Thursday,Card
P105259,7/7/2025,Bus,Colombo - Kurunegala,18:00,66,360,23760,Monday,Card
P101496,3/11/2025,Train,Colombo - Kandy,13:00,80,320,25600,Tuesday,Cash
P102696,8/9/2025,Bus,Colombo - Ratnapura,12:00,58,300,17400,Saturday,Cash
P102028,10/29/2025,Other,Colombo - Galle,7:30,41,510,20910,Wednesday,Cash
P105249,10/24/2025,Bus,Colombo - Galle,8:30,46,380,17480,Friday,Card
P105464,6/28/2025,Bus,Colombo - Ratnapura,11:00,44,280,12320,Saturday,Card
P102569,3/14/2025,Train,Kandy - Nuwara Eliya,14:00,101,220,22220,Friday,Cash
P100065,7/21/2025,Bus,Colombo - Kalutara,7:30,54,170,9180,Monday,Cash
P103885,4/12/2025,Train,Kandy - Nuwara Eliya,21:00,132,240,31680,Saturday,Cash
P102063,4/3/2025,Train,Colombo - Galle,15:00,134,310,41540,Thursday,Mobile Payment
P105277,9/2/2025,Bus,Colombo - Galle,14:00,25,390,9750,Tuesday,Cash
P100493,8/1/2025,Bus,Kandy - Colombo,16:00,49,420,20580,Friday,Mobile Payment
P100380,2/5/2025,Bus,Galle - Matara,14:00,33,220,7260,Wednesday,Mobile Payment
P104860,11/9/2025,Train,Colombo - Kandy,20:00,118,320,37760,Sunday,Card
P103994,5/12/2025,Bus,Colombo - Kurunegala,9:00,20,330,6600,Monday,Cash
P104888,10/10/2025,Train,Galle - Matara,8:00,108,150,16200,Friday,Card
P101077,11/10/2025,Bus,Kandy - Colombo,6:30,54,420,22680,Monday,Cash
P100879,5/4/2025,Bus,Kandy - Colombo,9:00,42,480,20160,Sunday,Mobile Payment
P100338,9/18/2025,Train,Colombo - Galle,13:00,155,320,49600,Thursday,Mobile Payment
P101017,6/11/2025,Bus,Colombo - Kandy,12:00,43,410,17630,Wednesday,Cash
P101276,12/16/2025,Bus,Colombo - Kurunegala,13:00,58,380,22040,Tuesday,Mobile Payment
P103799,5/24/2025,Bus,Colombo - Kandy,14:00,53,490,25970,Saturday,Cash
P104552,9/16/2025,Bus,Colombo - Galle,7:30,92,360,33120,Tuesday,Card
P103343,12/26/2025,Train,Colombo - Kandy,8:30,144,370,53280,Friday,Cash
P104912,3/18/2025,Train,Kurunegala - Dambulla,10:00,96,200,19200,Tuesday,Card
P100996,6/10/2025,Bus,Colombo - Negombo,7:00,51,260,13260,Tuesday,Cash
P101982,6/5/2025,Train,Galle - Matara,7:00,100,160,16000,Thursday,Cash
P104298,2/11/2025,Bus,Colombo - Galle,11:00,20,390,7800,Tuesday,Cash
P100162,2/1/2025,Train,Colombo - Kurunegala,10:00,143,250,35750,Saturday,Card
P105676,7/16/2025,Bus,Kandy - Colombo,16:00,50,420,21000,Wednesday,Cash
P104799,3/10/2025,Bus,Colombo - Kalutara,7:00,33,190,6270,Monday,Cash
P101501,8/5/2025,Bus,Colombo - Kalutara,12:00,55,190,10450,Tuesday,Cash
P103844,6/26/2025,Bus,Kurunegala - Dambulla,7:00,73,270,19710,Thursday,Cash
P105226,12/29/2025,Bus,Kurunegala - Dambulla,13:00,53,250,13250,Monday,Card
P102614,8/27/2025,Train,Kandy - Colombo,6:30,179,320,57280,Wednesday,Cash
P103462,5/25/2025,Bus,Kandy - Colombo,6:30,49,430,21070,Sunday,Mobile Payment
P101022,7/3/2025,Bus,Colombo - Galle,15:00,52,390,20280,Thursday,Card
P103074,9/14/2025,Bus,Kandy - Colombo,12:00,22,450,9900,Sunday,Mobile Payment
P103944,11/27/2025,Bus,Colombo - Ratnapura,9:00,39,280,10920,Thursday,Cash
P101586,9/11/2025,Bus,Colombo - Kandy,14:00,36,490,17640,Thursday,Cash
P101956,12/9/2025,Other,Kurunegala - Dambulla,11:00,23,280,6440,Tuesday,Cash
P103153,7/29/2025,Train,Colombo - Negombo,21:00,89,170,15130,Tuesday,Cash
P100035,8/10/2025,Other,Kurunegala - Dambulla,10:00,17,270,4590,Sunday,Card
P104015,2/14/2025,Train,Colombo - Galle,8:00,161,330,53130,Friday,Cash
P100776,3/23/2025,Bus,Colombo - Kurunegala,9:00,41,320,13120,Sunday,Card
P102557,3/27/2025,Bus,Colombo - Kurunegala,9:00,33,320,10560,Thursday,Card
P101479,3/4/2025,Train,Colombo - Kandy,17:30,176,330,58080,Tuesday,Cash
P105487,8/6/2025,Bus,Colombo - Negombo,14:00,40,260,10400,Wednesday,Mobile Payment
P101364,5/25/2025,Train,Kurunegala - Dambulla,8:30,175,180,31500,Sunday,Card
P102613,9/23/2025,Bus,Colombo - Negombo,10:00,16,270,4320,Tuesday,Mobile Payment
P102825,7/3/2025,Bus,Kandy - Colombo,16:00,38,430,16340,Thursday,Mobile Payment
P102042,11/8/2025,Train,Colombo - Kalutara,12:00,96,130,12480,Saturday,Cash
P100242,9/6/2025,Other,Galle - Matara,10:00,19,260,4940,Saturday,Mobile Payment
P102062,8/15/2025,Bus,Kurunegala - Dambulla,18:30,40,230,9200,Friday,Card
P102364,2/10/2025,Bus,Colombo - Negombo,17:30,58,270,15660,Monday,Mobile Payment
P100601,2/7/2025,Bus,Colombo - Negombo,7:00,79,230,18170,Friday,Cash
P102436,1/30/2025,Bus,Colombo - Galle,7:30,74,400,29600,Thursday,Cash
P105394,4/2/2025,Train,Colombo - Negombo,15:00,107,200,21400,Wednesday,Mobile Payment
P102889,9/2/2025,Train,Kandy - Colombo,21:00,68,310,21080,Tuesday,Cash
P100647,8/30/2025,Train,Kandy - Nuwara Eliya,9:00,105,250,26250,Saturday,Mobile Payment
P103891,3/5/2025,Train,Colombo - Kurunegala,11:00,93,250,23250,Wednesday,Card
P103557,4/22/2025,Bus,Colombo - Kalutara,13:00,38,170,6460,Tuesday,Card
P103203,8/21/2025,Bus,Colombo - Kurunegala,14:00,53,360,19080,Thursday,Cash
P101529,6/18/2025,Train,Colombo - Galle,9:00,124,310,38440,Wednesday,Cash
P101268,12/7/2025,Bus,Colombo - Ratnapura,7:30,43,320,13760,Sunday,Card
P101900,3/13/2025,Train,Colombo - Galle,8:00,155,310,48050,Thursday,Card
P104659,6/22/2025,Bus,Colombo - Ratnapura,17:30,52,300,15600,Sunday,Cash
P103006,2/15/2025,Train,Colombo - Negombo,8:00,131,210,27510,Saturday,Cash
P102735,2/27/2025,Other,Colombo - Kandy,10:00,36,490,17640,Thursday,Mobile Payment
P100190,4/2/2025,Bus,Kandy - Nuwara Eliya,17:30,68,330,22440,Wednesday,Card
P101807,4/2/2025,Train,Colombo - Kurunegala,13:00,182,250,45500,Wednesday,Mobile Payment
P100976,6/20/2025,Bus,Kandy - Colombo,10:00,45,440,19800,Friday,Cash
P102748,4/29/2025,Bus,Colombo - Galle,20:00,42,370,15540,Tuesday,Mobile Payment
P102048,3/6/2025,Train,Colombo - Ratnapura,15:00,111,220,24420,Thursday,Cash
P102559,5/18/2025,Bus,Kurunegala - Dambulla,11:00,31,270,8370,Sunday,Cash
P101083,2/11/2025,Bus,Galle - Matara,7:00,94,180,16920,Tuesday,Cash
P100475,10/31/2025,Bus,Colombo - Kurunegala,12:00,27,350,9450,Friday,Cash
P102905,9/28/2025,Bus,Kurunegala - Dambulla,21:00,32,270,8640,Sunday,Cash
P104844,6/22/2025,Bus,Galle - Matara,6:30,57,190,10830,Sunday,Card
P104118,5/13/2025,Bus,Kandy - Nuwara Eliya,12:00,48,290,13920,Tuesday,Card
P103386,2/7/2025,Train,Colombo - Kandy,6:30,173,340,58820,Friday,Mobile Payment
P104556,7/11/2025,Train,Colombo - Kalutara,17:00,136,130,17680,Friday,Mobile Payment
P101185,7/10/2025,Bus,Colombo - Kandy,12:00,13,490,6370,Thursday,Cash
P105052,1/18/2025,Train,Colombo - Galle,16:00,104,290,30160,Saturday,Mobile Payment
P105312,5/19/2025,Train,Kandy - Colombo,10:00,62,310,19220,Monday,Cash
P102434,12/16/2025,Bus,Colombo - Kurunegala,9:00,57,380,21660,Tuesday,Mobile Payment
P105612,5/12/2025,Train,Colombo - Kalutara,8:30,121,130,15730,Monday,Cash
P102392,10/17/2025,Bus,Galle - Matara,21:00,53,190,10070,Friday,Card
P100770,3/20/2025,Train,Galle - Matara,19:00,200,160,32000,Thursday,Card
P101686,1/13/2025,Train,Colombo - Kandy,19:00,180,310,55800,Monday,Card
P100131,4/25/2025,Bus,Galle - Matara,7:30,56,210,11760,Friday,Cash
P102920,10/4/2025,Bus,Kandy - Nuwara Eliya,14:00,22,290,6380,Saturday,Cash
P103172,2/2/2025,Bus,Colombo - Kalutara,17:30,67,180,12060,Sunday,Card
P103445,8/13/2025,Other,Kandy - Colombo,7:30,30,560,16800,Wednesday,Mobile Payment
P105579,9/29/2025,Other,Kurunegala - Dambulla,10:00,23,280,6440,Monday,Cash
P104427,8/4/2025,Bus,Galle - Matara,12:00,38,210,7980,Monday,Cash
P105335,4/11/2025,Other,Kandy - Nuwara Eliya,14:00,14,330,4620,Friday,Card
P100467,5/29/2025,Bus,Colombo - Kalutara,13:00,64,180,11520,Thursday,Card
P105735,6/26/2025,Train,Kandy - Nuwara Eliya,8:00,112,230,25760,Thursday,Card
P103093,9/28/2025,Bus,Colombo - Kandy,12:00,45,410,18450,Sunday,Card
P103773,2/1/2025,Bus,Kandy - Colombo,18:30,51,440,22440,Saturday,Card
P105192,6/19/2025,Train,Colombo - Kalutara,13:00,64,120,7680,Thursday,Card
P105227,1/22/2025,Train,Kandy - Nuwara Eliya,9:00,109,240,26160,Wednesday,Card
P105391,5/19/2025,Bus,Colombo - Ratnapura,17:00,37,320,11840,Monday,Cash
P100861,12/1/2025,Train,Colombo - Kurunegala,10:00,73,260,18980,Monday,Card
